date,store,product,category,qty,price,amount,customer_id
2025-01-01,Tokyo,P012,A,3,2750,8250.0,C0130
2025-01-01,Tokyo,P013,B,1,3780,3780.0,C0061
2025-01-01,Tokyo,P002,C,3,4900,14700.0,C0220
2025-01-01,Tokyo,P012,A,3,4140,12420.0,C0154
2025-01-01,Tokyo,P002,C,4,2800,11200.0,C0150
2025-01-01,Tokyo,P006,A,1,4700,4700.0,C0234
2025-01-01,Tokyo,P010,B,2,4290,8580.0,C0164
2025-01-01,Tokyo,P007,B,2,1900,3800.0,C0028
2025-01-01,Tokyo,P009,A,4,1250,5000.0,C0257
2025-01-01,Tokyo,P013,B,2,3520,7040.0,C0050
2025-01-01,Osaka,P011,C,2,1270,2540.0,C0291
2025-01-01,Osaka,P007,B,4,3710,14840.0,C0233
2025-01-01,Osaka,P012,A,1,2450,2450.0,C0140
2025-01-01,Osaka,P008,C,1,3180,3180.0,C0047
2025-01-01,Osaka,P012,A,3,4690,14070.0,C0223
2025-01-01,Osaka,P006,A,4,2640,10560.0,C0098
2025-01-01,Osaka,P014,C,2,1300,2600.0,C0141
2025-01-01,Osaka,P012,A,1,2850,2850.0,C0039
2025-01-01,Osaka,P011,C,2,2320,4640.0,C0068
2025-01-01,Osaka,P009,A,3,4760,14280.0,C0131
2025-01-01,Osaka,P003,A,4,3510,14040.0,C0210
2025-01-01,Osaka,P002,C,2,4070,8140.0,C0249
2025-01-01,Osaka,P007,B,4,4360,17440.0,C0116
2025-01-01,Osaka,P014,C,2,1950,3900.0,C0205
2025-01-01,Osaka,P010,B,1,4330,4330.0,C0060
2025-01-01,Osaka,P013,B,1,4180,4180.0,C0236
2025-01-01,Osaka,P012,A,3,2880,8640.0,C0211
2025-01-01,Nagoya,P012,A,3,2830,8490.0,C0152
2025-01-01,Nagoya,P009,A,1,1550,1550.0,C0074
2025-01-01,Nagoya,P002,C,2,3670,7340.0,C0196
2025-01-01,Nagoya,P008,C,4,3260,13040.0,C0024
2025-01-01,Nagoya,P012,A,3,3530,10590.0,C0170
2025-01-01,Nagoya,P009,A,1,3230,3230.0,C0238
2025-01-01,Nagoya,P005,C,3,1120,3360.0,C0104
2025-01-01,Nagoya,P007,B,4,1850,7400.0,C0083
2025-01-01,Nagoya,P007,B,4,4410,17640.0,C0011
2025-01-01,Nagoya,P004,B,4,1230,4920.0,C0256
2025-01-01,Nagoya,P005,C,4,2170,8680.0,C0130
2025-01-01,Nagoya,P010,B,1,3220,3220.0,C0151
2025-01-02,Tokyo,P015,A,3,2630,7890.0,C0122
2025-01-02,Tokyo,P007,B,4,2280,9120.0,C0050
2025-01-02,Tokyo,P006,A,1,1420,1420.0,C0027
2025-01-02,Tokyo,P012,A,3,3780,11340.0,C0139
2025-01-02,Tokyo,P011,C,1,4600,4600.0,C0150
2025-01-02,Tokyo,P015,A,1,2980,2980.0,C0209
2025-01-02,Tokyo,P008,C,2,1660,3320.0,C0114
2025-01-02,Tokyo,P004,B,2,3730,7460.0,C0189
2025-01-02,Tokyo,P010,B,2,4830,9660.0,C0027
2025-01-02,Tokyo,P006,A,1,2350,2350.0,C0288
2025-01-02,Tokyo,P006,A,4,2980,11920.0,C0210
2025-01-02,Tokyo,P007,B,2,4050,8100.0,C0290
2025-01-02,Tokyo,P004,B,4,2040,8160.0,C0215
2025-01-02,Tokyo,P012,A,2,3940,7880.0,C0082
2025-01-02,Tokyo,P002,C,1,2780,2780.0,C0270
2025-01-02,Tokyo,P002,C,2,3810,7620.0,C0061
2025-01-02,Tokyo,P011,C,2,4230,8460.0,C0174
2025-01-02,Osaka,P003,A,2,4420,8840.0,C0006
2025-01-02,Osaka,P012,A,2,3870,7740.0,C0199
2025-01-02,Osaka,P007,B,2,3500,7000.0,C0042
2025-01-02,Osaka,P009,A,1,3590,3590.0,C0188
2025-01-02,Osaka,P002,C,4,2660,10640.0,C0236
2025-01-02,Osaka,P001,B,1,2970,2970.0,C0057
2025-01-02,Osaka,P005,C,3,1570,4710.0,C0203
2025-01-02,Osaka,P002,C,1,3350,3350.0,C0238
2025-01-02,Osaka,P003,A,2,4700,9400.0,C0296
2025-01-02,Osaka,P009,A,2,2380,4760.0,C0184
2025-01-02,Osaka,P009,A,2,1090,2180.0,C0046
2025-01-02,Osaka,P015,A,2,2920,5840.0,C0140
2025-01-02,Osaka,P012,A,1,1330,1330.0,C0083
2025-01-02,Osaka,P008,C,3,2960,8880.0,C0132
2025-01-02,Osaka,P015,A,1,3280,3280.0,C0163
2025-01-02,Nagoya,P013,B,2,4810,9620.0,C0100
2025-01-02,Nagoya,P009,A,3,4390,13170.0,C0132
2025-01-02,Nagoya,P005,C,1,2450,2450.0,C0248
2025-01-02,Nagoya,P001,B,4,3170,12680.0,C0042
2025-01-02,Nagoya,P005,C,3,2260,6780.0,C0033
2025-01-02,Nagoya,P010,B,3,1470,4410.0,C0085
2025-01-02,Nagoya,P004,B,3,3920,11760.0,C0218
2025-01-02,Nagoya,P015,A,4,2280,9120.0,C0033
2025-01-02,Nagoya,P010,B,4,4900,19600.0,C0069
2025-01-02,Nagoya,P004,B,1,1560,1560.0,C0166
2025-01-02,Nagoya,P009,A,2,2230,4460.0,C0249
2025-01-02,Nagoya,P007,B,4,4850,19400.0,C0095
2025-01-02,Nagoya,P004,B,4,3530,14120.0,C0087
2025-01-02,Nagoya,P010,B,3,4620,13860.0,C0077
2025-01-03,Tokyo,P015,A,1,1650,1650.0,C0160
2025-01-03,Tokyo,P001,B,2,2740,5480.0,C0290
2025-01-03,Tokyo,P015,A,1,4560,4560.0,C0028
2025-01-03,Tokyo,P012,A,4,4560,18240.0,C0067
2025-01-03,Tokyo,P014,C,1,3070,3070.0,C0141
2025-01-03,Tokyo,P005,C,1,4080,4080.0,C0101
2025-01-03,Tokyo,P010,B,2,2490,,C0266
2025-01-03,Tokyo,P002,C,3,3980,11940.0,C0114
2025-01-03,Tokyo,P004,B,1,4740,4740.0,C0284
2025-01-03,Tokyo,P004,B,1,1490,1490.0,C0021
2025-13-40,Tokyo,P013,B,4,1610,6440.0,C0224
2025-01-03,Tokyo,P003,A,2,3390,6780.0,C0216
2025-01-03,Tokyo,P014,C,1,1780,1780.0,C0084
2025-01-03,Tokyo,P005,C,4,4100,16400.0,C0096
2025-01-03,Tokyo,P015,A,2,3000,6000.0,C0130
2025-01-03,Tokyo,P003,A,4,1050,4200.0,C0053
2025-01-03,Tokyo,P004,B,2,1520,3040.0,C0006
2025-01-03,Tokyo,P011,C,4,1480,5920.0,C0089
2025-01-03,Tokyo,P008,C,4,3770,15080.0,C0230
2025-01-03,Osaka,P007,B,1,4450,4450.0,C0241
2025-01-03,Osaka,P001,B,3,1330,3990.0,C0221
2025-01-03,Osaka,P013,B,1,2730,2730.0,C0038
2025-01-03,Osaka,P009,A,4,1320,5280.0,C0119
2025-01-03,Osaka,P015,A,2,1520,3040.0,C0147
2025-01-03,Osaka,P008,C,3,2250,6750.0,C0286
2025-01-03,Osaka,P008,C,2,4840,9680.0,C0277
2025-01-03,Osaka,P008,C,1,3380,3380.0,C0167
2025-01-03,Osaka,P003,A,3,4360,13080.0,C0032
2025-01-03,Osaka,P011,C,1,3990,3990.0,C0126
2025-01-03,Osaka,P001,B,4,1660,6640.0,C0179
2025-01-03,Osaka,P003,A,4,3950,15800.0,C0241
2025-01-03,Osaka,P007,B,2,3530,7060.0,C0235
2025-01-03,Osaka,P013,B,1,3650,3650.0,C0033
2025-01-03,Osaka,P005,C,4,2000,8000.0,C0239
2025-01-03,Nagoya,P004,B,2,3120,6240.0,C0229
2025-01-03,Nagoya,P010,B,4,4470,17880.0,C0226
2025-01-03,Nagoya,P010,B,2,2650,5300.0,C0036
2025-01-03,Nagoya,P006,A,4,2700,10800.0,C0035
2025-01-03,Nagoya,P010,B,4,4460,17840.0,C0082
2025-01-03,Nagoya,P007,B,3,1990,5970.0,C0081
2025-01-03,Nagoya,P004,B,4,3980,15920.0,C0252
2025-01-03,Nagoya,P013,B,4,1420,5680.0,C0264
2025-01-03,Nagoya,P001,B,2,3370,6740.0,C0108
2025-01-03,Nagoya,P003,A,1,4290,4290.0,C0096
2025-01-03,Nagoya,P005,C,4,1570,6280.0,C0274
2025-01-03,Nagoya,P014,C,3,1660,4980.0,C0047
2025-01-03,Nagoya,P005,C,3,1610,4830.0,C0137
2025-01-03,Nagoya,P002,C,3,1080,3240.0,C0213
2025-01-04,Tokyo,P003,A,1,4320,4320.0,C0016
2025-01-04,Tokyo,P007,B,3,3060,9180.0,C0204
2025-01-04,Tokyo,P013,B,2,4310,8620.0,C0096
2025-01-04,Tokyo,P015,A,3,3940,11820.0,C0262
2025-01-04,Tokyo,P012,A,4,3140,12560.0,C0013
2025-01-04,Tokyo,P008,C,1,4550,4550.0,C0071
2025-01-04,Tokyo,P004,B,1,3570,3570.0,C0171
2025-01-04,Tokyo,P015,A,2,2120,4240.0,C0015
2025-01-04,Tokyo,P001,B,2,4700,9400.0,C0157
2025-01-04,Tokyo,P014,C,1,1370,1370.0,C0250
2025-01-04,Osaka,P001,B,2,4690,9380.0,C0207
2025-01-04,Osaka,P002,C,4,4370,17480.0,C0240
2025-01-04,Osaka,P014,C,1,4910,4910.0,C0096
2025-01-04,Osaka,P013,B,3,4110,12330.0,C0188
2025-01-04,Osaka,P010,B,3,4110,12330.0,C0221
2025-01-04,Osaka,P003,A,4,3140,12560.0,C0097
2025-01-04,Osaka,P008,C,4,4430,17720.0,C0250
2025-01-04,Osaka,P007,B,4,2540,10160.0,C0206
2025-01-04,Osaka,P010,B,1,2060,2060.0,C0019
2025-01-04,Osaka,P003,A,2,2910,5820.0,C0050
2025-01-04,Osaka,P007,B,3,1930,5790.0,C0102
2025-01-04,Nagoya,P008,C,2,3940,7880.0,C0098
2025-01-04,Nagoya,P007,B,2,1730,3460.0,C0206
2025-01-04,Nagoya,P004,B,2,4170,8340.0,C0284
2025-01-04,Nagoya,P011,C,4,4410,17640.0,C0144
2025-01-04,Nagoya,P012,A,2,2840,5680.0,C0161
2025-01-04,Nagoya,P015,A,4,2950,11800.0,C0196
2025-01-04,Nagoya,P004,B,4,3210,12840.0,C0160
2025-01-04,Nagoya,P012,A,3,1280,3840.0,C0087
2025-01-04,Nagoya,P003,A,3,1140,3420.0,C0061
2025-01-04,Nagoya,P009,A,3,3010,9030.0,C0258
2025-01-04,Nagoya,P014,C,1,4810,4810.0,C0184
2025-01-04,Nagoya,P010,B,1,3480,3480.0,C0217
2025-01-04,Nagoya,P009,A,1,3090,3090.0,C0280
2025-01-05,Tokyo,P003,A,4,4830,19320.0,C0051
2025-01-05,Tokyo,P013,B,2,3370,6740.0,C0134
2025-01-05,Tokyo,P012,A,4,4180,16720.0,C0279
2025-01-05,Tokyo,P015,A,1,2010,2010.0,C0216
2025-01-05,Tokyo,P009,A,1,1380,1380.0,C0156
2025-01-05,Tokyo,P010,B,1,1680,1680.0,C0039
2025-01-05,Tokyo,P009,A,1,3280,3280.0,C0143
2025-01-05,Tokyo,P007,B,3,3090,9270.0,C0218
2025-01-05,Tokyo,P012,A,4,4190,16760.0,C0155
2025-01-05,Tokyo,P008,C,1,3390,3390.0,C0042
2025-01-05,Tokyo,P014,C,4,1470,5880.0,C0236
2025-01-05,Tokyo,P002,C,3,1350,4050.0,C0146
2025-01-05,Tokyo,P010,B,3,2670,8010.0,C0276
2025-01-05,Tokyo,P012,A,1,3680,3680.0,C0219
2025-01-05,Tokyo,P006,A,3,4590,13770.0,C0245
2025-01-05,Tokyo,P012,A,3,2080,6240.0,C0238
2025-01-05,Tokyo,P006,A,3,2250,6750.0,C0094
2025-01-05,Osaka,P015,A,1,1340,1340.0,C0280
2025-01-05,Osaka,P009,A,2,3940,7880.0,C0115
2025-01-05,Osaka,P002,C,3,1700,5100.0,C0166
2025-01-05,Osaka,P015,A,4,2440,9760.0,C0234
2025-01-05,Osaka,P010,B,2,1550,3100.0,C0113
2025-01-05,Osaka,P010,B,4,1010,4040.0,C0215
2025-01-05,Osaka,P013,B,4,2690,10760.0,C0036
2025-01-05,Osaka,P005,C,4,4510,18040.0,C0191
2025-01-05,Osaka,P002,C,1,2910,2910.0,C0176
2025-01-05,Osaka,P001,B,3,3170,9510.0,C0004
2025-01-05,Osaka,P002,C,2,3890,7780.0,C0247
2025-01-05,Nagoya,P005,C,4,2830,11320.0,C0095
2025-01-05,Nagoya,P007,B,1,2200,2200.0,C0155
2025-01-05,Nagoya,P014,C,3,4120,12360.0,C0163
2025-01-05,Nagoya,P002,C,2,4980,9960.0,C0014
2025-01-05,Nagoya,P014,C,3,2130,6390.0,C0233
2025-01-05,Nagoya,P013,B,1,1420,1420.0,C0200
2025-01-05,Nagoya,P015,A,1,3660,3660.0,C0041
2025-01-05,Nagoya,P010,B,3,1360,4080.0,C0204
2025-01-05,Nagoya,P014,C,4,1110,4440.0,C0074
2025-01-05,Nagoya,P004,B,2,1570,3140.0,C0256
2025-01-05,Nagoya,P012,A,4,1790,7160.0,C0005
2025-01-05,Nagoya,P014,C,2,3620,7240.0,C0272
2025-01-05,Nagoya,P001,B,1,1020,1020.0,C0047
2025-01-05,Nagoya,P001,B,4,3420,13680.0,C0294
2025-01-06,Tokyo,P015,A,1,2150,2150.0,C0254
2025-01-06,Tokyo,P004,B,1,3670,3670.0,C0240
2025-01-06,Tokyo,P015,A,4,1480,5920.0,C0231
2025-01-06,Tokyo,P013,B,3,4270,12810.0,C0251
2025-01-06,Tokyo,P007,B,1,2820,2820.0,C0061
2025-01-06,Tokyo,P002,C,1,3780,3780.0,C0151
2025-01-06,Tokyo,P009,A,3,3190,9570.0,C0189
2025-01-06,Tokyo,P002,C,4,2790,11160.0,C0047
2025-01-06,Tokyo,P013,B,3,1210,3630.0,C0058
2025-01-06,Tokyo,P001,B,2,1390,2780.0,C0213
2025-01-06,Tokyo,P008,C,4,3990,15960.0,C0183
2025-01-06,Tokyo,P008,C,1,1280,1280.0,C0185
2025-01-06,Tokyo,P001,B,1,1870,1870.0,C0265
2025-01-06,Tokyo,P007,B,3,2640,7920.0,C0052
2025-01-06,Tokyo,P006,A,1,4080,4080.0,C0055
2025-01-06,Tokyo,P006,A,4,3360,13440.0,C0138
2025-01-06,Tokyo,P009,A,4,2010,8040.0,C0191
2025-01-06,Tokyo,P014,C,3,2780,8340.0,C0044
2025-01-06,Osaka,P015,A,3,2200,6600.0,C0126
2025-01-06,Osaka,P009,A,3,3790,11370.0,C0077
2025-01-06,Osaka,P010,B,2,4760,9520.0,C0048
2025-13-40,Osaka,P003,A,2,3030,6060.0,C0207
2025-01-06,Osaka,P007,B,4,2890,11560.0,C0039
2025-01-06,Osaka,P002,C,4,1530,6120.0,C0284
2025-01-06,Osaka,P005,C,1,2210,2210.0,C0184
2025-01-06,Osaka,P007,B,4,3440,13760.0,C0120
2025-01-06,Osaka,P010,B,4,2640,10560.0,C0046
2025-01-06,Osaka,P007,B,4,1870,7480.0,C0284
2025-01-06,Osaka,P009,A,3,2260,6780.0,C0276
2025-01-06,Osaka,P001,B,2,2670,5340.0,C0143
2025-01-06,Nagoya,P003,A,1,1380,1380.0,C0172
2025-01-06,Nagoya,P006,A,3,3350,10050.0,C0210
2025-01-06,Nagoya,P009,A,3,3340,10020.0,C0196
2025-01-06,Nagoya,P010,B,2,1980,3960.0,C0236
2025-01-06,Nagoya,P006,A,3,1780,5340.0,C0129
2025-01-06,Nagoya,P008,C,3,3100,9300.0,C0108
2025-01-06,Nagoya,P015,A,3,4230,12690.0,C0221
2025-01-06,Nagoya,P009,A,4,1510,6040.0,C0276
2025-01-06,Nagoya,P013,B,3,3930,11790.0,C0156
2025-01-06,Nagoya,P005,C,4,1980,7920.0,C0095
2025-01-06,Nagoya,P008,C,4,2530,10120.0,C0148
2025-01-06,Nagoya,P001,B,1,1220,1220.0,C0022
2025-01-06,Nagoya,P014,C,4,4280,17120.0,C0017
2025-01-06,Nagoya,P002,C,2,3260,6520.0,C0100
2025-01-07,Tokyo,P003,A,3,2250,6750.0,C0020
2025-01-07,Tokyo,P012,A,4,1050,4200.0,C0131
2025-01-07,Tokyo,P013,B,3,4420,13260.0,C0125
2025-01-07,Tokyo,P006,A,3,1610,4830.0,C0072
2025-01-07,Tokyo,P010,B,3,1470,4410.0,C0152
2025-01-07,Tokyo,P006,A,3,4830,14490.0,C0023
2025-01-07,Tokyo,P015,A,2,4080,8160.0,C0127
2025-01-07,Tokyo,P005,C,4,3750,15000.0,C0044
2025-01-07,Tokyo,P011,C,4,2550,10200.0,C0277
2025-01-07,Tokyo,P010,B,2,1040,2080.0,C0202
2025-01-07,Tokyo,P004,B,4,3100,12400.0,C0140
2025-01-07,Tokyo,P003,A,3,1660,4980.0,C0125
2025-01-07,Tokyo,P013,B,4,4950,19800.0,C0287
2025-01-07,Tokyo,P009,A,1,4350,4350.0,C0240
2025-01-07,Osaka,P010,B,1,3010,3010.0,C0135
2025-01-07,Osaka,P013,B,2,2310,4620.0,C0024
2025-01-07,Osaka,P013,B,4,1160,4640.0,C0130
2025-01-07,Osaka,P008,C,2,4670,9340.0,C0046
2025-01-07,Osaka,P005,C,1,1970,1970.0,C0272
2025-01-07,Osaka,P015,A,1,3520,3520.0,C0070
2025-01-07,Osaka,P003,A,2,1770,3540.0,C0147
2025-01-07,Osaka,P015,A,3,3890,11670.0,C0148
2025-01-07,Osaka,P001,B,1,2070,2070.0,C0073
2025-01-07,Osaka,P013,B,4,4410,17640.0,C0191
2025-01-07,Osaka,P009,A,3,2620,7860.0,C0201
2025-01-07,Osaka,P012,A,4,3450,13800.0,C0018
2025-01-07,Osaka,P011,C,2,3970,7940.0,C0162
2025-01-07,Osaka,P014,C,2,4720,9440.0,C0253
2025-01-07,Osaka,P005,C,2,3120,6240.0,C0230
2025-01-07,Osaka,P011,C,4,2470,9880.0,C0151
2025-01-07,Osaka,P007,B,4,2210,8840.0,C0176
2025-01-07,Osaka,P002,C,4,2530,10120.0,C0102
2025-01-07,Osaka,P009,A,2,4390,8780.0,C0159
2025-01-07,Nagoya,P002,C,1,2590,2590.0,C0299
2025-01-07,Nagoya,P014,C,3,3520,10560.0,C0118
2025-01-07,Nagoya,P003,A,1,2350,2350.0,C0095
2025-01-07,Nagoya,P003,A,2,1090,2180.0,C0182
2025-01-07,Nagoya,P014,C,3,2790,8370.0,C0126
2025-01-07,Nagoya,P005,C,1,3390,3390.0,C0170
2025-01-07,Nagoya,P001,B,2,2110,4220.0,C0051
2025-01-07,Nagoya,P011,C,3,3530,10590.0,C0214
2025-01-07,Nagoya,P015,A,4,3480,13920.0,C0263
2025-01-07,Nagoya,P008,C,4,4040,16160.0,C0195
2025-01-07,Nagoya,P014,C,3,3880,11640.0,C0086
2025-01-07,Nagoya,P015,A,3,4120,12360.0,C0138
2025-01-07,Nagoya,P014,C,1,1450,1450.0,C0152
2025-01-07,Nagoya,P011,C,4,2760,11040.0,C0195
2025-01-07,Nagoya,P009,A,4,3610,14440.0,C0125
2025-01-08,Tokyo,P002,C,4,1610,6440.0,C0087
2025-01-08,Tokyo,P013,B,3,4880,14640.0,C0225
2025-01-08,Tokyo,P010,B,2,1010,2020.0,C0038
2025-01-08,Tokyo,P005,C,1,3030,3030.0,C0233
2025-01-08,Tokyo,P015,A,2,4500,9000.0,C0295
2025-01-08,Tokyo,P013,B,2,2300,4600.0,C0293
2025-01-08,Tokyo,P004,B,2,1290,2580.0,C0238
2025-01-08,Tokyo,P010,B,1,1880,1880.0,C0167
2025-01-08,Tokyo,P009,A,4,2060,8240.0,C0277
2025-01-08,Tokyo,P007,B,4,1950,7800.0,C0012
2025-01-08,Tokyo,P001,B,2,4810,9620.0,C0015
2025-01-08,Tokyo,P006,A,1,4720,4720.0,C0202
2025-01-08,Tokyo,P012,A,3,3620,10860.0,C0232
2025-01-08,Tokyo,P001,B,4,3950,15800.0,C0222
2025-01-08,Tokyo,P006,A,4,2520,10080.0,C0015
2025-01-08,Tokyo,P014,C,1,1400,1400.0,C0186
2025-01-08,Tokyo,P004,B,4,2770,11080.0,C0002
2025-01-08,Tokyo,P015,A,3,2050,6150.0,C0203
2025-01-08,Tokyo,P008,C,1,4030,4030.0,C0121
2025-01-08,Osaka,P014,C,3,3680,11040.0,C0077
2025-01-08,Osaka,P004,B,2,4410,8820.0,C0157
2025-01-08,Osaka,P006,A,4,4410,17640.0,C0270
2025-01-08,Osaka,P005,C,3,3360,10080.0,C0135
2025-01-08,Osaka,P006,A,1,2090,2090.0,C0165
2025-01-08,Osaka,P014,C,4,1750,7000.0,C0204
2025-01-08,Osaka,P002,C,3,2360,7080.0,C0135
2025-01-08,Osaka,P011,C,2,4220,8440.0,C0160
2025-01-08,Osaka,P015,A,3,2180,6540.0,C0232
2025-01-08,Osaka,P007,B,3,1540,4620.0,C0036
2025-01-08,Osaka,P009,A,1,4990,4990.0,C0256
2025-01-08,Osaka,P011,C,3,3380,10140.0,C0019
2025-01-08,Osaka,P006,A,2,4660,9320.0,C0066
2025-01-08,Osaka,P008,C,2,1530,3060.0,C0031
2025-01-08,Osaka,P006,A,1,1260,1260.0,C0105
2025-01-08,Osaka,P004,B,3,1070,3210.0,C0091
2025-01-08,Nagoya,P015,A,3,4520,13560.0,C0103
2025-01-08,Nagoya,P007,B,2,4540,9080.0,C0287
2025-01-08,Nagoya,P015,A,4,3010,12040.0,C0162
2025-01-08,Nagoya,P015,A,2,2380,4760.0,C0269
2025-01-08,Nagoya,P006,A,1,3240,3240.0,C0098
2025-01-08,Nagoya,P014,C,4,2220,8880.0,C0159
2025-01-08,Nagoya,P015,A,3,1860,5580.0,C0177
2025-01-08,Nagoya,P010,B,3,1100,3300.0,C0090
2025-01-08,Nagoya,P013,B,1,2190,2190.0,C0097
2025-01-08,Nagoya,P003,A,1,2380,2380.0,C0262
2025-01-08,Nagoya,P001,B,2,1240,2480.0,C0168
2025-01-08,Nagoya,P004,B,4,3340,13360.0,C0235
2025-01-08,Nagoya,P010,B,2,4440,8880.0,C0143
2025-01-08,Nagoya,P015,A,4,3350,13400.0,C0202
2025-01-09,Tokyo,P013,B,3,4610,13830.0,C0080
2025-01-09,Tokyo,P012,A,2,1740,3480.0,C0052
2025-01-09,Tokyo,P009,A,2,1400,2800.0,C0128
2025-01-09,Tokyo,P010,B,2,4820,9640.0,C0234
2025-01-09,Tokyo,P008,C,4,2730,10920.0,C0042
2025-01-09,Tokyo,P001,B,4,4830,19320.0,C0222
2025-01-09,Tokyo,P002,C,2,1160,2320.0,C0016
2025-01-09,Tokyo,P004,B,3,1260,3780.0,C0295
2025-01-09,Tokyo,P007,B,2,3060,6120.0,C0237
2025-01-09,Tokyo,P005,C,1,1200,1200.0,C0255
2025-01-09,Tokyo,P002,C,3,2530,7590.0,C0233
2025-01-09,Tokyo,P001,B,4,3790,15160.0,C0135
2025-01-09,Osaka,P015,A,2,2960,5920.0,C0118
2025-01-09,Osaka,P004,B,2,1600,3200.0,C0001
2025-01-09,Osaka,P005,C,1,2650,2650.0,C0258
2025-01-09,Osaka,P003,A,1,1440,1440.0,C0152
2025-01-09,Osaka,P005,C,2,1110,2220.0,C0100
2025-01-09,Osaka,P007,B,2,3200,6400.0,C0234
2025-01-09,Osaka,P008,C,4,3110,12440.0,C0078
2025-01-09,Osaka,P004,B,2,3380,6760.0,C0073
2025-01-09,Osaka,P014,C,2,4450,8900.0,C0205
2025-01-09,Osaka,P006,A,1,3970,3970.0,C0099
2025-01-09,Osaka,P004,B,4,2930,11720.0,C0015
2025-01-09,Osaka,P008,C,2,4450,8900.0,C0213
2025-01-09,Nagoya,P003,A,3,1180,3540.0,C0096
2025-01-09,Nagoya,P003,A,1,4670,4670.0,C0027
2025-01-09,Nagoya,P001,B,4,1750,7000.0,C0245
2025-01-09,Nagoya,P001,B,1,1440,1440.0,C0212
2025-01-09,Nagoya,P010,B,2,1960,3920.0,C0027
2025-01-09,Nagoya,P009,A,1,3360,3360.0,C0206
2025-01-09,Nagoya,P013,B,2,1010,2020.0,C0084
2025-01-09,Nagoya,P013,B,3,3470,10410.0,C0137
2025-01-09,Nagoya,P003,A,4,4090,16360.0,C0298
2025-01-09,Nagoya,P013,B,2,2010,4020.0,C0075
2025-01-09,Nagoya,P014,C,3,2810,8430.0,C0290
2025-01-10,Tokyo,P014,C,4,1310,5240.0,C0109
2025-01-10,Tokyo,P012,A,4,1590,6360.0,C0096
2025-01-10,Tokyo,P009,A,4,1450,5800.0,C0180
2025-01-10,Tokyo,P005,C,1,3060,3060.0,C0124
2025-01-10,Tokyo,P010,B,2,4290,8580.0,C0024
2025-01-10,Tokyo,P013,B,1,3940,3940.0,C0104
2025-01-10,Tokyo,P006,A,1,3800,3800.0,C0050
2025-01-10,Tokyo,P010,B,3,4380,13140.0,C0212
2025-01-10,Tokyo,P005,C,3,4300,12900.0,C0095
2025-01-10,Tokyo,P002,C,4,1590,6360.0,C0178
2025-01-10,Tokyo,P004,B,1,4100,4100.0,C0043
2025-01-10,Tokyo,P011,C,3,1240,3720.0,C0052
2025-01-10,Tokyo,P012,A,3,1480,4440.0,C0297
2025-01-10,Tokyo,P004,B,1,4690,4690.0,C0005
2025-01-10,Tokyo,P009,A,4,3310,13240.0,C0175
2025-01-10,Tokyo,P006,A,1,3290,3290.0,C0269
2025-01-10,Osaka,P014,C,2,3140,6280.0,C0050
2025-01-10,Osaka,P010,B,1,2090,2090.0,C0216
2025-01-10,Osaka,P001,B,2,3370,6740.0,C0040
2025-01-10,Osaka,P005,C,2,3650,7300.0,C0293
2025-01-10,Osaka,P013,B,1,1070,1070.0,C0016
2025-01-10,Osaka,P009,A,1,1920,1920.0,C0254
2025-01-10,Osaka,P014,C,4,2010,8040.0,C0186
2025-01-10,Osaka,P010,B,1,3210,3210.0,C0158
2025-01-10,Osaka,P006,A,4,3710,14840.0,C0160
2025-01-10,Osaka,P011,C,4,3260,13040.0,C0081
2025-01-10,Nagoya,P011,C,4,1590,6360.0,C0126
2025-01-10,Nagoya,P014,C,3,4770,14310.0,C0004
2025-01-10,Nagoya,P001,B,4,2430,9720.0,C0156
2025-01-10,Nagoya,P007,B,2,4750,9500.0,C0029
2025-01-10,Nagoya,P012,A,4,3620,14480.0,C0119
2025-01-10,Nagoya,P003,A,3,2870,8610.0,C0045
2025-01-10,Nagoya,P006,A,4,2060,8240.0,C0054
2025-01-10,Nagoya,P011,C,1,4670,4670.0,C0257
2025-01-10,Nagoya,P015,A,4,1970,7880.0,C0064
2025-01-10,Nagoya,P006,A,2,4510,9020.0,C0220
2025-01-10,Nagoya,P010,B,4,3580,14320.0,C0114
2025-01-10,Nagoya,P007,B,3,1350,4050.0,C0222
2025-01-10,Nagoya,P010,B,3,3130,9390.0,C0235
2025-01-10,Nagoya,P015,A,3,2770,8310.0,C0032
2025-01-10,Nagoya,P012,A,4,3790,15160.0,C0259
2025-01-10,Nagoya,P013,B,4,3010,12040.0,C0030
2025-01-10,Nagoya,P001,B,1,2720,2720.0,C0223
2025-01-11,Tokyo,P001,B,1,4910,4910.0,C0296
2025-01-11,Tokyo,P006,A,4,3870,15480.0,C0279
2025-01-11,Tokyo,P014,C,3,2570,7710.0,C0188
2025-01-11,Tokyo,P005,C,2,3430,6860.0,C0171
2025-01-11,Tokyo,P009,A,2,2630,5260.0,C0004
2025-01-11,Tokyo,P010,B,3,4740,14220.0,C0151
2025-01-11,Tokyo,P008,C,1,1780,1780.0,C0102
2025-01-11,Tokyo,P006,A,2,2570,5140.0,C0230
2025-01-11,Tokyo,P002,C,2,1650,3300.0,C0093
2025-01-11,Tokyo,P011,C,1,2350,2350.0,C0008
2025-01-11,Tokyo,P015,A,3,1970,5910.0,C0060
2025-01-11,Tokyo,P002,C,2,4010,8020.0,C0175
2025-01-11,Tokyo,P014,C,2,2110,4220.0,C0143
2025-01-11,Tokyo,P004,B,4,1740,6960.0,C0144
2025-01-11,Osaka,P001,B,2,2810,5620.0,C0078
2025-01-11,Osaka,P002,C,1,1030,1030.0,C0144
2025-01-11,Osaka,P002,C,4,1970,7880.0,C0196
2025-01-11,Osaka,P011,C,2,4530,9060.0,C0034
2025-01-11,Osaka,P004,B,2,1540,3080.0,C0089
2025-01-11,Osaka,P005,C,4,2200,8800.0,C0263
2025-01-11,Osaka,P012,A,4,1420,5680.0,C0295
2025-01-11,Osaka,P010,B,4,2410,9640.0,C0285
2025-01-11,Osaka,P009,A,1,2640,2640.0,C0042
2025-01-11,Osaka,P015,A,2,1880,3760.0,C0166
2025-01-11,Osaka,P007,B,1,4260,4260.0,C0253
2025-01-11,Osaka,P012,A,3,2610,7830.0,C0163
2025-01-11,Osaka,P008,C,1,1320,1320.0,C0076
2025-01-11,Osaka,P007,B,1,1420,1420.0,C0255
2025-01-11,Osaka,P006,A,3,3090,9270.0,C0220
2025-01-11,Nagoya,P005,C,4,2480,9920.0,C0250
2025-01-11,Nagoya,P007,B,1,4040,4040.0,C0010
2025-01-11,Nagoya,P012,A,1,1820,1820.0,C0181
2025-01-11,Nagoya,P015,A,2,1480,2960.0,C0070
2025-01-11,Nagoya,P014,C,3,1400,4200.0,C0116
2025-01-11,Nagoya,P004,B,1,4380,4380.0,C0185
2025-01-11,Nagoya,P003,A,3,2650,7950.0,C0019
2025-01-11,Nagoya,P007,B,1,1980,1980.0,C0263
2025-01-11,Nagoya,P011,C,1,4400,4400.0,C0172
2025-01-11,Nagoya,P014,C,3,2350,7050.0,C0160
2025-01-11,Nagoya,P008,C,3,1990,5970.0,C0100
2025-01-11,Nagoya,P004,B,2,1640,3280.0,C0011
2025-01-11,Nagoya,P015,A,1,4550,4550.0,C0001
2025-01-11,Nagoya,P012,A,2,3070,6140.0,C0085
2025-01-11,Nagoya,P008,C,2,3110,6220.0,C0118
2025-01-11,Nagoya,P009,A,4,2730,10920.0,C0109
2025-01-11,Nagoya,P002,C,2,1500,3000.0,C0055
2025-01-12,Tokyo,P002,C,2,4330,8660.0,C0286
2025-01-12,Tokyo,P003,A,1,2490,2490.0,C0166
2025-01-12,Tokyo,P015,A,1,1650,1650.0,C0076
2025-01-12,Tokyo,P014,C,1,2520,2520.0,C0036
2025-01-12,Tokyo,P003,A,4,1000,4000.0,C0097
2025-01-12,Tokyo,P014,C,3,1280,3840.0,C0140
2025-01-12,Tokyo,P015,A,2,3110,6220.0,C0160
2025-01-12,Tokyo,P010,B,1,4350,4350.0,C0296
2025-01-12,Tokyo,P003,A,4,4260,17040.0,C0222
2025-01-12,Tokyo,P006,A,2,4350,8700.0,C0046
2025-01-12,Tokyo,P013,B,4,3720,14880.0,C0103
2025-01-12,Tokyo,P009,A,1,4720,4720.0,C0103
2025-01-12,Tokyo,P001,B,4,3630,14520.0,C0187
2025-01-12,Tokyo,P001,B,4,3540,14160.0,C0238
2025-01-12,Tokyo,P013,B,1,1840,1840.0,C0277
2025-01-12,Tokyo,P008,C,2,2140,4280.0,C0192
2025-01-12,Tokyo,P012,A,1,3210,3210.0,C0298
2025-01-12,Tokyo,P005,C,2,4510,9020.0,C0019
2025-01-12,Tokyo,P006,A,2,4190,8380.0,C0039
2025-01-12,Osaka,P003,A,4,3520,14080.0,C0149
2025-01-12,Osaka,P006,A,1,4680,4680.0,C0194
2025-01-12,Osaka,P005,C,2,3900,7800.0,C0216
2025-01-12,Osaka,P007,B,2,3630,7260.0,C0197
2025-01-12,Osaka,P009,A,1,2890,2890.0,C0184
2025-01-12,Osaka,P015,A,3,2370,7110.0,C0167
2025-01-12,Osaka,P003,A,1,3710,3710.0,C0295
2025-01-12,Osaka,P013,B,3,1160,3480.0,C0296
2025-01-12,Osaka,P007,B,2,4560,9120.0,C0224
2025-01-12,Osaka,P012,A,2,4960,9920.0,C0136
2025-01-12,Osaka,P008,C,4,3630,14520.0,C0052
2025-01-12,Osaka,P005,C,2,4790,9580.0,C0214
2025-01-12,Osaka,P006,A,3,3950,11850.0,C0118
2025-01-12,Osaka,P007,B,4,3240,12960.0,C0045
2025-01-12,Nagoya,P009,A,3,3900,11700.0,C0272
2025-01-12,Nagoya,P005,C,2,1750,3500.0,C0194
2025-01-12,Nagoya,P007,B,2,3780,7560.0,C0123
2025-01-12,Nagoya,P007,B,2,2030,4060.0,C0038
2025-01-12,Nagoya,P013,B,1,2290,2290.0,C0200
2025-01-12,Nagoya,P002,C,3,3930,11790.0,C0199
2025-01-12,Nagoya,P005,C,1,4540,4540.0,C0098
2025-01-12,Nagoya,P013,B,1,1640,1640.0,C0233
2025-01-12,Nagoya,P015,A,4,4000,16000.0,C0074
2025-01-12,Nagoya,P014,C,3,1680,5040.0,C0039
2025-01-12,Nagoya,P014,C,2,4060,8120.0,C0042
2025-01-12,Nagoya,P005,C,2,2120,4240.0,C0202
2025-01-12,Nagoya,P014,C,4,3960,15840.0,C0061
2025-01-12,Nagoya,P015,A,3,3180,9540.0,C0210
2025-01-12,Nagoya,P012,A,4,3320,13280.0,C0183
2025-01-12,Nagoya,P012,A,2,2230,4460.0,C0188
2025-01-12,Nagoya,P001,B,2,3870,7740.0,C0292
2025-01-13,Tokyo,P006,A,2,3740,7480.0,C0163
2025-01-13,Tokyo,P001,B,3,2600,7800.0,C0210
2025-01-13,Tokyo,P014,C,4,3440,13760.0,C0109
2025-01-13,Tokyo,P007,B,1,4740,4740.0,C0254
2025-01-13,Tokyo,P013,B,2,2280,4560.0,C0257
2025-01-13,Tokyo,P009,A,3,2950,8850.0,C0133
2025-01-13,Tokyo,P010,B,4,2330,9320.0,C0242
2025-01-13,Tokyo,P004,B,2,4650,9300.0,C0286
2025-01-13,Tokyo,P014,C,2,4370,8740.0,C0280
2025-01-13,Tokyo,P015,A,1,3970,3970.0,C0299
2025-01-13,Tokyo,P012,A,1,4050,4050.0,C0032
2025-01-13,Tokyo,P008,C,3,2820,8460.0,C0210
2025-01-13,Tokyo,P004,B,3,3570,10710.0,C0190
2025-01-13,Tokyo,P005,C,2,2030,4060.0,C0139
2025-01-13,Tokyo,P009,A,2,2630,5260.0,C0086
2025-01-13,Osaka,P010,B,4,2160,8640.0,C0258
2025-01-13,Osaka,P009,A,1,2460,2460.0,C0003
2025-01-13,Osaka,P001,B,2,2810,5620.0,C0239
2025-01-13,Osaka,P003,A,4,1930,7720.0,C0042
2025-01-13,Osaka,P011,C,4,3410,13640.0,C0035
2025-01-13,Osaka,P002,C,2,2800,5600.0,C0299
2025-01-13,Osaka,P005,C,1,4780,4780.0,C0047
2025-01-13,Osaka,P001,B,2,2600,5200.0,C0186
2025-01-13,Osaka,P014,C,4,2150,8600.0,C0294
2025-01-13,Osaka,P010,B,1,4750,4750.0,C0042
2025-01-13,Osaka,P009,A,4,1990,7960.0,C0081
2025-01-13,Osaka,P008,C,4,1890,7560.0,C0199
2025-01-13,Nagoya,P002,C,3,4330,12990.0,C0173
2025-01-13,Nagoya,P003,A,1,2690,2690.0,C0152
2025-01-13,Nagoya,P009,A,1,3000,3000.0,C0089
2025-01-13,Nagoya,P011,C,4,3610,14440.0,C0001
2025-01-13,Nagoya,P015,A,1,4990,4990.0,C0010
2025-01-13,Nagoya,P008,C,1,1380,1380.0,C0205
2025-01-13,Nagoya,P011,C,1,4900,4900.0,C0096
2025-01-13,Nagoya,P005,C,2,2840,5680.0,C0054
2025-01-13,Nagoya,P007,B,1,1200,1200.0,C0111
2025-01-13,Nagoya,P011,C,4,2410,9640.0,C0097
2025-01-13,Nagoya,P012,A,3,4320,12960.0,C0271
2025-01-13,Nagoya,P013,B,4,2660,10640.0,C0119
2025-01-13,Nagoya,P005,C,1,3990,3990.0,C0214
2025-01-13,Nagoya,P013,B,1,2960,2960.0,C0067
2025-01-14,Tokyo,P005,C,1,3270,3270.0,C0263
2025-01-14,Tokyo,P014,C,1,2300,2300.0,C0046
2025-01-14,Tokyo,P005,C,3,2120,6360.0,C0021
2025-01-14,Tokyo,P008,C,1,1900,1900.0,C0001
2025-01-14,Tokyo,P002,C,2,4400,8800.0,C0232
2025-01-14,Tokyo,P002,C,1,2350,2350.0,C0196
2025-01-14,Tokyo,P012,A,4,2360,9440.0,C0051
2025-01-14,Tokyo,P001,B,1,1260,1260.0,C0258
2025-01-14,Tokyo,P005,C,4,3210,12840.0,C0162
2025-01-14,Tokyo,P007,B,4,1170,4680.0,C0028
2025-01-14,Tokyo,P007,B,2,3180,6360.0,C0221
2025-01-14,Tokyo,P009,A,2,2300,4600.0,C0225
2025-01-14,Tokyo,P004,B,3,3150,9450.0,C0225
2025-01-14,Tokyo,P011,C,2,2230,4460.0,C0111
2025-01-14,Tokyo,P007,B,1,3500,3500.0,C0063
2025-01-14,Tokyo,P010,B,4,4840,19360.0,C0036
2025-01-14,Tokyo,P012,A,1,2340,2340.0,C0053
2025-01-14,Tokyo,P003,A,1,1170,1170.0,C0247
2025-01-14,Osaka,P006,A,3,4960,14880.0,C0256
2025-01-14,Osaka,P003,A,4,3610,14440.0,C0054
2025-01-14,Osaka,P007,B,4,2570,10280.0,C0055
2025-01-14,Osaka,P014,C,4,4900,19600.0,C0286
2025-01-14,Osaka,P014,C,2,1760,3520.0,C0185
2025-01-14,Osaka,P004,B,2,3620,7240.0,C0284
2025-01-14,Osaka,P005,C,2,3930,7860.0,C0002
2025-01-14,Osaka,P009,A,3,3200,9600.0,C0115
2025-01-14,Osaka,P013,B,2,3840,7680.0,C0139
2025-01-14,Osaka,P001,B,3,1190,3570.0,C0279
2025-01-14,Nagoya,P006,A,2,3470,6940.0,C0078
2025-01-14,Nagoya,P005,C,2,2030,4060.0,C0227
2025-01-14,Nagoya,P002,C,4,2390,9560.0,C0168
2025-01-14,Nagoya,P003,A,2,4010,8020.0,C0081
2025-01-14,Nagoya,P002,C,3,1640,4920.0,C0095
2025-01-14,Nagoya,P007,B,3,3550,10650.0,C0203
2025-01-14,Nagoya,P013,B,1,2440,2440.0,C0001
2025-01-14,Nagoya,P001,B,1,3390,3390.0,C0268
2025-01-14,Nagoya,P012,A,3,4110,12330.0,C0052
2025-01-14,Nagoya,P013,B,4,1380,5520.0,C0141
2025-01-14,Nagoya,P013,B,2,4360,8720.0,C0280
2025-01-14,Nagoya,P008,C,1,2360,2360.0,C0065
2025-01-14,Nagoya,P008,C,3,2850,8550.0,C0059
2025-01-14,Nagoya,P005,C,3,1100,3300.0,C0065
2025-01-14,Nagoya,P014,C,1,2650,2650.0,C0062
2025-01-14,Nagoya,P002,C,2,3080,6160.0,C0053
2025-01-15,Tokyo,P003,A,3,4440,13320.0,C0054
2025-01-15,Tokyo,P005,C,2,2440,4880.0,C0074
2025-01-15,Tokyo,P001,B,3,2420,7260.0,C0103
2025-01-15,Tokyo,P004,B,4,3440,13760.0,C0126
2025-01-15,Tokyo,P004,B,4,4550,18200.0,C0010
2025-01-15,Tokyo,P014,C,3,1390,4170.0,C0226
2025-01-15,Tokyo,P002,C,1,1460,1460.0,C0138
2025-01-15,Tokyo,P010,B,2,1480,2960.0,C0060
2025-01-15,Tokyo,P013,B,4,4010,16040.0,C0031
2025-01-15,Tokyo,P013,B,3,3100,9300.0,C0043
2025-01-15,Osaka,P007,B,1,1830,1830.0,C0120
2025-01-15,Osaka,P001,B,2,2870,5740.0,C0284
2025-01-15,Osaka,P002,C,3,4660,13980.0,C0242
2025-01-15,Osaka,P014,C,1,4200,4200.0,C0293
2025-01-15,Osaka,P005,C,2,3120,6240.0,C0148
2025-01-15,Osaka,P005,C,4,4820,19280.0,C0114
2025-01-15,Osaka,P013,B,2,4170,8340.0,C0175
2025-01-15,Osaka,P008,C,1,3610,3610.0,C0097
2025-01-15,Osaka,P004,B,1,4920,4920.0,C0031
2025-01-15,Osaka,P012,A,4,1120,4480.0,C0177
2025-01-15,Osaka,P009,A,2,3660,7320.0,C0123
2025-01-15,Osaka,P007,B,2,4200,8400.0,C0190
2025-01-15,Osaka,P006,A,4,4200,16800.0,C0279
2025-01-15,Osaka,P011,C,2,4090,,C0099
2025-01-15,Osaka,P005,C,2,4870,9740.0,C0170
2025-01-15,Osaka,P006,A,2,2160,4320.0,C0197
2025-01-15,Osaka,P006,A,3,2470,7410.0,C0096
2025-01-15,Osaka,P015,A,2,1280,2560.0,C0114
2025-01-15,Osaka,P008,C,1,2220,2220.0,C0050
2025-01-15,Nagoya,P011,C,4,2550,10200.0,C0259
2025-01-15,Nagoya,P004,B,4,3250,13000.0,C0227
2025-01-15,Nagoya,P012,A,3,2020,6060.0,C0158
2025-01-15,Nagoya,P013,B,4,4710,18840.0,C0055
2025-01-15,Nagoya,P009,A,1,3670,3670.0,C0297
2025-01-15,Nagoya,P001,B,3,4780,14340.0,C0254
2025-01-15,Nagoya,P006,A,1,4690,4690.0,C0276
2025-01-15,Nagoya,P009,A,4,1010,4040.0,C0185
2025-01-15,Nagoya,P001,B,4,3720,14880.0,C0274
2025-01-15,Nagoya,P009,A,1,1100,1100.0,C0101
2025-01-15,Nagoya,P012,A,1,4400,4400.0,C0072
2025-01-15,Nagoya,P008,C,1,2860,2860.0,C0136
2025-01-15,Nagoya,P001,B,3,4140,12420.0,C0280
2025-01-15,Nagoya,P005,C,4,4510,18040.0,C0296
2025-01-15,Nagoya,P006,A,4,3260,13040.0,C0018
2025-01-16,Tokyo,P011,C,1,2730,2730.0,C0232
2025-01-16,Tokyo,P003,A,2,1850,3700.0,C0161
2025-01-16,Tokyo,P004,B,4,1300,5200.0,C0289
2025-01-16,Tokyo,P012,A,4,4400,17600.0,C0057
2025-01-16,Tokyo,P014,C,3,4840,14520.0,C0263
2025-01-16,Tokyo,P009,A,2,1460,2920.0,C0031
2025-01-16,Tokyo,P006,A,4,3020,12080.0,C0145
2025-01-16,Tokyo,P004,B,3,3550,10650.0,C0294
2025-01-16,Tokyo,P011,C,3,4640,13920.0,C0128
2025-01-16,Tokyo,P015,A,2,1510,3020.0,C0125
2025-01-16,Tokyo,P002,C,1,4520,4520.0,C0238
2025-01-16,Tokyo,P004,B,4,1270,5080.0,C0086
2025-01-16,Osaka,P005,C,3,4490,13470.0,C0020
2025-01-16,Osaka,P001,B,4,3080,,C0152
2025-01-16,Osaka,P007,B,2,3760,7520.0,C0174
2025-01-16,Osaka,P003,A,3,3670,11010.0,C0034
2025-01-16,Osaka,P006,A,4,3470,13880.0,C0041
2025-01-16,Osaka,P001,B,3,2840,8520.0,C0288
2025-01-16,Osaka,P008,C,4,1850,7400.0,C0134
2025-01-16,Osaka,P003,A,3,1750,5250.0,C0148
2025-01-16,Osaka,P006,A,1,1380,1380.0,C0154
2025-01-16,Osaka,P015,A,1,2610,2610.0,C0068
2025-01-16,Osaka,P013,B,2,4890,9780.0,C0074
2025-01-16,Osaka,P002,C,3,3600,10800.0,C0297
2025-01-16,Osaka,P014,C,4,3530,14120.0,C0108
2025-01-16,Osaka,P007,B,1,2720,2720.0,C0109
2025-01-16,Osaka,P001,B,1,3130,3130.0,C0111
2025-01-16,Osaka,P015,A,2,4830,9660.0,C0198
2025-01-16,Osaka,P001,B,1,3820,3820.0,C0163
2025-01-16,Nagoya,P008,C,4,2550,10200.0,C0014
2025-01-16,Nagoya,P005,C,4,4040,16160.0,C0251
2025-01-16,Nagoya,P014,C,1,2130,2130.0,C0018
2025-01-16,Nagoya,P001,B,4,4740,18960.0,C0047
2025-01-16,Nagoya,P011,C,3,1270,3810.0,C0274
2025-01-16,Nagoya,P014,C,3,3830,11490.0,C0119
2025-01-16,Nagoya,P012,A,2,4950,9900.0,C0019
2025-01-16,Nagoya,P003,A,4,2150,8600.0,C0093
2025-01-16,Nagoya,P012,A,1,3050,3050.0,C0086
2025-01-16,Nagoya,P003,A,4,1790,7160.0,C0029
2025-01-16,Nagoya,P011,C,4,1500,6000.0,C0212
2025-01-16,Nagoya,P009,A,4,1500,6000.0,C0292
2025-01-16,Nagoya,P010,B,4,2440,9760.0,C0283
2025-01-17,Tokyo,P002,C,4,4180,16720.0,C0090
2025-01-17,Tokyo,P009,A,2,3170,6340.0,C0289
2025-01-17,Tokyo,P014,C,1,4880,4880.0,C0131
2025-01-17,Tokyo,P011,C,4,2930,11720.0,C0137
2025-01-17,Tokyo,P007,B,4,2540,10160.0,C0084
2025-01-17,Tokyo,P006,A,1,2560,2560.0,C0035
2025-01-17,Tokyo,P002,C,3,1300,3900.0,C0170
2025-01-17,Tokyo,P012,A,3,2780,8340.0,C0058
2025-01-17,Tokyo,P014,C,4,3440,13760.0,C0026
2025-01-17,Tokyo,P001,B,2,1630,3260.0,C0258
2025-01-17,Tokyo,P004,B,2,4900,9800.0,C0245
2025-01-17,Tokyo,P004,B,2,3060,6120.0,C0199
2025-01-17,Tokyo,P015,A,4,4900,19600.0,C0013
2025-01-17,Tokyo,P004,B,3,1190,3570.0,C0107
2025-01-17,Tokyo,P003,A,4,1250,5000.0,C0045
2025-01-17,Tokyo,P003,A,1,3270,3270.0,C0109
2025-01-17,Osaka,P004,B,3,3640,10920.0,C0188
2025-01-17,Osaka,P012,A,1,3020,3020.0,C0240
2025-01-17,Osaka,P013,B,3,3600,10800.0,C0259
2025-01-17,Osaka,P010,B,4,1510,6040.0,C0105
2025-01-17,Osaka,P002,C,1,2880,2880.0,C0068
2025-01-17,Osaka,P007,B,2,3480,6960.0,C0283
2025-01-17,Osaka,P013,B,2,2300,4600.0,C0231
2025-01-17,Osaka,P002,C,3,2690,8070.0,C0055
2025-01-17,Osaka,P010,B,2,1740,3480.0,C0196
2025-01-17,Osaka,P003,A,3,1640,4920.0,C0130
2025-01-17,Osaka,P013,B,1,4070,4070.0,C0216
2025-01-17,Osaka,P014,C,1,3860,3860.0,C0281
2025-01-17,Osaka,P012,A,1,4280,4280.0,C0033
2025-01-17,Osaka,P009,A,2,3120,6240.0,C0156
2025-01-17,Osaka,P001,B,3,4740,14220.0,C0131
2025-01-17,Osaka,P005,C,4,1390,5560.0,C0146
2025-01-17,Osaka,P008,C,2,4680,9360.0,C0127
2025-01-17,Osaka,P015,A,1,3930,3930.0,C0178
2025-01-17,Osaka,P004,B,1,3870,3870.0,C0191
2025-01-17,Nagoya,P001,B,3,4920,14760.0,C0006
2025-01-17,Nagoya,P008,C,2,4580,9160.0,C0085
2025-01-17,Nagoya,P008,C,3,1240,3720.0,C0240
2025-01-17,Nagoya,P013,B,3,3590,10770.0,C0224
2025-01-17,Nagoya,P012,A,4,2710,10840.0,C0137
2025-01-17,Nagoya,P010,B,1,4420,4420.0,C0231
2025-01-17,Nagoya,P010,B,2,2390,4780.0,C0131
2025-01-17,Nagoya,P010,B,4,3680,14720.0,C0279
2025-01-17,Nagoya,P015,A,3,2480,7440.0,C0180
2025-01-17,Nagoya,P007,B,3,4240,12720.0,C0111
2025-01-17,Nagoya,P008,C,1,3940,3940.0,C0147
2025-01-17,Nagoya,P007,B,3,1860,5580.0,C0179
2025-01-17,Nagoya,P012,A,2,1520,3040.0,C0116
2025-01-17,Nagoya,P003,A,2,3500,7000.0,C0034
2025-01-17,Nagoya,P012,A,1,4570,4570.0,C0220
2025-01-17,Nagoya,P005,C,3,1440,4320.0,C0030
2025-01-18,Tokyo,P013,B,1,2130,2130.0,C0060
2025-01-18,Tokyo,P006,A,2,2310,4620.0,C0159
2025-01-18,Tokyo,P003,A,4,3910,15640.0,C0228
2025-01-18,Tokyo,P003,A,3,4340,13020.0,C0053
2025-01-18,Tokyo,P012,A,2,4150,8300.0,C0144
2025-01-18,Tokyo,P013,B,1,2550,2550.0,C0082
2025-01-18,Tokyo,P004,B,2,2520,5040.0,C0039
2025-01-18,Tokyo,P011,C,3,4310,12930.0,C0211
2025-01-18,Tokyo,P003,A,1,2690,2690.0,C0144
2025-01-18,Tokyo,P004,B,4,3320,13280.0,C0224
2025-01-18,Tokyo,P002,C,4,1820,7280.0,C0135
2025-01-18,Tokyo,P007,B,4,2100,8400.0,C0072
2025-01-18,Tokyo,P006,A,2,1720,3440.0,C0053
2025-01-18,Tokyo,P004,B,2,2370,4740.0,C0118
2025-01-18,Tokyo,P011,C,1,4630,4630.0,C0225
2025-01-18,Tokyo,P003,A,2,1730,3460.0,C0082
2025-01-18,Tokyo,P006,A,1,1050,1050.0,C0132
2025-01-18,Tokyo,P011,C,2,4440,8880.0,C0111
2025-01-18,Tokyo,P014,C,1,3150,3150.0,C0229
2025-01-18,Osaka,P014,C,2,2990,5980.0,C0188
2025-01-18,Osaka,P010,B,1,4460,4460.0,C0187
2025-01-18,Osaka,P015,A,2,3450,6900.0,C0132
2025-01-18,Osaka,P014,C,4,4630,18520.0,C0151
2025-01-18,Osaka,P012,A,2,2840,5680.0,C0228
2025-01-18,Osaka,P002,C,3,1060,3180.0,C0174
2025-01-18,Osaka,P008,C,2,2970,5940.0,C0148
2025-01-18,Osaka,P007,B,2,3270,6540.0,C0229
2025-01-18,Osaka,P009,A,3,4340,13020.0,C0296
2025-01-18,Osaka,P002,C,3,1900,5700.0,C0059
2025-01-18,Nagoya,P002,C,4,4080,16320.0,C0298
2025-01-18,Nagoya,P011,C,4,1470,5880.0,C0267
2025-01-18,Nagoya,P003,A,2,1510,3020.0,C0121
2025-01-18,Nagoya,P012,A,2,4280,8560.0,C0182
2025-01-18,Nagoya,P010,B,4,2720,10880.0,C0104
2025-01-18,Nagoya,P015,A,3,3450,10350.0,C0089
2025-01-18,Nagoya,P004,B,1,1890,1890.0,C0059
2025-01-18,Nagoya,P012,A,1,3510,3510.0,C0284
2025-01-18,Nagoya,P012,A,2,1230,2460.0,C0250
2025-01-18,Nagoya,P001,B,3,3680,11040.0,C0058
2025-01-18,Nagoya,P012,A,1,1900,1900.0,C0243
2025-01-18,Nagoya,P015,A,2,4680,9360.0,C0274
2025-01-18,Nagoya,P012,A,1,2190,2190.0,C0203
2025-01-18,Nagoya,P015,A,4,2680,10720.0,C0071
2025-01-18,Nagoya,P015,A,2,2360,4720.0,C0289
2025-01-18,Nagoya,P009,A,2,1020,2040.0,C0129
2025-01-18,Nagoya,P015,A,2,3790,7580.0,C0076
2025-01-19,Tokyo,P012,A,3,4080,12240.0,C0174
2025-01-19,Tokyo,P006,A,3,4340,13020.0,C0252
2025-01-19,Tokyo,P004,B,3,1010,3030.0,C0172
2025-01-19,Tokyo,P009,A,2,4970,9940.0,C0265
2025-01-19,Tokyo,P001,B,1,1830,1830.0,C0269
2025-01-19,Tokyo,P008,C,3,4230,12690.0,C0230
2025-01-19,Tokyo,P002,C,1,2580,2580.0,C0102
2025-01-19,Tokyo,P012,A,1,2480,2480.0,C0071
2025-01-19,Tokyo,P003,A,1,1780,1780.0,C0169
2025-01-19,Tokyo,P007,B,2,2910,5820.0,C0222
2025-01-19,Tokyo,P013,B,3,3560,10680.0,C0221
2025-01-19,Tokyo,P011,C,1,4930,4930.0,C0050
2025-01-19,Tokyo,P007,B,3,2610,7830.0,C0073
2025-01-19,Tokyo,P014,C,1,1980,1980.0,C0297
2025-01-19,Tokyo,P011,C,1,4010,4010.0,C0290
2025-01-19,Tokyo,P002,C,2,2870,5740.0,C0040
2025-01-19,Tokyo,P004,B,1,1740,1740.0,C0121
2025-01-19,Osaka,P004,B,2,1760,3520.0,C0239
2025-01-19,Osaka,P004,B,4,3150,12600.0,C0241
2025-01-19,Osaka,P010,B,2,3400,6800.0,C0082
2025-01-19,Osaka,P002,C,2,2100,4200.0,C0041
2025-01-19,Osaka,P001,B,4,3050,12200.0,C0121
2025-01-19,Osaka,P014,C,1,2610,2610.0,C0254
2025-01-19,Osaka,P010,B,2,2020,4040.0,C0011
2025-01-19,Osaka,P002,C,1,4140,4140.0,C0192
2025-01-19,Osaka,P007,B,4,1640,6560.0,C0064
2025-01-19,Osaka,P006,A,4,3450,13800.0,C0255
2025-01-19,Osaka,P004,B,4,1280,5120.0,C0069
2025-01-19,Osaka,P008,C,1,4430,4430.0,C0260
2025-01-19,Osaka,P009,A,2,1390,2780.0,C0186
2025-01-19,Osaka,P009,A,4,3410,13640.0,C0039
2025-01-19,Nagoya,P012,A,1,4750,4750.0,C0032
2025-01-19,Nagoya,P011,C,4,2760,11040.0,C0017
2025-01-19,Nagoya,P014,C,1,3100,3100.0,C0295
2025-01-19,Nagoya,P012,A,1,4280,4280.0,C0049
2025-01-19,Nagoya,P012,A,3,2150,6450.0,C0127
2025-01-19,Nagoya,P002,C,4,1950,7800.0,C0093
2025-01-19,Nagoya,P008,C,3,3020,9060.0,C0152
2025-01-19,Nagoya,P009,A,4,2580,10320.0,C0249
2025-01-19,Nagoya,P012,A,4,4650,18600.0,C0239
2025-01-19,Nagoya,P004,B,4,3940,15760.0,C0087
2025-01-19,Nagoya,P011,C,2,3090,6180.0,C0239
2025-01-20,Tokyo,P006,A,4,2810,11240.0,C0288
2025-01-20,Tokyo,P001,B,3,4250,12750.0,C0275
2025-01-20,Tokyo,P003,A,4,2560,10240.0,C0106
2025-01-20,Tokyo,P006,A,3,3630,10890.0,C0142
2025-01-20,Tokyo,P002,C,4,1880,7520.0,C0029
2025-01-20,Tokyo,P009,A,2,3460,6920.0,C0262
2025-01-20,Tokyo,P002,C,2,3060,6120.0,C0236
2025-01-20,Tokyo,P010,B,2,3440,6880.0,C0294
2025-01-20,Tokyo,P008,C,4,4110,16440.0,C0091
2025-01-20,Tokyo,P004,B,4,1820,7280.0,C0101
2025-01-20,Tokyo,P004,B,3,2170,6510.0,C0197
2025-01-20,Osaka,P013,B,4,1090,4360.0,C0137
2025-01-20,Osaka,P004,B,4,3840,15360.0,C0096
2025-01-20,Osaka,P009,A,3,2980,8940.0,C0142
2025-01-20,Osaka,P001,B,2,2390,4780.0,C0245
2025-01-20,Osaka,P013,B,4,1120,4480.0,C0252
2025-01-20,Osaka,P006,A,2,4780,9560.0,C0260
2025-01-20,Osaka,P001,B,2,3990,7980.0,C0162
2025-01-20,Osaka,P004,B,3,4460,13380.0,C0067
2025-01-20,Osaka,P012,A,3,4540,13620.0,C0090
2025-01-20,Osaka,P004,B,3,3120,9360.0,C0123
2025-01-20,Osaka,P012,A,4,1980,7920.0,C0238
2025-01-20,Osaka,P004,B,2,1100,2200.0,C0102
2025-01-20,Osaka,P015,A,2,3840,7680.0,C0033
2025-01-20,Osaka,P010,B,2,3970,7940.0,C0278
2025-01-20,Osaka,P008,C,1,2900,2900.0,C0037
2025-01-20,Osaka,P007,B,1,3560,3560.0,C0093
2025-01-20,Osaka,P004,B,1,4550,4550.0,C0251
2025-01-20,Osaka,P013,B,1,2390,2390.0,C0291
2025-01-20,Osaka,P009,A,1,1560,1560.0,C0079
2025-01-20,Nagoya,P003,A,4,3710,14840.0,C0276
2025-01-20,Nagoya,P013,B,2,4310,8620.0,C0051
2025-01-20,Nagoya,P005,C,1,1530,1530.0,C0027
2025-01-20,Nagoya,P003,A,1,2520,2520.0,C0022
2025-01-20,Nagoya,P001,B,4,1350,5400.0,C0023
2025-01-20,Nagoya,P001,B,1,3110,3110.0,C0248
2025-01-20,Nagoya,P012,A,3,1340,4020.0,C0232
2025-01-20,Nagoya,P001,B,3,2630,7890.0,C0264
2025-01-20,Nagoya,P005,C,3,2750,8250.0,C0157
2025-01-20,Nagoya,P015,A,3,2650,7950.0,C0134
2025-01-20,Nagoya,P011,C,2,1670,3340.0,C0140
2025-01-20,Nagoya,P002,C,1,2680,2680.0,C0239
2025-01-20,Nagoya,P012,A,2,2680,5360.0,C0046
2025-01-20,Nagoya,P012,A,1,4190,4190.0,C0252
2025-01-20,Nagoya,P011,C,2,4810,9620.0,C0206
2025-01-20,Nagoya,P010,B,4,4520,18080.0,C0024
2025-01-20,Nagoya,P014,C,4,1820,7280.0,C0092
2025-01-20,Nagoya,P012,A,1,2800,2800.0,C0206
2025-01-20,Nagoya,P010,B,4,1440,5760.0,C0089
2025-01-21,Tokyo,P009,A,1,2150,2150.0,C0102
2025-01-21,Tokyo,P009,A,2,3480,6960.0,C0134
2025-01-21,Tokyo,P010,B,1,3490,3490.0,C0277
2025-01-21,Tokyo,P003,A,2,3770,7540.0,C0185
2025-01-21,Tokyo,P011,C,3,3730,11190.0,C0183
2025-01-21,Tokyo,P002,C,4,2780,11120.0,C0016
2025-01-21,Tokyo,P007,B,2,1340,2680.0,C0298
2025-01-21,Tokyo,P004,B,2,2760,5520.0,C0249
2025-01-21,Tokyo,P012,A,4,1940,7760.0,C0253
2025-01-21,Tokyo,P013,B,2,3180,6360.0,C0012
2025-01-21,Tokyo,P012,A,4,2890,11560.0,C0162
2025-01-21,Tokyo,P008,C,1,3470,3470.0,C0216
2025-01-21,Tokyo,P014,C,4,2960,11840.0,C0287
2025-01-21,Tokyo,P008,C,3,3400,10200.0,C0299
2025-01-21,Tokyo,P012,A,1,1280,1280.0,C0123
2025-01-21,Tokyo,P008,C,3,2920,8760.0,C0154
2025-01-21,Tokyo,P014,C,2,2970,5940.0,C0167
2025-01-21,Tokyo,P008,C,4,4840,19360.0,C0154
2025-01-21,Tokyo,P007,B,3,1720,5160.0,C0128
2025-01-21,Osaka,P003,A,1,3340,3340.0,C0001
2025-01-21,Osaka,P010,B,2,2460,4920.0,C0231
2025-01-21,Osaka,P009,A,3,3830,11490.0,C0010
2025-01-21,Osaka,P004,B,3,4900,14700.0,C0047
2025-01-21,Osaka,P002,C,4,4860,19440.0,C0051
2025-01-21,Osaka,P007,B,3,1780,5340.0,C0098
2025-01-21,Osaka,P006,A,3,2230,6690.0,C0124
2025-01-21,Osaka,P005,C,4,1610,6440.0,C0069
2025-01-21,Osaka,P004,B,4,4770,19080.0,C0150
2025-01-21,Osaka,P003,A,4,2960,11840.0,C0255
2025-01-21,Osaka,P006,A,4,4220,16880.0,C0067
2025-01-21,Osaka,P011,C,2,2390,4780.0,C0075
2025-01-21,Nagoya,P004,B,3,3320,9960.0,C0225
2025-01-21,Nagoya,P015,A,1,4960,4960.0,C0033
2025-01-21,Nagoya,P008,C,2,3550,7100.0,C0216
2025-01-21,Nagoya,P013,B,2,4730,9460.0,C0097
2025-01-21,Nagoya,P004,B,2,3110,6220.0,C0200
2025-01-21,Nagoya,P013,B,1,2210,2210.0,C0281
2025-01-21,Nagoya,P007,B,1,4940,4940.0,C0135
2025-01-21,Nagoya,P015,A,4,4620,18480.0,C0174
2025-01-21,Nagoya,P012,A,4,2070,8280.0,C0012
2025-01-21,Nagoya,P005,C,3,3180,9540.0,C0025
2025-01-21,Nagoya,P009,A,1,3020,3020.0,C0173
2025-01-21,Nagoya,P010,B,2,2630,5260.0,C0203
2025-01-21,Nagoya,P012,A,4,2330,9320.0,C0127
2025-01-21,Nagoya,P005,C,3,1500,4500.0,C0129
2025-01-21,Nagoya,P003,A,3,4400,13200.0,C0295
2025-01-21,Nagoya,P007,B,1,1910,1910.0,C0032
2025-01-22,Tokyo,P015,A,3,1700,5100.0,C0007
2025-01-22,Tokyo,P015,A,2,1440,2880.0,C0053
2025-01-22,Tokyo,P004,B,3,4560,13680.0,C0083
2025-01-22,Tokyo,P011,C,1,1040,1040.0,C0017
2025-01-22,Tokyo,P014,C,3,4220,12660.0,C0007
2025-01-22,Tokyo,P001,B,4,1410,5640.0,C0047
2025-01-22,Tokyo,P008,C,3,1910,5730.0,C0133
2025-01-22,Tokyo,P011,C,2,2530,5060.0,C0022
2025-01-22,Tokyo,P007,B,4,3500,14000.0,C0268
2025-01-22,Tokyo,P002,C,1,3190,3190.0,C0054
2025-01-22,Tokyo,P009,A,4,2340,9360.0,C0165
2025-01-22,Tokyo,P011,C,1,4580,4580.0,C0061
2025-01-22,Tokyo,P013,B,3,1560,4680.0,C0217
2025-01-22,Tokyo,P003,A,3,4830,14490.0,C0285
2025-01-22,Tokyo,P014,C,2,3230,6460.0,C0090
2025-01-22,Tokyo,P014,C,2,4080,8160.0,C0108
2025-01-22,Tokyo,P012,A,1,3930,3930.0,C0014
2025-01-22,Osaka,P006,A,2,3840,7680.0,C0108
2025-01-22,Osaka,P001,B,2,2750,5500.0,C0163
2025-01-22,Osaka,P010,B,1,3440,3440.0,C0189
2025-01-22,Osaka,P012,A,3,4240,12720.0,C0067
2025-01-22,Osaka,P011,C,1,1410,1410.0,C0259
2025-01-22,Osaka,P008,C,3,3410,10230.0,C0208
2025-01-22,Osaka,P004,B,1,1170,1170.0,C0259
2025-01-22,Osaka,P004,B,3,2810,8430.0,C0049
2025-01-22,Osaka,P007,B,1,1700,1700.0,C0042
2025-01-22,Osaka,P013,B,3,4700,14100.0,C0131
2025-01-22,Osaka,P004,B,3,4710,14130.0,C0160
2025-01-22,Nagoya,P005,C,4,3070,12280.0,C0285
2025-01-22,Nagoya,P008,C,1,4490,4490.0,C0229
2025-01-22,Nagoya,P011,C,4,1780,7120.0,C0271
2025-01-22,Nagoya,P004,B,4,1760,7040.0,C0165
2025-01-22,Nagoya,P012,A,1,1260,1260.0,C0255
2025-01-22,Nagoya,P001,B,3,4750,14250.0,C0184
2025-01-22,Nagoya,P008,C,2,3550,7100.0,C0171
2025-01-22,Nagoya,P008,C,1,3650,3650.0,C0222
2025-01-22,Nagoya,P011,C,1,3810,3810.0,C0219
2025-01-22,Nagoya,P003,A,4,3090,12360.0,C0142
2025-01-23,Tokyo,P008,C,3,2240,6720.0,C0278
2025-01-23,Tokyo,P015,A,1,3930,3930.0,C0007
2025-01-23,Tokyo,P006,A,4,1690,6760.0,C0113
2025-01-23,Tokyo,P004,B,3,2850,8550.0,C0178
2025-01-23,Tokyo,P015,A,3,3930,11790.0,C0030
2025-01-23,Tokyo,P004,B,4,4430,17720.0,C0197
2025-01-23,Tokyo,P006,A,1,4400,4400.0,C0235
2025-01-23,Tokyo,P004,B,3,3470,10410.0,C0143
2025-01-23,Tokyo,P014,C,1,2030,2030.0,C0029
2025-01-23,Tokyo,P011,C,3,4940,14820.0,C0163
2025-01-23,Tokyo,P003,A,2,1350,2700.0,C0201
2025-01-23,Tokyo,P011,C,4,2350,9400.0,C0093
2025-01-23,Tokyo,P002,C,2,2900,5800.0,C0226
2025-01-23,Tokyo,P012,A,1,2140,2140.0,C0153
2025-01-23,Tokyo,P006,A,1,4380,4380.0,C0219
2025-01-23,Tokyo,P008,C,2,4370,8740.0,C0011
2025-01-23,Tokyo,P007,B,4,4810,19240.0,C0076
2025-01-23,Osaka,P003,A,1,2410,2410.0,C0265
2025-01-23,Osaka,P011,C,2,2130,4260.0,C0043
2025-01-23,Osaka,P005,C,1,1740,1740.0,C0206
2025-01-23,Osaka,P002,C,1,3160,3160.0,C0086
2025-01-23,Osaka,P007,B,1,1830,1830.0,C0132
2025-01-23,Osaka,P011,C,2,3160,6320.0,C0157
2025-01-23,Osaka,P005,C,2,2700,5400.0,C0010
2025-01-23,Osaka,P011,C,3,2220,6660.0,C0112
2025-01-23,Osaka,P005,C,3,4030,12090.0,C0033
2025-01-23,Osaka,P007,B,1,2800,2800.0,C0075
2025-01-23,Osaka,P006,A,2,2290,4580.0,C0118
2025-01-23,Osaka,P012,A,4,1020,4080.0,C0113
2025-01-23,Osaka,P013,B,3,1820,5460.0,C0178
2025-01-23,Osaka,P003,A,1,3520,3520.0,C0155
2025-01-23,Osaka,P012,A,2,4410,8820.0,C0126
2025-01-23,Osaka,P012,A,1,1380,1380.0,C0235
2025-01-23,Nagoya,P015,A,2,1080,2160.0,C0293
2025-01-23,Nagoya,P010,B,1,4050,4050.0,C0271
2025-01-23,Nagoya,P005,C,4,4150,16600.0,C0151
2025-01-23,Nagoya,P010,B,2,4710,9420.0,C0294
2025-01-23,Nagoya,P015,A,3,1160,3480.0,C0110
2025-01-23,Nagoya,P007,B,4,3180,12720.0,C0161
2025-01-23,Nagoya,P003,A,4,2340,9360.0,C0028
2025-01-23,Nagoya,P015,A,1,1060,1060.0,C0024
2025-01-23,Nagoya,P007,B,1,4370,4370.0,C0154
2025-01-23,Nagoya,P005,C,1,2910,2910.0,C0046
2025-01-23,Nagoya,P015,A,2,2890,5780.0,C0006
2025-01-23,Nagoya,P002,C,1,1200,1200.0,C0218
2025-01-23,Nagoya,P015,A,4,2060,8240.0,C0236
2025-01-23,Nagoya,P008,C,1,1360,1360.0,C0164
2025-01-23,Nagoya,P007,B,1,4720,4720.0,C0219
2025-01-23,Nagoya,P008,C,4,4880,19520.0,C0292
2025-01-23,Nagoya,P004,B,4,3010,12040.0,C0218
2025-01-23,Nagoya,P013,B,1,2790,2790.0,C0039
2025-01-24,Tokyo,P007,B,4,4450,17800.0,C0117
2025-01-24,Tokyo,P005,C,3,4640,13920.0,C0292
2025-01-24,Tokyo,P004,B,1,3820,3820.0,C0091
2025-01-24,Tokyo,P003,A,1,2610,2610.0,C0118
2025-01-24,Tokyo,P009,A,1,3850,3850.0,C0204
2025-01-24,Tokyo,P007,B,1,3020,3020.0,C0202
2025-01-24,Tokyo,P006,A,2,3020,6040.0,C0107
2025-01-24,Tokyo,P007,B,2,2210,4420.0,C0215
2025-01-24,Tokyo,P007,B,2,3610,7220.0,C0109
2025-01-24,Tokyo,P002,C,4,1220,4880.0,C0172
2025-01-24,Tokyo,P004,B,1,1160,1160.0,C0270
2025-01-24,Tokyo,P007,B,2,3960,7920.0,C0012
2025-01-24,Osaka,P008,C,3,1490,4470.0,C0285
2025-01-24,Osaka,P004,B,3,3980,11940.0,C0103
2025-01-24,Osaka,P002,C,2,4220,8440.0,C0272
2025-01-24,Osaka,P015,A,1,3420,3420.0,C0046
2025-01-24,Osaka,P011,C,2,3850,7700.0,C0205
2025-01-24,Osaka,P015,A,2,2360,4720.0,C0158
2025-01-24,Osaka,P003,A,1,3070,3070.0,C0247
2025-01-24,Osaka,P008,C,4,1710,6840.0,C0135
2025-01-24,Osaka,P010,B,2,1050,2100.0,C0022
2025-01-24,Osaka,P014,C,3,2050,6150.0,C0078
2025-01-24,Osaka,P001,B,4,1430,5720.0,C0228
2025-01-24,Osaka,P004,B,2,2090,4180.0,C0247
2025-01-24,Osaka,P001,B,2,2110,4220.0,C0082
2025-01-24,Osaka,P003,A,4,2510,10040.0,C0126
2025-01-24,Osaka,P006,A,4,2350,9400.0,C0103
2025-01-24,Nagoya,P005,C,1,3410,,C0008
2025-01-24,Nagoya,P004,B,1,2160,2160.0,C0227
2025-01-24,Nagoya,P009,A,4,2400,9600.0,C0278
2025-01-24,Nagoya,P001,B,3,4190,12570.0,C0160
2025-01-24,Nagoya,P014,C,2,1130,2260.0,C0232
2025-01-24,Nagoya,P002,C,4,3930,15720.0,C0253
2025-01-24,Nagoya,P008,C,4,1670,6680.0,C0130
2025-01-24,Nagoya,P002,C,4,3850,15400.0,C0242
2025-01-24,Nagoya,P012,A,2,1270,2540.0,C0278
2025-01-24,Nagoya,P008,C,1,4700,4700.0,C0298
2025-01-24,Nagoya,P007,B,4,1140,4560.0,C0028
2025-01-24,Nagoya,P005,C,3,1530,4590.0,C0011
2025-01-24,Nagoya,P011,C,4,3950,15800.0,C0239
2025-01-25,Tokyo,P010,B,3,4420,13260.0,C0105
2025-01-25,Tokyo,P002,C,4,2100,8400.0,C0293
2025-01-25,Tokyo,P007,B,4,1160,4640.0,C0198
2025-01-25,Tokyo,P007,B,2,2060,4120.0,C0291
2025-01-25,Tokyo,P006,A,4,2700,10800.0,C0015
2025-01-25,Tokyo,P014,C,1,2080,2080.0,C0258
2025-01-25,Tokyo,P014,C,4,2700,10800.0,C0227
2025-01-25,Tokyo,P005,C,3,3010,9030.0,C0016
2025-01-25,Tokyo,P007,B,2,2020,4040.0,C0112
2025-01-25,Tokyo,P008,C,1,1600,1600.0,C0230
2025-01-25,Tokyo,P006,A,3,3260,9780.0,C0165
2025-01-25,Tokyo,P007,B,2,4290,8580.0,C0289
2025-01-25,Tokyo,P004,B,3,4870,14610.0,C0003
2025-01-25,Tokyo,P012,A,2,4870,9740.0,C0173
2025-01-25,Tokyo,P013,B,1,1560,1560.0,C0278
2025-01-25,Tokyo,P008,C,3,1670,5010.0,C0068
2025-01-25,Tokyo,P013,B,2,3330,6660.0,C0095
2025-01-25,Tokyo,P004,B,1,4710,4710.0,C0282
2025-01-25,Osaka,P006,A,3,2530,7590.0,C0216
2025-01-25,Osaka,P004,B,1,2340,2340.0,C0179
2025-01-25,Osaka,P003,A,4,1040,4160.0,C0021
2025-01-25,Osaka,P008,C,3,2170,6510.0,C0078
2025-01-25,Osaka,P002,C,3,2510,7530.0,C0036
2025-01-25,Osaka,P006,A,4,2040,8160.0,C0268
2025-01-25,Osaka,P004,B,1,2040,2040.0,C0097
2025-01-25,Osaka,P002,C,3,2330,,C0215
2025-01-25,Osaka,P008,C,2,2880,5760.0,C0047
2025-01-25,Osaka,P011,C,1,3880,3880.0,C0299
2025-01-25,Osaka,P012,A,2,2250,4500.0,C0261
2025-01-25,Nagoya,P008,C,4,4680,18720.0,C0276
2025-01-25,Nagoya,P002,C,4,1450,5800.0,C0175
2025-01-25,Nagoya,P014,C,3,4780,14340.0,C0103
2025-01-25,Nagoya,P005,C,2,2420,4840.0,C0205
2025-01-25,Nagoya,P007,B,3,2660,7980.0,C0093
2025-01-25,Nagoya,P003,A,3,4590,13770.0,C0257
2025-01-25,Nagoya,P004,B,2,3820,7640.0,C0184
2025-01-25,Nagoya,P002,C,3,1150,3450.0,C0035
2025-01-25,Nagoya,P010,B,1,2350,2350.0,C0176
2025-01-25,Nagoya,P010,B,2,1370,2740.0,C0239
2025-01-25,Nagoya,P015,A,4,3990,15960.0,C0121
2025-01-25,Nagoya,P014,C,2,1540,3080.0,C0255
2025-01-26,Tokyo,P015,A,2,4470,8940.0,C0161
2025-01-26,Tokyo,P008,C,2,4340,8680.0,C0019
2025-01-26,Tokyo,P008,C,2,3170,6340.0,C0077
2025-13-40,Tokyo,P010,B,2,1750,3500.0,C0059
2025-01-26,Tokyo,P011,C,2,2220,4440.0,C0188
2025-01-26,Tokyo,P005,C,2,1970,3940.0,C0104
2025-01-26,Tokyo,P011,C,3,4990,14970.0,C0231
2025-01-26,Tokyo,P001,B,2,2150,4300.0,C0176
2025-01-26,Tokyo,P004,B,4,2190,8760.0,C0157
2025-01-26,Tokyo,P002,C,4,4640,18560.0,C0238
2025-01-26,Tokyo,P006,A,1,3840,3840.0,C0129
2025-01-26,Tokyo,P015,A,3,3150,9450.0,C0296
2025-01-26,Tokyo,P013,B,2,1070,2140.0,C0028
2025-01-26,Osaka,P009,A,1,1500,1500.0,C0211
2025-01-26,Osaka,P012,A,1,3030,3030.0,C0025
2025-01-26,Osaka,P011,C,4,4470,17880.0,C0179
2025-01-26,Osaka,P010,B,4,3440,13760.0,C0134
2025-01-26,Osaka,P012,A,3,4360,13080.0,C0157
2025-01-26,Osaka,P014,C,1,1140,1140.0,C0030
2025-01-26,Osaka,P009,A,3,1860,5580.0,C0047
2025-01-26,Osaka,P013,B,4,3590,14360.0,C0147
2025-01-26,Osaka,P007,B,1,1750,1750.0,C0269
2025-01-26,Osaka,P006,A,3,3810,11430.0,C0093
2025-01-26,Osaka,P004,B,3,1370,4110.0,C0148
2025-01-26,Osaka,P014,C,3,4050,12150.0,C0025
2025-01-26,Osaka,P003,A,2,2160,4320.0,C0059
2025-01-26,Osaka,P015,A,1,3830,3830.0,C0176
2025-01-26,Nagoya,P004,B,2,3420,6840.0,C0090
2025-01-26,Nagoya,P011,C,1,1290,1290.0,C0218
2025-01-26,Nagoya,P010,B,1,4590,4590.0,C0002
2025-01-26,Nagoya,P015,A,3,4950,14850.0,C0284
2025-01-26,Nagoya,P005,C,4,1840,7360.0,C0142
2025-01-26,Nagoya,P004,B,2,4480,8960.0,C0131
2025-01-26,Nagoya,P002,C,2,4140,8280.0,C0156
2025-01-26,Nagoya,P009,A,2,2170,4340.0,C0179
2025-01-26,Nagoya,P010,B,4,3470,13880.0,C0298
2025-01-26,Nagoya,P013,B,1,2560,2560.0,C0116
2025-01-26,Nagoya,P001,B,1,4040,4040.0,C0106
2025-01-26,Nagoya,P003,A,2,2090,4180.0,C0053
2025-01-26,Nagoya,P002,C,4,4290,17160.0,C0149
2025-01-26,Nagoya,P010,B,4,4370,17480.0,C0010
2025-01-26,Nagoya,P015,A,1,1100,1100.0,C0121
2025-01-26,Nagoya,P012,A,1,2170,2170.0,C0079
2025-01-27,Tokyo,P015,A,2,1830,3660.0,C0037
2025-01-27,Tokyo,P003,A,1,3290,3290.0,C0126
2025-01-27,Tokyo,P008,C,4,3320,13280.0,C0047
2025-01-27,Tokyo,P006,A,2,4300,8600.0,C0092
2025-01-27,Tokyo,P003,A,3,2710,8130.0,C0029
2025-01-27,Tokyo,P011,C,1,4470,4470.0,C0249
2025-01-27,Tokyo,P006,A,3,3270,9810.0,C0196
2025-01-27,Tokyo,P002,C,2,1680,3360.0,C0209
2025-01-27,Tokyo,P002,C,3,3910,11730.0,C0284
2025-01-27,Tokyo,P005,C,1,3890,3890.0,C0001
2025-01-27,Tokyo,P001,B,4,4450,17800.0,C0212
2025-01-27,Tokyo,P013,B,1,1350,1350.0,C0090
2025-01-27,Tokyo,P001,B,4,1220,4880.0,C0163
2025-01-27,Osaka,P012,A,1,2880,2880.0,C0164
2025-01-27,Osaka,P012,A,2,2140,4280.0,C0238
2025-01-27,Osaka,P014,C,2,1110,2220.0,C0150
2025-01-27,Osaka,P014,C,4,2600,10400.0,C0045
2025-01-27,Osaka,P009,A,4,4780,19120.0,C0016
2025-01-27,Osaka,P005,C,2,1390,2780.0,C0266
2025-01-27,Osaka,P002,C,3,4670,14010.0,C0205
2025-01-27,Osaka,P012,A,2,4300,8600.0,C0126
2025-01-27,Osaka,P001,B,2,2390,4780.0,C0156
2025-01-27,Osaka,P004,B,2,2710,5420.0,C0098
2025-01-27,Osaka,P011,C,2,4060,8120.0,C0076
2025-01-27,Osaka,P013,B,2,1160,2320.0,C0045
2025-01-27,Osaka,P013,B,4,1840,7360.0,C0181
2025-01-27,Osaka,P009,A,1,2800,2800.0,C0208
2025-01-27,Osaka,P015,A,4,1390,5560.0,C0072
2025-01-27,Osaka,P007,B,1,3280,3280.0,C0003
2025-01-27,Osaka,P002,C,1,2180,2180.0,C0228
2025-01-27,Osaka,P003,A,4,2070,8280.0,C0014
2025-01-27,Nagoya,P012,A,1,1280,1280.0,C0254
2025-01-27,Nagoya,P009,A,2,4020,8040.0,C0253
2025-01-27,Nagoya,P006,A,3,1040,3120.0,C0092
2025-01-27,Nagoya,P009,A,1,4960,4960.0,C0291
2025-01-27,Nagoya,P004,B,2,1750,3500.0,C0151
2025-01-27,Nagoya,P002,C,2,3220,6440.0,C0183
2025-01-27,Nagoya,P009,A,1,4160,4160.0,C0207
2025-01-27,Nagoya,P012,A,2,4570,9140.0,C0117
2025-01-27,Nagoya,P013,B,1,1980,1980.0,C0158
2025-01-27,Nagoya,P009,A,3,2180,6540.0,C0261
2025-01-27,Nagoya,P005,C,3,4720,14160.0,C0162
2025-01-27,Nagoya,P011,C,4,4890,19560.0,C0150
2025-01-27,Nagoya,P007,B,1,3140,3140.0,C0275
2025-01-28,Tokyo,P006,A,1,2550,2550.0,C0071
2025-01-28,Tokyo,P015,A,3,1540,4620.0,C0021
2025-01-28,Tokyo,P013,B,4,4050,16200.0,C0038
2025-01-28,Tokyo,P002,C,1,4000,4000.0,C0229
2025-01-28,Tokyo,P013,B,1,1610,1610.0,C0270
2025-01-28,Tokyo,P014,C,3,1420,4260.0,C0021
2025-01-28,Tokyo,P001,B,3,4380,13140.0,C0189
2025-01-28,Tokyo,P004,B,4,1230,4920.0,C0248
2025-01-28,Tokyo,P014,C,3,4510,13530.0,C0176
2025-01-28,Tokyo,P008,C,2,4680,9360.0,C0209
2025-01-28,Tokyo,P003,A,4,1230,4920.0,C0176
2025-01-28,Tokyo,P003,A,3,2650,7950.0,C0131
2025-01-28,Tokyo,P011,C,4,2520,10080.0,C0299
2025-01-28,Tokyo,P008,C,1,1020,1020.0,C0061
2025-01-28,Osaka,P009,A,2,2920,5840.0,C0251
2025-01-28,Osaka,P009,A,1,1190,1190.0,C0145
2025-01-28,Osaka,P007,B,4,3330,13320.0,C0227
2025-01-28,Osaka,P009,A,2,3620,7240.0,C0186
2025-01-28,Osaka,P011,C,1,3560,3560.0,C0086
2025-01-28,Osaka,P012,A,4,3490,13960.0,C0284
2025-01-28,Osaka,P009,A,1,3420,3420.0,C0233
2025-01-28,Osaka,P002,C,1,2090,2090.0,C0253
2025-01-28,Osaka,P008,C,4,4490,17960.0,C0166
2025-01-28,Osaka,P011,C,2,1360,2720.0,C0120
2025-01-28,Osaka,P009,A,1,1880,1880.0,C0005
2025-01-28,Osaka,P012,A,4,4300,17200.0,C0114
2025-01-28,Osaka,P009,A,4,3360,13440.0,C0089
2025-01-28,Osaka,P006,A,3,2780,8340.0,C0251
2025-01-28,Osaka,P013,B,1,3890,3890.0,C0111
2025-01-28,Osaka,P008,C,2,2470,4940.0,C0099
2025-01-28,Nagoya,P012,A,1,2500,2500.0,C0058
2025-01-28,Nagoya,P003,A,2,4670,9340.0,C0283
2025-01-28,Nagoya,P006,A,3,4940,14820.0,C0071
2025-01-28,Nagoya,P015,A,1,1900,1900.0,C0102
2025-01-28,Nagoya,P001,B,4,4420,17680.0,C0115
2025-01-28,Nagoya,P013,B,4,4200,16800.0,C0241
2025-01-28,Nagoya,P009,A,1,4690,4690.0,C0182
2025-01-28,Nagoya,P014,C,4,1740,6960.0,C0121
2025-01-28,Nagoya,P003,A,1,4860,4860.0,C0277
2025-01-28,Nagoya,P014,C,4,3590,14360.0,C0157
2025-01-29,Tokyo,P009,A,3,1840,5520.0,C0224
2025-01-29,Tokyo,P013,B,3,2990,8970.0,C0060
2025-01-29,Tokyo,P001,B,3,3730,11190.0,C0232
2025-01-29,Tokyo,P015,A,2,4310,8620.0,C0215
2025-01-29,Tokyo,P005,C,4,1210,4840.0,C0180
2025-01-29,Tokyo,P015,A,3,4740,14220.0,C0017
2025-01-29,Tokyo,P008,C,4,3560,14240.0,C0264
2025-01-29,Tokyo,P007,B,3,2670,8010.0,C0261
2025-01-29,Tokyo,P002,C,2,1380,2760.0,C0210
2025-01-29,Tokyo,P004,B,2,4340,8680.0,C0108
2025-01-29,Tokyo,P003,A,1,1900,1900.0,C0274
2025-01-29,Tokyo,P009,A,4,1860,7440.0,C0106
2025-01-29,Tokyo,P003,A,2,3250,6500.0,C0242
2025-01-29,Tokyo,P006,A,4,3500,14000.0,C0088
2025-01-29,Tokyo,P014,C,2,1600,3200.0,C0288
2025-01-29,Tokyo,P014,C,1,4600,4600.0,C0284
2025-01-29,Tokyo,P013,B,2,3520,7040.0,C0161
2025-01-29,Tokyo,P010,B,3,3550,10650.0,C0154
2025-01-29,Tokyo,P011,C,3,1060,3180.0,C0011
2025-01-29,Osaka,P014,C,3,1690,5070.0,C0234
2025-01-29,Osaka,P003,A,2,2310,4620.0,C0004
2025-01-29,Osaka,P013,B,3,2260,6780.0,C0152
2025-01-29,Osaka,P001,B,2,3070,6140.0,C0102
2025-01-29,Osaka,P013,B,1,1550,1550.0,C0158
2025-01-29,Osaka,P014,C,2,1180,2360.0,C0291
2025-01-29,Osaka,P007,B,1,3460,3460.0,C0096
2025-01-29,Osaka,P015,A,2,3200,6400.0,C0163
2025-01-29,Osaka,P004,B,2,1430,2860.0,C0193
2025-01-29,Osaka,P012,A,4,2300,9200.0,C0086
2025-01-29,Osaka,P009,A,3,4960,14880.0,C0008
2025-01-29,Osaka,P004,B,2,2020,4040.0,C0139
2025-01-29,Osaka,P014,C,1,4260,4260.0,C0185
2025-01-29,Osaka,P010,B,3,1460,4380.0,C0224
2025-01-29,Osaka,P004,B,3,3700,11100.0,C0181
2025-01-29,Osaka,P005,C,2,2900,5800.0,C0013
2025-01-29,Osaka,P011,C,1,2830,2830.0,C0196
2025-01-29,Osaka,P002,C,4,2500,10000.0,C0005
2025-01-29,Osaka,P010,B,3,3560,10680.0,C0225
2025-01-29,Nagoya,P013,B,2,3180,6360.0,C0048
2025-01-29,Nagoya,P010,B,2,3780,7560.0,C0240
2025-01-29,Nagoya,P013,B,4,1480,5920.0,C0042
2025-01-29,Nagoya,P014,C,2,1100,2200.0,C0086
2025-01-29,Nagoya,P013,B,2,1300,2600.0,C0216
2025-01-29,Nagoya,P003,A,2,1010,2020.0,C0180
2025-01-29,Nagoya,P007,B,4,2330,9320.0,C0062
2025-01-29,Nagoya,P003,A,1,2800,2800.0,C0027
2025-01-29,Nagoya,P007,B,4,4070,16280.0,C0191
2025-01-29,Nagoya,P014,C,4,3610,14440.0,C0259
2025-01-29,Nagoya,P002,C,4,2180,8720.0,C0220
2025-01-29,Nagoya,P014,C,2,1350,2700.0,C0111
2025-01-29,Nagoya,P007,B,4,4770,19080.0,C0170
2025-01-29,Nagoya,P015,A,2,2640,5280.0,C0251
2025-01-30,Tokyo,P008,C,2,3820,7640.0,C0226
2025-01-30,Tokyo,P008,C,1,1400,1400.0,C0044
2025-01-30,Tokyo,P007,B,3,4210,12630.0,C0070
2025-01-30,Tokyo,P012,A,3,1200,3600.0,C0106
2025-01-30,Tokyo,P005,C,4,4680,18720.0,C0245
2025-01-30,Tokyo,P008,C,2,2240,4480.0,C0232
2025-01-30,Tokyo,P002,C,2,1540,3080.0,C0148
2025-01-30,Tokyo,P005,C,1,2500,2500.0,C0258
2025-01-30,Tokyo,P009,A,4,4650,18600.0,C0270
2025-01-30,Tokyo,P006,A,4,4630,18520.0,C0287
2025-01-30,Tokyo,P006,A,1,3330,3330.0,C0279
2025-01-30,Tokyo,P014,C,3,1590,4770.0,C0127
2025-01-30,Tokyo,P011,C,3,2380,7140.0,C0103
2025-01-30,Tokyo,P001,B,2,3670,7340.0,C0073
2025-01-30,Tokyo,P015,A,1,3350,3350.0,C0149
2025-01-30,Tokyo,P013,B,4,3170,12680.0,C0189
2025-01-30,Osaka,P008,C,1,2710,2710.0,C0073
2025-01-30,Osaka,P007,B,3,1830,5490.0,C0075
2025-01-30,Osaka,P013,B,2,1790,3580.0,C0214
2025-01-30,Osaka,P011,C,4,4030,16120.0,C0297
2025-01-30,Osaka,P009,A,2,4450,8900.0,C0080
2025-01-30,Osaka,P005,C,4,4520,18080.0,C0102
2025-01-30,Osaka,P011,C,4,4190,16760.0,C0002
2025-01-30,Osaka,P010,B,1,4380,4380.0,C0021
2025-01-30,Osaka,P015,A,1,2680,2680.0,C0070
2025-01-30,Osaka,P013,B,2,3970,7940.0,C0021
2025-01-30,Osaka,P007,B,4,4700,18800.0,C0063
2025-01-30,Osaka,P006,A,2,3260,6520.0,C0161
2025-01-30,Osaka,P002,C,4,1900,7600.0,C0095
2025-01-30,Osaka,P013,B,3,2580,7740.0,C0273
2025-01-30,Osaka,P006,A,3,1980,5940.0,C0055
2025-01-30,Osaka,P008,C,3,4220,12660.0,C0117
2025-01-30,Nagoya,P010,B,1,3950,3950.0,C0172
2025-01-30,Nagoya,P006,A,2,2200,4400.0,C0184
2025-01-30,Nagoya,P009,A,2,2140,4280.0,C0120
2025-01-30,Nagoya,P008,C,2,2230,4460.0,C0175
2025-01-30,Nagoya,P004,B,3,1480,4440.0,C0142
2025-01-30,Nagoya,P012,A,4,3770,15080.0,C0223
2025-01-30,Nagoya,P001,B,2,3610,7220.0,C0240
2025-01-30,Nagoya,P009,A,4,2090,8360.0,C0046
2025-01-30,Nagoya,P002,C,3,3660,10980.0,C0086
2025-01-30,Nagoya,P012,A,3,2440,7320.0,C0072
2025-01-30,Nagoya,P012,A,3,1680,5040.0,C0077
2025-01-30,Nagoya,P008,C,3,1660,4980.0,C0284
2025-01-30,Nagoya,P006,A,2,1240,2480.0,C0262
2025-01-30,Nagoya,P004,B,4,2980,11920.0,C0262
2025-01-30,Nagoya,P003,A,1,4200,4200.0,C0246
2025-01-30,Nagoya,P009,A,1,4770,4770.0,C0118
2025-01-30,Nagoya,P015,A,4,4400,17600.0,C0206
2025-01-30,Nagoya,P011,C,3,1090,3270.0,C0116
2025-01-31,Tokyo,P013,B,3,3830,11490.0,C0007
2025-01-31,Tokyo,P008,C,3,4560,13680.0,C0094
2025-01-31,Tokyo,P004,B,2,1680,3360.0,C0167
2025-01-31,Tokyo,P010,B,4,4880,19520.0,C0023
2025-01-31,Tokyo,P004,B,2,1990,3980.0,C0248
2025-01-31,Tokyo,P003,A,1,4440,4440.0,C0288
2025-01-31,Tokyo,P004,B,2,3010,6020.0,C0158
2025-01-31,Tokyo,P015,A,2,1040,2080.0,C0127
2025-01-31,Tokyo,P009,A,3,3040,9120.0,C0276
2025-01-31,Tokyo,P013,B,2,2420,4840.0,C0200
2025-01-31,Tokyo,P007,B,2,1670,3340.0,C0077
2025-01-31,Tokyo,P012,A,4,4130,16520.0,C0093
2025-01-31,Tokyo,P003,A,1,2570,2570.0,C0155
2025-01-31,Tokyo,P014,C,4,1010,,C0212
2025-01-31,Tokyo,P005,C,1,3220,3220.0,C0011
2025-01-31,Tokyo,P006,A,3,2080,6240.0,C0178
2025-01-31,Tokyo,P007,B,4,1720,6880.0,C0018
2025-01-31,Osaka,P004,B,3,1370,4110.0,C0173
2025-01-31,Osaka,P015,A,1,2200,2200.0,C0253
2025-01-31,Osaka,P009,A,1,1850,1850.0,C0229
2025-01-31,Osaka,P013,B,2,2890,5780.0,C0235
2025-01-31,Osaka,P003,A,1,4090,4090.0,C0056
2025-01-31,Osaka,P012,A,2,4960,9920.0,C0010
2025-01-31,Osaka,P015,A,1,1140,1140.0,C0217
2025-01-31,Osaka,P008,C,4,1430,5720.0,C0025
2025-01-31,Osaka,P009,A,4,2620,10480.0,C0239
2025-01-31,Osaka,P014,C,4,3030,12120.0,C0209
2025-01-31,Osaka,P008,C,3,3260,9780.0,C0158
2025-01-31,Osaka,P007,B,3,4000,12000.0,C0275
2025-01-31,Osaka,P010,B,1,3340,3340.0,C0095
2025-01-31,Osaka,P001,B,1,3360,3360.0,C0283
2025-01-31,Osaka,P008,C,2,1350,2700.0,C0202
2025-01-31,Nagoya,P013,B,4,4960,19840.0,C0086
2025-01-31,Nagoya,P003,A,2,4190,8380.0,C0066
2025-01-31,Nagoya,P014,C,1,1190,1190.0,C0066
2025-01-31,Nagoya,P012,A,3,2410,7230.0,C0197
2025-01-31,Nagoya,P010,B,3,3050,9150.0,C0031
2025-01-31,Nagoya,P004,B,3,1540,4620.0,C0143
2025-01-31,Nagoya,P002,C,4,1410,5640.0,C0028
2025-01-31,Nagoya,P010,B,1,2400,2400.0,C0094
2025-01-31,Nagoya,P004,B,4,3760,15040.0,C0072
2025-01-31,Nagoya,P011,C,3,3150,9450.0,C0173
2025-02-01,Tokyo,P007,B,2,3150,6300.0,C0250
2025-02-01,Tokyo,P011,C,1,2830,2830.0,C0222
2025-02-01,Tokyo,P004,B,4,4230,16920.0,C0254
2025-02-01,Tokyo,P002,C,3,3110,9330.0,C0188
2025-02-01,Tokyo,P013,B,2,3130,6260.0,C0204
2025-02-01,Tokyo,P012,A,4,2340,9360.0,C0299
2025-02-01,Tokyo,P001,B,2,3430,6860.0,C0019
2025-02-01,Tokyo,P007,B,3,3430,10290.0,C0036
2025-02-01,Tokyo,P005,C,1,3550,3550.0,C0099
2025-02-01,Tokyo,P009,A,3,4180,12540.0,C0055
2025-02-01,Tokyo,P014,C,1,1080,,C0014
2025-02-01,Tokyo,P004,B,4,1830,7320.0,C0208
2025-02-01,Tokyo,P007,B,1,2770,2770.0,C0009
2025-02-01,Tokyo,P008,C,3,3080,9240.0,C0085
2025-02-01,Tokyo,P012,A,3,2010,6030.0,C0130
2025-02-01,Tokyo,P002,C,4,4010,16040.0,C0087
2025-02-01,Tokyo,P011,C,3,3430,10290.0,C0017
2025-02-01,Tokyo,P014,C,4,4890,19560.0,C0294
2025-02-01,Tokyo,P014,C,3,1220,3660.0,C0140
2025-02-01,Osaka,P004,B,4,4250,17000.0,C0157
2025-02-01,Osaka,P012,A,1,1880,1880.0,C0258
2025-02-01,Osaka,P007,B,3,2850,8550.0,C0061
2025-02-01,Osaka,P013,B,4,3730,14920.0,C0106
2025-02-01,Osaka,P010,B,4,3590,14360.0,C0148
2025-02-01,Osaka,P005,C,3,2480,7440.0,C0183
2025-02-01,Osaka,P001,B,1,4140,4140.0,C0114
2025-02-01,Osaka,P007,B,3,2750,8250.0,C0227
2025-02-01,Osaka,P004,B,4,1830,7320.0,C0111
2025-02-01,Osaka,P009,A,4,1930,7720.0,C0176
2025-02-01,Osaka,P001,B,1,4070,4070.0,C0215
2025-02-01,Osaka,P006,A,3,2520,7560.0,C0083
2025-02-01,Nagoya,P005,C,4,2640,10560.0,C0096
2025-02-01,Nagoya,P009,A,4,2090,8360.0,C0281
2025-02-01,Nagoya,P007,B,3,4820,14460.0,C0130
2025-02-01,Nagoya,P003,A,3,1020,3060.0,C0137
2025-02-01,Nagoya,P015,A,2,3730,7460.0,C0158
2025-02-01,Nagoya,P004,B,2,3090,6180.0,C0032
2025-02-01,Nagoya,P007,B,2,4330,8660.0,C0038
2025-02-01,Nagoya,P013,B,2,3600,7200.0,C0167
2025-02-01,Nagoya,P005,C,4,1890,7560.0,C0011
2025-02-01,Nagoya,P012,A,3,4560,13680.0,C0137
2025-02-01,Nagoya,P001,B,1,2730,2730.0,C0075
2025-02-01,Nagoya,P014,C,1,4520,4520.0,C0065
2025-02-01,Nagoya,P002,C,2,1570,3140.0,C0120
2025-02-01,Nagoya,P005,C,3,3140,9420.0,C0001
2025-02-02,Tokyo,P003,A,1,1370,1370.0,C0095
2025-02-02,Tokyo,P009,A,2,2310,4620.0,C0141
2025-02-02,Tokyo,P009,A,2,1880,3760.0,C0123
2025-02-02,Tokyo,P001,B,2,4760,9520.0,C0119
2025-02-02,Tokyo,P002,C,3,1500,4500.0,C0058
2025-02-02,Tokyo,P003,A,4,4920,19680.0,C0171
2025-02-02,Tokyo,P010,B,3,3440,10320.0,C0163
2025-02-02,Tokyo,P015,A,3,1350,4050.0,C0118
2025-02-02,Tokyo,P015,A,2,1810,3620.0,C0260
2025-02-02,Tokyo,P010,B,3,2680,8040.0,C0038
2025-02-02,Tokyo,P006,A,2,4720,9440.0,C0092
2025-02-02,Osaka,P007,B,4,2920,11680.0,C0114
2025-02-02,Osaka,P011,C,3,2190,6570.0,C0290
2025-02-02,Osaka,P009,A,1,2630,2630.0,C0276
2025-02-02,Osaka,P006,A,3,3450,10350.0,C0211
2025-02-02,Osaka,P014,C,1,3060,3060.0,C0160
2025-02-02,Osaka,P003,A,3,1470,4410.0,C0137
2025-02-02,Osaka,P005,C,1,4280,4280.0,C0073
2025-02-02,Osaka,P004,B,4,4500,18000.0,C0011
2025-02-02,Osaka,P005,C,3,4110,12330.0,C0299
2025-02-02,Osaka,P009,A,1,4490,4490.0,C0049
2025-02-02,Osaka,P002,C,3,3410,10230.0,C0018
2025-02-02,Nagoya,P009,A,2,3730,7460.0,C0124
2025-02-02,Nagoya,P009,A,2,2460,4920.0,C0103
2025-02-02,Nagoya,P011,C,3,3370,10110.0,C0173
2025-02-02,Nagoya,P004,B,4,3250,13000.0,C0215
2025-02-02,Nagoya,P014,C,4,3660,14640.0,C0236
2025-02-02,Nagoya,P008,C,3,2280,6840.0,C0213
2025-02-02,Nagoya,P002,C,4,1970,7880.0,C0197
2025-02-02,Nagoya,P001,B,1,4940,4940.0,C0250
2025-02-02,Nagoya,P004,B,1,4250,4250.0,C0297
2025-02-02,Nagoya,P003,A,3,2130,6390.0,C0223
2025-02-02,Nagoya,P007,B,1,2290,2290.0,C0162
2025-02-03,Tokyo,P001,B,4,3590,14360.0,C0262
2025-02-03,Tokyo,P014,C,1,1370,1370.0,C0233
2025-02-03,Tokyo,P003,A,1,2870,2870.0,C0274
2025-02-03,Tokyo,P012,A,3,1780,5340.0,C0101
2025-02-03,Tokyo,P011,C,1,3090,3090.0,C0004
2025-02-03,Tokyo,P005,C,1,3720,3720.0,C0274
2025-02-03,Tokyo,P003,A,4,3620,14480.0,C0290
2025-02-03,Tokyo,P014,C,1,3970,3970.0,C0178
2025-02-03,Tokyo,P002,C,2,4700,9400.0,C0163
2025-02-03,Tokyo,P006,A,2,4350,8700.0,C0085
2025-02-03,Tokyo,P003,A,3,4970,14910.0,C0055
2025-02-03,Tokyo,P004,B,2,1790,3580.0,C0195
2025-02-03,Tokyo,P004,B,1,2040,2040.0,C0279
2025-02-03,Tokyo,P015,A,3,2600,7800.0,C0246
2025-02-03,Tokyo,P003,A,3,3720,11160.0,C0213
2025-02-03,Tokyo,P004,B,3,3440,10320.0,C0262
2025-02-03,Tokyo,P003,A,3,4310,12930.0,C0084
2025-02-03,Osaka,P002,C,3,3420,10260.0,C0058
2025-02-03,Osaka,P001,B,3,1960,5880.0,C0149
2025-02-03,Osaka,P001,B,4,3190,,C0279
2025-02-03,Osaka,P003,A,1,3440,3440.0,C0181
2025-02-03,Osaka,P012,A,4,4280,17120.0,C0042
2025-02-03,Osaka,P005,C,4,3190,12760.0,C0260
2025-02-03,Osaka,P009,A,1,2890,2890.0,C0247
2025-02-03,Osaka,P010,B,1,1840,1840.0,C0256
2025-02-03,Osaka,P015,A,4,1390,5560.0,C0186
2025-02-03,Osaka,P013,B,3,3370,10110.0,C0140
2025-02-03,Osaka,P004,B,2,3980,7960.0,C0021
2025-02-03,Osaka,P002,C,2,4090,8180.0,C0197
2025-02-03,Osaka,P009,A,3,1440,4320.0,C0100
2025-02-03,Osaka,P002,C,4,4000,16000.0,C0078
2025-02-03,Osaka,P005,C,2,4550,9100.0,C0147
2025-02-03,Osaka,P012,A,2,3790,7580.0,C0158
2025-02-03,Osaka,P005,C,4,3830,15320.0,C0231
2025-02-03,Nagoya,P004,B,1,3320,3320.0,C0098
2025-02-03,Nagoya,P007,B,1,2590,2590.0,C0118
2025-02-03,Nagoya,P006,A,3,3370,10110.0,C0142
2025-02-03,Nagoya,P002,C,3,1700,5100.0,C0094
2025-02-03,Nagoya,P007,B,1,2550,2550.0,C0080
2025-02-03,Nagoya,P013,B,4,1010,4040.0,C0181
2025-02-03,Nagoya,P010,B,2,2870,5740.0,C0237
2025-02-03,Nagoya,P006,A,1,2490,2490.0,C0076
2025-02-03,Nagoya,P006,A,1,1590,1590.0,C0295
2025-02-03,Nagoya,P002,C,3,3870,11610.0,C0185
2025-13-40,Nagoya,P014,C,1,2200,2200.0,C0056
2025-02-03,Nagoya,P009,A,3,4590,13770.0,C0114
2025-02-03,Nagoya,P004,B,4,3690,14760.0,C0229
2025-02-03,Nagoya,P007,B,2,2550,5100.0,C0225
2025-02-03,Nagoya,P004,B,4,1700,6800.0,C0138
2025-02-03,Nagoya,P005,C,3,3720,11160.0,C0275
2025-02-03,Nagoya,P012,A,1,1820,1820.0,C0266
2025-02-03,Nagoya,P008,C,1,4290,4290.0,C0194
2025-02-03,Nagoya,P001,B,4,3420,13680.0,C0184
2025-02-04,Tokyo,P008,C,2,3460,6920.0,C0060
2025-02-04,Tokyo,P003,A,4,1860,7440.0,C0151
2025-02-04,Tokyo,P005,C,1,3390,3390.0,C0240
2025-02-04,Tokyo,P007,B,1,1970,1970.0,C0050
2025-02-04,Tokyo,P014,C,2,2490,4980.0,C0022
2025-02-04,Tokyo,P007,B,4,2630,10520.0,C0195
2025-02-04,Tokyo,P003,A,1,3920,3920.0,C0020
2025-02-04,Tokyo,P007,B,2,1060,2120.0,C0159
2025-02-04,Tokyo,P015,A,1,4260,4260.0,C0162
2025-02-04,Tokyo,P011,C,1,4470,4470.0,C0004
2025-02-04,Tokyo,P014,C,3,2340,7020.0,C0003
2025-02-04,Tokyo,P010,B,1,3430,3430.0,C0232
2025-02-04,Tokyo,P005,C,1,1880,1880.0,C0068
2025-02-04,Tokyo,P002,C,1,3630,,C0091
2025-02-04,Tokyo,P012,A,4,4040,16160.0,C0162
2025-02-04,Tokyo,P005,C,4,1820,7280.0,C0139
2025-02-04,Tokyo,P007,B,3,3180,9540.0,C0240
2025-02-04,Tokyo,P014,C,2,4490,8980.0,C0051
2025-02-04,Osaka,P003,A,4,2560,10240.0,C0289
2025-02-04,Osaka,P002,C,2,4600,9200.0,C0015
2025-02-04,Osaka,P004,B,1,2280,2280.0,C0117
2025-02-04,Osaka,P010,B,2,1630,3260.0,C0051
2025-02-04,Osaka,P015,A,4,1880,7520.0,C0059
2025-02-04,Osaka,P001,B,4,3820,15280.0,C0228
2025-02-04,Osaka,P005,C,3,1230,3690.0,C0203
2025-02-04,Osaka,P009,A,2,3840,7680.0,C0194
2025-02-04,Osaka,P007,B,1,1090,1090.0,C0281
2025-02-04,Osaka,P005,C,2,3720,7440.0,C0077
2025-02-04,Osaka,P006,A,3,3380,10140.0,C0197
2025-02-04,Osaka,P001,B,2,2900,5800.0,C0190
2025-02-04,Osaka,P003,A,1,4040,4040.0,C0202
2025-02-04,Osaka,P013,B,2,4990,9980.0,C0082
2025-02-04,Osaka,P010,B,1,4670,4670.0,C0100
2025-02-04,Osaka,P013,B,2,4160,8320.0,C0136
2025-02-04,Osaka,P001,B,1,3730,3730.0,C0058
2025-02-04,Osaka,P005,C,3,2010,6030.0,C0039
2025-02-04,Osaka,P010,B,3,3930,11790.0,C0283
2025-02-04,Nagoya,P007,B,1,4600,4600.0,C0162
2025-02-04,Nagoya,P002,C,3,1170,3510.0,C0082
2025-02-04,Nagoya,P011,C,3,4040,12120.0,C0171
2025-02-04,Nagoya,P013,B,3,1220,3660.0,C0022
2025-02-04,Nagoya,P012,A,1,2500,2500.0,C0005
2025-02-04,Nagoya,P005,C,3,1690,5070.0,C0140
2025-02-04,Nagoya,P015,A,1,1250,1250.0,C0082
2025-02-04,Nagoya,P013,B,2,3550,7100.0,C0011
2025-02-04,Nagoya,P012,A,1,3840,3840.0,C0045
2025-02-04,Nagoya,P013,B,2,1730,3460.0,C0101
2025-02-04,Nagoya,P001,B,1,3390,3390.0,C0090
2025-02-05,Tokyo,P013,B,1,2580,2580.0,C0056
2025-02-05,Tokyo,P008,C,2,1180,2360.0,C0021
2025-02-05,Tokyo,P013,B,1,4130,4130.0,C0274
2025-02-05,Tokyo,P007,B,2,4100,8200.0,C0294
2025-02-05,Tokyo,P002,C,4,4770,19080.0,C0043
2025-02-05,Tokyo,P001,B,3,1310,3930.0,C0180
2025-02-05,Tokyo,P001,B,3,1920,5760.0,C0029
2025-02-05,Tokyo,P001,B,1,3160,3160.0,C0023
2025-02-05,Tokyo,P013,B,3,2180,6540.0,C0295
2025-02-05,Tokyo,P010,B,3,1690,5070.0,C0213
2025-02-05,Tokyo,P009,A,4,2910,11640.0,C0203
2025-02-05,Tokyo,P006,A,1,1510,1510.0,C0260
2025-02-05,Tokyo,P012,A,2,3790,7580.0,C0002
2025-02-05,Osaka,P008,C,3,4740,14220.0,C0228
2025-02-05,Osaka,P004,B,4,2960,11840.0,C0247
2025-02-05,Osaka,P003,A,1,1230,1230.0,C0297
2025-02-05,Osaka,P002,C,4,3900,15600.0,C0044
2025-02-05,Osaka,P013,B,1,1570,1570.0,C0173
2025-02-05,Osaka,P005,C,2,1780,3560.0,C0182
2025-02-05,Osaka,P001,B,1,3210,3210.0,C0146
2025-02-05,Osaka,P011,C,1,3590,3590.0,C0228
2025-02-05,Osaka,P006,A,2,3220,6440.0,C0174
2025-02-05,Osaka,P002,C,3,1610,4830.0,C0171
2025-13-40,Nagoya,P009,A,4,2230,8920.0,C0276
2025-02-05,Nagoya,P013,B,4,3960,15840.0,C0195
2025-02-05,Nagoya,P008,C,4,4390,17560.0,C0125
2025-02-05,Nagoya,P002,C,1,1930,1930.0,C0019
2025-02-05,Nagoya,P004,B,1,4920,4920.0,C0029
2025-02-05,Nagoya,P010,B,2,1690,3380.0,C0210
2025-02-05,Nagoya,P015,A,4,4900,19600.0,C0177
2025-02-05,Nagoya,P011,C,1,4400,4400.0,C0224
2025-02-05,Nagoya,P004,B,2,3440,6880.0,C0004
2025-02-05,Nagoya,P013,B,2,1290,2580.0,C0099
2025-02-05,Nagoya,P013,B,2,3150,6300.0,C0243
2025-02-05,Nagoya,P001,B,4,2150,8600.0,C0208
2025-02-05,Nagoya,P003,A,1,4150,4150.0,C0242
2025-02-05,Nagoya,P015,A,3,2860,8580.0,C0059
2025-02-05,Nagoya,P005,C,3,2380,7140.0,C0145
2025-02-05,Nagoya,P003,A,2,1950,3900.0,C0034
2025-02-05,Nagoya,P002,C,3,2460,7380.0,C0030
2025-02-05,Nagoya,P008,C,1,1060,1060.0,C0040
2025-02-05,Nagoya,P007,B,4,1960,7840.0,C0086
2025-02-06,Tokyo,P006,A,3,2280,6840.0,C0197
2025-02-06,Tokyo,P014,C,4,3250,13000.0,C0214
2025-02-06,Tokyo,P014,C,4,2190,8760.0,C0040
2025-02-06,Tokyo,P002,C,4,3220,12880.0,C0089
2025-02-06,Tokyo,P006,A,2,4200,8400.0,C0184
2025-02-06,Tokyo,P014,C,2,2890,5780.0,C0037
2025-02-06,Tokyo,P015,A,3,3210,9630.0,C0124
2025-02-06,Tokyo,P005,C,4,2950,11800.0,C0202
2025-02-06,Tokyo,P001,B,2,4210,8420.0,C0027
2025-02-06,Tokyo,P002,C,4,2230,8920.0,C0082
2025-02-06,Tokyo,P009,A,1,1170,1170.0,C0002
2025-02-06,Tokyo,P002,C,1,3780,3780.0,C0090
2025-02-06,Osaka,P001,B,2,4360,8720.0,C0102
2025-02-06,Osaka,P001,B,1,2990,2990.0,C0057
2025-02-06,Osaka,P015,A,4,2370,9480.0,C0285
2025-02-06,Osaka,P005,C,1,4750,4750.0,C0287
2025-02-06,Osaka,P005,C,3,1690,5070.0,C0192
2025-02-06,Osaka,P011,C,3,3270,9810.0,C0211
2025-02-06,Osaka,P009,A,4,1710,6840.0,C0145
2025-02-06,Osaka,P007,B,3,1560,4680.0,C0097
2025-02-06,Osaka,P015,A,1,3540,3540.0,C0199
2025-02-06,Osaka,P008,C,1,1130,1130.0,C0083
2025-02-06,Nagoya,P002,C,1,1760,1760.0,C0251
2025-02-06,Nagoya,P010,B,1,3510,3510.0,C0041
2025-02-06,Nagoya,P007,B,1,1360,1360.0,C0040
2025-02-06,Nagoya,P007,B,2,2410,4820.0,C0186
2025-02-06,Nagoya,P011,C,3,3310,9930.0,C0164
2025-02-06,Nagoya,P008,C,1,2940,2940.0,C0004
2025-02-06,Nagoya,P015,A,2,4020,8040.0,C0287
2025-02-06,Nagoya,P008,C,4,2910,11640.0,C0040
2025-02-06,Nagoya,P001,B,1,4770,4770.0,C0143
2025-02-06,Nagoya,P005,C,2,2020,4040.0,C0261
2025-02-06,Nagoya,P015,A,1,3870,3870.0,C0101
2025-02-07,Tokyo,P014,C,1,1820,1820.0,C0008
2025-02-07,Tokyo,P008,C,3,2280,6840.0,C0022
2025-02-07,Tokyo,P002,C,4,4220,,C0281
2025-02-07,Tokyo,P008,C,3,4140,12420.0,C0185
2025-02-07,Tokyo,P007,B,2,2940,5880.0,C0020
2025-02-07,Tokyo,P003,A,3,4470,13410.0,C0031
2025-02-07,Tokyo,P002,C,1,4160,4160.0,C0094
2025-02-07,Tokyo,P005,C,1,4890,4890.0,C0130
2025-02-07,Tokyo,P012,A,3,1560,4680.0,C0240
2025-02-07,Tokyo,P009,A,3,1800,5400.0,C0254
2025-02-07,Osaka,P007,B,1,4390,4390.0,C0266
2025-02-07,Osaka,P008,C,3,1890,5670.0,C0021
2025-02-07,Osaka,P015,A,2,2090,4180.0,C0208
2025-02-07,Osaka,P001,B,1,1970,1970.0,C0135
2025-02-07,Osaka,P006,A,1,2400,2400.0,C0100
2025-02-07,Osaka,P008,C,3,4530,13590.0,C0242
2025-02-07,Osaka,P005,C,4,3080,12320.0,C0057
2025-02-07,Osaka,P006,A,3,4280,12840.0,C0112
2025-02-07,Osaka,P003,A,1,1410,1410.0,C0209
2025-02-07,Osaka,P008,C,2,3680,7360.0,C0248
2025-02-07,Osaka,P012,A,1,3350,3350.0,C0264
2025-02-07,Osaka,P012,A,2,2570,5140.0,C0267
2025-02-07,Osaka,P001,B,3,1460,4380.0,C0268
2025-02-07,Osaka,P001,B,1,2310,2310.0,C0060
2025-02-07,Osaka,P008,C,2,2420,4840.0,C0169
2025-02-07,Osaka,P009,A,4,2920,11680.0,C0169
2025-02-07,Osaka,P011,C,1,3660,3660.0,C0258
2025-02-07,Osaka,P005,C,1,2380,2380.0,C0083
2025-02-07,Osaka,P009,A,4,3380,13520.0,C0038
2025-02-07,Nagoya,P011,C,2,3340,6680.0,C0208
2025-02-07,Nagoya,P005,C,3,2590,7770.0,C0041
2025-02-07,Nagoya,P006,A,2,1000,2000.0,C0267
2025-02-07,Nagoya,P008,C,1,4470,4470.0,C0256
2025-02-07,Nagoya,P001,B,1,2450,2450.0,C0152
2025-02-07,Nagoya,P011,C,2,3440,6880.0,C0004
2025-02-07,Nagoya,P010,B,4,3100,12400.0,C0137
2025-02-07,Nagoya,P005,C,4,1130,4520.0,C0086
2025-02-07,Nagoya,P003,A,4,2930,11720.0,C0276
2025-02-07,Nagoya,P010,B,3,3060,9180.0,C0061
2025-02-07,Nagoya,P009,A,3,4860,14580.0,C0165
2025-02-07,Nagoya,P015,A,4,3090,12360.0,C0132
2025-02-07,Nagoya,P003,A,2,4510,9020.0,C0042
2025-02-08,Tokyo,P011,C,1,4890,4890.0,C0195
2025-02-08,Tokyo,P001,B,1,3960,3960.0,C0259
2025-02-08,Tokyo,P014,C,4,1290,5160.0,C0219
2025-02-08,Tokyo,P002,C,1,3760,3760.0,C0143
2025-02-08,Tokyo,P010,B,4,1270,5080.0,C0158
2025-02-08,Tokyo,P013,B,2,3090,6180.0,C0149
2025-02-08,Tokyo,P014,C,1,4510,4510.0,C0245
2025-02-08,Tokyo,P013,B,2,3060,6120.0,C0111
2025-02-08,Tokyo,P004,B,4,3020,12080.0,C0217
2025-02-08,Tokyo,P002,C,4,3630,14520.0,C0299
2025-02-08,Tokyo,P003,A,3,3040,9120.0,C0161
2025-02-08,Tokyo,P001,B,2,2190,4380.0,C0185
2025-02-08,Tokyo,P004,B,2,3480,6960.0,C0020
2025-02-08,Osaka,P011,C,1,1250,1250.0,C0255
2025-02-08,Osaka,P005,C,4,2990,11960.0,C0103
2025-02-08,Osaka,P005,C,3,1430,4290.0,C0121
2025-02-08,Osaka,P006,A,1,2410,2410.0,C0159
2025-02-08,Osaka,P011,C,1,4480,4480.0,C0263
2025-02-08,Osaka,P011,C,4,2710,10840.0,C0246
2025-02-08,Osaka,P011,C,3,1710,5130.0,C0167
2025-02-08,Osaka,P014,C,4,2790,11160.0,C0075
2025-02-08,Osaka,P012,A,1,1600,1600.0,C0169
2025-02-08,Osaka,P015,A,2,2770,5540.0,C0097
2025-02-08,Osaka,P007,B,1,3370,3370.0,C0179
2025-02-08,Osaka,P005,C,2,4040,8080.0,C0057
2025-02-08,Osaka,P001,B,1,4520,4520.0,C0109
2025-02-08,Osaka,P002,C,4,1590,6360.0,C0101
2025-02-08,Osaka,P001,B,3,3790,11370.0,C0227
2025-02-08,Osaka,P004,B,2,4750,9500.0,C0246
2025-02-08,Osaka,P001,B,3,4250,12750.0,C0168
2025-02-08,Nagoya,P001,B,1,1140,1140.0,C0048
2025-02-08,Nagoya,P015,A,3,4120,12360.0,C0089
2025-02-08,Nagoya,P015,A,1,4600,4600.0,C0010
2025-02-08,Nagoya,P001,B,1,4160,4160.0,C0077
2025-02-08,Nagoya,P007,B,2,4150,8300.0,C0105
2025-02-08,Nagoya,P001,B,2,2150,4300.0,C0219
2025-02-08,Nagoya,P012,A,1,4170,4170.0,C0022
2025-02-08,Nagoya,P010,B,2,2200,4400.0,C0145
2025-02-08,Nagoya,P005,C,4,4860,19440.0,C0244
2025-02-08,Nagoya,P007,B,3,2780,8340.0,C0238
2025-02-08,Nagoya,P009,A,2,2630,5260.0,C0113
2025-02-08,Nagoya,P009,A,3,2720,8160.0,C0242
2025-02-08,Nagoya,P013,B,2,4630,9260.0,C0052
2025-02-08,Nagoya,P014,C,2,3250,6500.0,C0085
2025-02-08,Nagoya,P007,B,2,3820,7640.0,C0025
2025-02-08,Nagoya,P013,B,4,3250,13000.0,C0164
2025-02-09,Tokyo,P003,A,3,1870,5610.0,C0203
2025-02-09,Tokyo,P005,C,3,4160,12480.0,C0063
2025-02-09,Tokyo,P010,B,2,2170,4340.0,C0176
2025-02-09,Tokyo,P015,A,1,4820,4820.0,C0256
2025-02-09,Tokyo,P008,C,3,2470,7410.0,C0039
2025-02-09,Tokyo,P009,A,4,1920,7680.0,C0215
2025-02-09,Tokyo,P012,A,4,2360,9440.0,C0118
2025-02-09,Tokyo,P007,B,4,4600,18400.0,C0124
2025-02-09,Tokyo,P015,A,3,2540,7620.0,C0001
2025-02-09,Tokyo,P010,B,3,4870,14610.0,C0215
2025-02-09,Tokyo,P001,B,3,3970,11910.0,C0149
2025-02-09,Tokyo,P007,B,4,3440,13760.0,C0204
2025-02-09,Tokyo,P007,B,2,3070,6140.0,C0287
2025-02-09,Tokyo,P010,B,3,1490,4470.0,C0296
2025-02-09,Tokyo,P004,B,4,2780,11120.0,C0275
2025-02-09,Tokyo,P014,C,4,4660,18640.0,C0183
2025-02-09,Osaka,P003,A,1,3170,3170.0,C0243
2025-02-09,Osaka,P012,A,3,3080,9240.0,C0183
2025-02-09,Osaka,P014,C,4,1430,5720.0,C0179
2025-02-09,Osaka,P006,A,4,3020,12080.0,C0297
2025-02-09,Osaka,P007,B,3,1430,4290.0,C0279
2025-02-09,Osaka,P003,A,2,4350,8700.0,C0290
2025-02-09,Osaka,P008,C,2,1190,2380.0,C0293
2025-02-09,Osaka,P001,B,1,2890,2890.0,C0002
2025-02-09,Osaka,P003,A,3,3820,11460.0,C0090
2025-02-09,Osaka,P012,A,3,1910,5730.0,C0214
2025-02-09,Osaka,P009,A,4,1610,6440.0,C0070
2025-02-09,Osaka,P005,C,2,4550,9100.0,C0220
2025-02-09,Osaka,P009,A,3,4540,13620.0,C0134
2025-02-09,Osaka,P004,B,1,2320,2320.0,C0196
2025-02-09,Osaka,P008,C,2,2920,5840.0,C0292
2025-02-09,Osaka,P015,A,1,1450,1450.0,C0074
2025-02-09,Osaka,P013,B,2,4450,8900.0,C0194
2025-02-09,Osaka,P009,A,2,2370,4740.0,C0045
2025-02-09,Nagoya,P005,C,2,1150,2300.0,C0239
2025-02-09,Nagoya,P015,A,2,3140,6280.0,C0277
2025-02-09,Nagoya,P008,C,3,2710,8130.0,C0154
2025-02-09,Nagoya,P008,C,3,3410,10230.0,C0151
2025-02-09,Nagoya,P002,C,4,4550,18200.0,C0056
2025-02-09,Nagoya,P005,C,4,2280,9120.0,C0243
2025-02-09,Nagoya,P012,A,4,1060,4240.0,C0145
2025-02-09,Nagoya,P009,A,4,1890,7560.0,C0092
2025-02-09,Nagoya,P003,A,4,4990,19960.0,C0042
2025-02-09,Nagoya,P004,B,2,4550,9100.0,C0134
2025-02-09,Nagoya,P005,C,2,3390,6780.0,C0116
2025-02-09,Nagoya,P003,A,4,2680,10720.0,C0077
2025-02-09,Nagoya,P011,C,3,1620,4860.0,C0023
2025-02-09,Nagoya,P001,B,4,3500,14000.0,C0237
2025-02-09,Nagoya,P010,B,2,3350,6700.0,C0217
2025-02-10,Tokyo,P014,C,4,4200,16800.0,C0297
2025-02-10,Tokyo,P006,A,1,2930,2930.0,C0224
2025-02-10,Tokyo,P012,A,2,2170,4340.0,C0134
2025-02-10,Tokyo,P013,B,1,2310,2310.0,C0069
2025-02-10,Tokyo,P013,B,2,1340,2680.0,C0079
2025-02-10,Tokyo,P001,B,2,4990,9980.0,C0170
2025-02-10,Tokyo,P014,C,3,4530,13590.0,C0093
2025-02-10,Tokyo,P015,A,1,2750,2750.0,C0204
2025-02-10,Tokyo,P005,C,2,1520,3040.0,C0002
2025-02-10,Tokyo,P008,C,4,1880,7520.0,C0132
2025-02-10,Tokyo,P015,A,4,1010,4040.0,C0150
2025-02-10,Tokyo,P003,A,1,1980,1980.0,C0184
2025-02-10,Tokyo,P003,A,2,1900,3800.0,C0107
2025-02-10,Osaka,P006,A,2,3070,6140.0,C0184
2025-02-10,Osaka,P001,B,4,4660,18640.0,C0181
2025-02-10,Osaka,P009,A,3,2760,8280.0,C0110
2025-02-10,Osaka,P006,A,1,4360,4360.0,C0096
2025-02-10,Osaka,P005,C,4,3020,12080.0,C0186
2025-02-10,Osaka,P004,B,2,3910,7820.0,C0135
2025-02-10,Osaka,P003,A,4,2610,10440.0,C0200
2025-02-10,Osaka,P006,A,3,4100,12300.0,C0265
2025-02-10,Osaka,P004,B,3,4650,13950.0,C0193
2025-02-10,Osaka,P003,A,1,1810,1810.0,C0032
2025-02-10,Osaka,P012,A,4,3060,12240.0,C0180
2025-02-10,Osaka,P012,A,2,2880,5760.0,C0177
2025-02-10,Osaka,P005,C,1,3270,3270.0,C0246
2025-02-10,Osaka,P002,C,1,2050,2050.0,C0241
2025-02-10,Osaka,P008,C,3,3580,10740.0,C0083
2025-02-10,Osaka,P011,C,1,1450,1450.0,C0244
2025-02-10,Nagoya,P003,A,2,1200,2400.0,C0201
2025-02-10,Nagoya,P012,A,2,2400,4800.0,C0071
2025-02-10,Nagoya,P006,A,2,1980,3960.0,C0129
2025-02-10,Nagoya,P013,B,4,2180,8720.0,C0282
2025-02-10,Nagoya,P004,B,4,2230,8920.0,C0162
2025-02-10,Nagoya,P004,B,4,2270,9080.0,C0261
2025-02-10,Nagoya,P002,C,3,1630,4890.0,C0266
2025-02-10,Nagoya,P007,B,3,4510,13530.0,C0161
2025-02-10,Nagoya,P001,B,1,1850,1850.0,C0274
2025-02-10,Nagoya,P014,C,2,4560,9120.0,C0074
2025-02-10,Nagoya,P011,C,2,1960,3920.0,C0075
2025-02-10,Nagoya,P007,B,2,1840,3680.0,C0100
2025-02-10,Nagoya,P002,C,4,2510,10040.0,C0033
2025-02-10,Nagoya,P009,A,4,2430,9720.0,C0253
2025-02-10,Nagoya,P010,B,3,2180,6540.0,C0012
2025-02-10,Nagoya,P006,A,4,4160,16640.0,C0235
2025-02-11,Tokyo,P006,A,2,4700,9400.0,C0171
2025-02-11,Tokyo,P005,C,2,4500,9000.0,C0016
2025-02-11,Tokyo,P001,B,3,1000,3000.0,C0052
2025-02-11,Tokyo,P015,A,2,3910,7820.0,C0146
2025-02-11,Tokyo,P002,C,1,4040,4040.0,C0029
2025-02-11,Tokyo,P009,A,2,2480,4960.0,C0285
2025-02-11,Tokyo,P010,B,3,2400,7200.0,C0115
2025-02-11,Tokyo,P011,C,1,1940,1940.0,C0180
2025-02-11,Tokyo,P010,B,1,4150,4150.0,C0163
2025-02-11,Tokyo,P004,B,4,4960,19840.0,C0127
2025-02-11,Tokyo,P005,C,2,3370,6740.0,C0015
2025-02-11,Tokyo,P008,C,1,1150,1150.0,C0129
2025-02-11,Tokyo,P012,A,4,1350,5400.0,C0073
2025-02-11,Tokyo,P007,B,3,4940,14820.0,C0205
2025-02-11,Tokyo,P009,A,1,1320,1320.0,C0046
2025-02-11,Tokyo,P010,B,2,1960,3920.0,C0201
2025-02-11,Tokyo,P013,B,2,4520,9040.0,C0220
2025-02-11,Tokyo,P011,C,4,1730,6920.0,C0227
2025-02-11,Osaka,P015,A,3,4010,12030.0,C0266
2025-02-11,Osaka,P013,B,4,4320,17280.0,C0115
2025-02-11,Osaka,P011,C,2,4200,8400.0,C0243
2025-02-11,Osaka,P015,A,3,2900,8700.0,C0050
2025-02-11,Osaka,P010,B,3,3050,9150.0,C0203
2025-02-11,Osaka,P013,B,1,2720,,C0216
2025-02-11,Osaka,P013,B,4,4190,16760.0,C0256
2025-02-11,Osaka,P015,A,3,1990,5970.0,C0169
2025-02-11,Osaka,P011,C,1,4020,4020.0,C0163
2025-02-11,Osaka,P015,A,1,4620,4620.0,C0134
2025-02-11,Osaka,P009,A,3,3310,9930.0,C0271
2025-02-11,Osaka,P003,A,3,4890,14670.0,C0066
2025-02-11,Osaka,P004,B,2,3890,7780.0,C0287
2025-02-11,Osaka,P012,A,4,2760,11040.0,C0193
2025-02-11,Osaka,P004,B,2,1750,3500.0,C0009
2025-02-11,Osaka,P013,B,4,3040,12160.0,C0005
2025-02-11,Osaka,P002,C,1,3860,3860.0,C0061
2025-02-11,Osaka,P004,B,4,4500,18000.0,C0229
2025-02-11,Osaka,P005,C,3,1800,5400.0,C0257
2025-02-11,Nagoya,P012,A,3,4020,12060.0,C0135
2025-02-11,Nagoya,P003,A,4,3520,14080.0,C0139
2025-02-11,Nagoya,P006,A,2,2920,5840.0,C0079
2025-02-11,Nagoya,P005,C,2,1050,2100.0,C0278
2025-02-11,Nagoya,P004,B,1,1600,1600.0,C0296
2025-02-11,Nagoya,P008,C,2,2610,5220.0,C0027
2025-02-11,Nagoya,P005,C,1,4210,4210.0,C0018
2025-02-11,Nagoya,P007,B,4,4330,17320.0,C0154
2025-02-11,Nagoya,P004,B,2,1880,3760.0,C0198
2025-02-11,Nagoya,P005,C,3,3620,10860.0,C0282
2025-02-12,Tokyo,P015,A,2,3720,7440.0,C0198
2025-02-12,Tokyo,P013,B,2,4160,8320.0,C0107
2025-02-12,Tokyo,P008,C,2,3810,7620.0,C0185
2025-02-12,Tokyo,P002,C,4,4030,16120.0,C0032
2025-02-12,Tokyo,P015,A,3,1330,3990.0,C0147
2025-02-12,Tokyo,P013,B,2,4730,9460.0,C0126
2025-02-12,Tokyo,P004,B,2,3090,6180.0,C0206
2025-02-12,Tokyo,P014,C,1,4840,4840.0,C0158
2025-02-12,Tokyo,P002,C,4,2390,9560.0,C0186
2025-02-12,Tokyo,P011,C,1,1880,1880.0,C0206
2025-02-12,Tokyo,P005,C,1,1090,1090.0,C0248
2025-02-12,Tokyo,P003,A,1,3240,3240.0,C0036
2025-02-12,Tokyo,P010,B,3,3590,10770.0,C0147
2025-02-12,Osaka,P010,B,2,1060,2120.0,C0082
2025-02-12,Osaka,P002,C,1,2090,2090.0,C0062
2025-02-12,Osaka,P002,C,2,3020,6040.0,C0054
2025-02-12,Osaka,P005,C,1,1200,1200.0,C0048
2025-02-12,Osaka,P007,B,3,4150,12450.0,C0189
2025-02-12,Osaka,P010,B,4,2020,8080.0,C0239
2025-02-12,Osaka,P015,A,3,4360,13080.0,C0042
2025-02-12,Osaka,P014,C,3,1880,5640.0,C0019
2025-02-12,Osaka,P011,C,2,2240,4480.0,C0117
2025-02-12,Osaka,P015,A,2,1310,2620.0,C0084
2025-02-12,Osaka,P003,A,3,4200,12600.0,C0252
2025-02-12,Osaka,P010,B,4,2660,10640.0,C0188
2025-02-12,Osaka,P002,C,3,3220,9660.0,C0010
2025-02-12,Osaka,P009,A,3,2470,7410.0,C0163
2025-02-12,Osaka,P005,C,2,1510,3020.0,C0099
2025-02-12,Osaka,P013,B,4,3540,14160.0,C0187
2025-02-12,Osaka,P010,B,2,2690,5380.0,C0186
2025-02-12,Nagoya,P007,B,3,2880,8640.0,C0086
2025-02-12,Nagoya,P005,C,1,2750,2750.0,C0214
2025-02-12,Nagoya,P011,C,4,1150,4600.0,C0228
2025-02-12,Nagoya,P012,A,2,2130,4260.0,C0107
2025-02-12,Nagoya,P011,C,4,3570,14280.0,C0154
2025-02-12,Nagoya,P010,B,1,3430,3430.0,C0013
2025-02-12,Nagoya,P015,A,4,3030,12120.0,C0112
2025-02-12,Nagoya,P011,C,3,3820,11460.0,C0155
2025-02-12,Nagoya,P004,B,1,2130,2130.0,C0159
2025-02-12,Nagoya,P007,B,3,2110,6330.0,C0281
2025-02-12,Nagoya,P006,A,4,2560,10240.0,C0133
2025-02-12,Nagoya,P010,B,2,1870,3740.0,C0114
2025-02-12,Nagoya,P013,B,1,2750,2750.0,C0201
2025-02-12,Nagoya,P011,C,2,1320,2640.0,C0005
2025-02-12,Nagoya,P008,C,4,1110,4440.0,C0266
2025-02-12,Nagoya,P011,C,1,2370,2370.0,C0066
2025-02-12,Nagoya,P015,A,3,2290,6870.0,C0084
2025-02-13,Tokyo,P001,B,2,1660,3320.0,C0186
2025-02-13,Tokyo,P011,C,2,1560,3120.0,C0111
2025-02-13,Tokyo,P013,B,1,1650,1650.0,C0034
2025-02-13,Tokyo,P013,B,1,3320,3320.0,C0299
2025-02-13,Tokyo,P010,B,2,1820,3640.0,C0001
2025-02-13,Tokyo,P003,A,4,1570,6280.0,C0006
2025-02-13,Tokyo,P013,B,2,2420,4840.0,C0215
2025-02-13,Tokyo,P008,C,4,2870,11480.0,C0214
2025-02-13,Tokyo,P014,C,2,2130,4260.0,C0292
2025-02-13,Tokyo,P004,B,1,3310,3310.0,C0296
2025-02-13,Tokyo,P002,C,4,4320,17280.0,C0278
2025-02-13,Tokyo,P007,B,2,3040,6080.0,C0043
2025-02-13,Tokyo,P013,B,3,2930,8790.0,C0155
2025-02-13,Tokyo,P011,C,3,4350,13050.0,C0277
2025-02-13,Tokyo,P015,A,3,3970,11910.0,C0094
2025-02-13,Osaka,P007,B,4,1530,6120.0,C0164
2025-02-13,Osaka,P003,A,2,1570,3140.0,C0220
2025-02-13,Osaka,P013,B,4,3810,15240.0,C0071
2025-02-13,Osaka,P008,C,1,2490,2490.0,C0152
2025-02-13,Osaka,P011,C,1,4250,4250.0,C0138
2025-02-13,Osaka,P014,C,3,3180,9540.0,C0208
2025-02-13,Osaka,P013,B,1,3040,3040.0,C0009
2025-02-13,Osaka,P008,C,4,4460,17840.0,C0085
2025-02-13,Osaka,P006,A,3,2580,7740.0,C0054
2025-02-13,Osaka,P005,C,2,3070,6140.0,C0276
2025-02-13,Nagoya,P006,A,3,4090,12270.0,C0129
2025-02-13,Nagoya,P008,C,1,4450,4450.0,C0260
2025-02-13,Nagoya,P003,A,2,2080,4160.0,C0276
2025-02-13,Nagoya,P001,B,1,2250,2250.0,C0168
2025-02-13,Nagoya,P004,B,3,3980,11940.0,C0248
2025-02-13,Nagoya,P002,C,1,1380,1380.0,C0273
2025-02-13,Nagoya,P010,B,3,4160,12480.0,C0176
2025-02-13,Nagoya,P004,B,3,3810,11430.0,C0011
2025-02-13,Nagoya,P010,B,2,1270,2540.0,C0079
2025-02-13,Nagoya,P007,B,2,2160,4320.0,C0195
2025-02-13,Nagoya,P007,B,2,4190,8380.0,C0028
2025-02-13,Nagoya,P006,A,1,4700,4700.0,C0056
2025-02-13,Nagoya,P013,B,1,2290,2290.0,C0182
2025-02-13,Nagoya,P013,B,1,1850,1850.0,C0264
2025-02-13,Nagoya,P005,C,1,3970,3970.0,C0028
2025-02-14,Tokyo,P014,C,4,2180,8720.0,C0035
2025-02-14,Tokyo,P007,B,2,4830,9660.0,C0189
2025-02-14,Tokyo,P015,A,4,3850,15400.0,C0034
2025-02-14,Tokyo,P002,C,1,3370,3370.0,C0061
2025-02-14,Tokyo,P015,A,1,4780,4780.0,C0200
2025-02-14,Tokyo,P002,C,1,2580,2580.0,C0102
2025-02-14,Tokyo,P005,C,3,1510,4530.0,C0039
2025-02-14,Tokyo,P011,C,4,2090,8360.0,C0279
2025-02-14,Tokyo,P006,A,2,1360,2720.0,C0127
2025-02-14,Tokyo,P008,C,3,1630,4890.0,C0057
2025-02-14,Tokyo,P007,B,1,1570,1570.0,C0189
2025-02-14,Tokyo,P015,A,3,1570,4710.0,C0297
2025-02-14,Tokyo,P008,C,3,1780,5340.0,C0173
2025-02-14,Tokyo,P002,C,3,1800,5400.0,C0272
2025-02-14,Tokyo,P001,B,3,1550,4650.0,C0206
2025-02-14,Tokyo,P008,C,4,3600,14400.0,C0112
2025-02-14,Tokyo,P002,C,3,2760,8280.0,C0016
2025-02-14,Tokyo,P009,A,1,1930,1930.0,C0003
2025-02-14,Osaka,P004,B,1,2730,2730.0,C0066
2025-02-14,Osaka,P003,A,2,1250,2500.0,C0297
2025-02-14,Osaka,P008,C,4,4520,18080.0,C0293
2025-02-14,Osaka,P009,A,2,3870,7740.0,C0025
2025-02-14,Osaka,P013,B,2,1020,2040.0,C0072
2025-02-14,Osaka,P004,B,1,3670,3670.0,C0029
2025-02-14,Osaka,P013,B,2,3870,7740.0,C0102
2025-02-14,Osaka,P002,C,1,3580,3580.0,C0215
2025-02-14,Osaka,P005,C,2,4780,9560.0,C0255
2025-02-14,Osaka,P007,B,1,2200,2200.0,C0161
2025-02-14,Osaka,P009,A,1,1260,1260.0,C0149
2025-02-14,Osaka,P012,A,1,2630,2630.0,C0049
2025-02-14,Osaka,P004,B,3,2140,6420.0,C0079
2025-02-14,Nagoya,P003,A,1,4710,4710.0,C0165
2025-02-14,Nagoya,P001,B,2,3260,6520.0,C0076
2025-02-14,Nagoya,P009,A,3,2000,6000.0,C0243
2025-02-14,Nagoya,P007,B,4,1350,5400.0,C0097
2025-02-14,Nagoya,P011,C,4,1880,7520.0,C0294
2025-02-14,Nagoya,P003,A,2,2250,4500.0,C0127
2025-02-14,Nagoya,P014,C,3,4180,12540.0,C0076
2025-02-14,Nagoya,P015,A,2,3600,7200.0,C0209
2025-02-14,Nagoya,P010,B,3,2920,8760.0,C0194
2025-02-14,Nagoya,P014,C,2,3040,6080.0,C0054
2025-02-14,Nagoya,P006,A,4,3560,14240.0,C0064
2025-02-14,Nagoya,P009,A,4,1490,5960.0,C0019
2025-02-14,Nagoya,P006,A,3,2250,6750.0,C0246
2025-02-14,Nagoya,P013,B,3,2510,7530.0,C0013
2025-02-14,Nagoya,P013,B,4,2760,11040.0,C0155
2025-02-14,Nagoya,P012,A,3,1540,4620.0,C0202
2025-02-14,Nagoya,P014,C,4,2920,11680.0,C0157
2025-02-14,Nagoya,P004,B,3,1960,5880.0,C0103
2025-02-14,Nagoya,P004,B,2,2460,4920.0,C0025
2025-02-15,Tokyo,P007,B,4,1720,6880.0,C0201
2025-02-15,Tokyo,P003,A,3,2960,8880.0,C0135
2025-02-15,Tokyo,P010,B,4,2260,9040.0,C0255
2025-02-15,Tokyo,P003,A,2,2240,4480.0,C0286
2025-02-15,Tokyo,P002,C,2,2690,5380.0,C0240
2025-02-15,Tokyo,P008,C,4,3960,15840.0,C0211
2025-02-15,Tokyo,P012,A,1,2790,2790.0,C0176
2025-02-15,Tokyo,P004,B,1,1540,1540.0,C0236
2025-02-15,Tokyo,P010,B,2,3940,7880.0,C0208
2025-02-15,Tokyo,P013,B,4,4520,18080.0,C0055
2025-02-15,Tokyo,P012,A,2,2610,5220.0,C0194
2025-02-15,Tokyo,P010,B,2,4990,9980.0,C0053
2025-02-15,Tokyo,P002,C,1,4250,4250.0,C0122
2025-02-15,Tokyo,P007,B,3,2740,8220.0,C0172
2025-02-15,Tokyo,P001,B,1,4720,4720.0,C0135
2025-02-15,Tokyo,P003,A,2,2330,4660.0,C0082
2025-02-15,Tokyo,P005,C,3,1420,4260.0,C0093
2025-02-15,Osaka,P009,A,4,4690,18760.0,C0089
2025-02-15,Osaka,P009,A,1,3460,3460.0,C0046
2025-02-15,Osaka,P002,C,3,1710,5130.0,C0143
2025-02-15,Osaka,P002,C,3,4050,12150.0,C0172
2025-02-15,Osaka,P013,B,2,1740,3480.0,C0046
2025-02-15,Osaka,P004,B,1,2290,2290.0,C0065
2025-02-15,Osaka,P009,A,1,3480,3480.0,C0100
2025-02-15,Osaka,P011,C,3,4620,13860.0,C0132
2025-02-15,Osaka,P005,C,3,3630,10890.0,C0132
2025-02-15,Osaka,P009,A,2,2220,4440.0,C0094
2025-02-15,Osaka,P014,C,3,1380,4140.0,C0288
2025-02-15,Osaka,P011,C,1,3910,3910.0,C0177
2025-02-15,Osaka,P014,C,2,3070,6140.0,C0095
2025-02-15,Osaka,P005,C,3,4310,12930.0,C0267
2025-02-15,Nagoya,P010,B,3,2350,7050.0,C0230
2025-02-15,Nagoya,P005,C,2,4470,8940.0,C0177
2025-02-15,Nagoya,P006,A,4,4850,19400.0,C0096
2025-02-15,Nagoya,P008,C,2,3800,7600.0,C0285
2025-02-15,Nagoya,P009,A,4,3380,13520.0,C0266
2025-02-15,Nagoya,P007,B,2,2680,5360.0,C0298
2025-02-15,Nagoya,P010,B,1,1160,1160.0,C0156
2025-02-15,Nagoya,P013,B,2,3240,6480.0,C0239
2025-02-15,Nagoya,P008,C,4,3550,14200.0,C0219
2025-02-15,Nagoya,P012,A,3,1200,3600.0,C0128
2025-02-15,Nagoya,P003,A,3,1570,4710.0,C0153
2025-02-15,Nagoya,P006,A,1,1490,1490.0,C0151
2025-02-15,Nagoya,P002,C,4,4030,16120.0,C0213
2025-02-15,Nagoya,P003,A,4,3530,14120.0,C0117
2025-02-15,Nagoya,P001,B,3,4180,12540.0,C0011
2025-02-15,Nagoya,P001,B,2,3040,6080.0,C0142
2025-02-15,Nagoya,P007,B,2,1230,2460.0,C0010
2025-02-16,Tokyo,P011,C,4,2740,10960.0,C0024
2025-02-16,Tokyo,P007,B,4,1990,7960.0,C0147
2025-02-16,Tokyo,P009,A,2,2750,5500.0,C0142
2025-02-16,Tokyo,P008,C,3,3320,9960.0,C0016
2025-02-16,Tokyo,P001,B,2,4630,9260.0,C0012
2025-02-16,Tokyo,P002,C,3,2800,8400.0,C0069
2025-02-16,Tokyo,P004,B,3,3090,9270.0,C0191
2025-02-16,Tokyo,P005,C,3,4440,13320.0,C0095
2025-02-16,Tokyo,P006,A,1,3550,3550.0,C0010
2025-02-16,Tokyo,P004,B,3,1070,3210.0,C0296
2025-02-16,Osaka,P006,A,3,3550,10650.0,C0138
2025-02-16,Osaka,P014,C,4,1800,7200.0,C0212
2025-02-16,Osaka,P005,C,4,2010,8040.0,C0089
2025-02-16,Osaka,P011,C,4,1510,6040.0,C0167
2025-02-16,Osaka,P006,A,3,3220,9660.0,C0295
2025-02-16,Osaka,P015,A,3,3710,11130.0,C0269
2025-02-16,Osaka,P003,A,3,4080,12240.0,C0039
2025-02-16,Osaka,P014,C,3,2380,7140.0,C0145
2025-02-16,Osaka,P008,C,4,4870,19480.0,C0242
2025-02-16,Osaka,P010,B,1,4650,,C0041
2025-02-16,Osaka,P003,A,1,4790,4790.0,C0148
2025-02-16,Osaka,P004,B,1,2640,2640.0,C0217
2025-02-16,Osaka,P015,A,3,3420,10260.0,C0250
2025-02-16,Osaka,P014,C,2,4960,9920.0,C0156
2025-02-16,Nagoya,P002,C,1,4530,4530.0,C0202
2025-02-16,Nagoya,P003,A,4,1400,5600.0,C0205
2025-02-16,Nagoya,P004,B,1,4220,4220.0,C0254
2025-02-16,Nagoya,P002,C,1,3450,3450.0,C0009
2025-02-16,Nagoya,P012,A,4,4000,16000.0,C0069
2025-02-16,Nagoya,P003,A,3,1240,3720.0,C0161
2025-02-16,Nagoya,P007,B,3,1800,5400.0,C0228
2025-02-16,Nagoya,P011,C,1,2420,2420.0,C0020
2025-02-16,Nagoya,P007,B,2,1450,2900.0,C0168
2025-02-16,Nagoya,P009,A,1,1740,1740.0,C0025
2025-02-16,Nagoya,P011,C,2,1280,2560.0,C0058
2025-02-16,Nagoya,P015,A,2,3730,7460.0,C0141
2025-02-16,Nagoya,P003,A,2,1050,2100.0,C0224
2025-02-16,Nagoya,P006,A,2,1610,3220.0,C0247
2025-02-16,Nagoya,P004,B,3,4490,13470.0,C0214
2025-02-16,Nagoya,P010,B,4,1700,6800.0,C0289
2025-02-16,Nagoya,P009,A,2,2020,4040.0,C0223
2025-02-16,Nagoya,P015,A,3,1130,3390.0,C0141
2025-02-16,Nagoya,P011,C,2,4090,8180.0,C0212
2025-02-17,Tokyo,P009,A,1,2940,2940.0,C0115
2025-02-17,Tokyo,P013,B,4,2840,11360.0,C0161
2025-02-17,Tokyo,P010,B,3,3540,10620.0,C0235
2025-02-17,Tokyo,P015,A,4,1530,6120.0,C0143
2025-02-17,Tokyo,P007,B,3,3110,9330.0,C0215
2025-02-17,Tokyo,P007,B,2,2830,5660.0,C0256
2025-02-17,Tokyo,P005,C,1,4900,4900.0,C0059
2025-02-17,Tokyo,P010,B,4,2090,8360.0,C0102
2025-02-17,Tokyo,P005,C,1,1610,1610.0,C0056
2025-02-17,Tokyo,P007,B,3,1060,3180.0,C0254
2025-02-17,Osaka,P002,C,4,1120,4480.0,C0168
2025-02-17,Osaka,P007,B,3,4820,14460.0,C0278
2025-02-17,Osaka,P005,C,3,4830,14490.0,C0218
2025-02-17,Osaka,P014,C,2,2130,4260.0,C0153
2025-02-17,Osaka,P013,B,4,3740,14960.0,C0212
2025-02-17,Osaka,P008,C,2,2690,5380.0,C0149
2025-02-17,Osaka,P013,B,3,4170,12510.0,C0009
2025-02-17,Osaka,P012,A,3,4990,14970.0,C0142
2025-02-17,Osaka,P008,C,1,4220,4220.0,C0210
2025-02-17,Osaka,P013,B,1,1840,1840.0,C0263
2025-02-17,Osaka,P001,B,3,2610,7830.0,C0281
2025-02-17,Osaka,P013,B,4,2150,8600.0,C0176
2025-02-17,Osaka,P011,C,4,1020,4080.0,C0293
2025-02-17,Osaka,P006,A,1,3460,3460.0,C0234
2025-02-17,Osaka,P002,C,1,4580,4580.0,C0280
2025-02-17,Osaka,P003,A,4,4630,18520.0,C0299
2025-02-17,Nagoya,P009,A,4,4610,18440.0,C0181
2025-02-17,Nagoya,P003,A,1,2030,2030.0,C0020
2025-02-17,Nagoya,P003,A,1,4040,4040.0,C0177
2025-02-17,Nagoya,P008,C,4,2640,10560.0,C0121
2025-02-17,Nagoya,P004,B,2,1690,3380.0,C0177
2025-02-17,Nagoya,P015,A,3,2190,6570.0,C0206
2025-02-17,Nagoya,P013,B,2,2000,4000.0,C0214
2025-02-17,Nagoya,P003,A,4,2270,9080.0,C0105
2025-02-17,Nagoya,P011,C,1,1810,1810.0,C0038
2025-02-17,Nagoya,P006,A,3,1710,5130.0,C0103
2025-02-17,Nagoya,P012,A,4,1050,4200.0,C0188
2025-02-17,Nagoya,P001,B,3,4510,13530.0,C0239
2025-02-18,Tokyo,P004,B,4,4270,17080.0,C0084
2025-02-18,Tokyo,P001,B,2,3470,6940.0,C0133
2025-02-18,Tokyo,P015,A,4,4150,16600.0,C0007
2025-02-18,Tokyo,P013,B,4,2580,10320.0,C0177
2025-02-18,Tokyo,P013,B,4,3200,12800.0,C0013
2025-02-18,Tokyo,P010,B,3,1230,3690.0,C0245
2025-02-18,Tokyo,P004,B,4,3200,12800.0,C0097
2025-02-18,Tokyo,P001,B,1,3960,3960.0,C0113
2025-02-18,Tokyo,P013,B,1,4680,4680.0,C0282
2025-02-18,Tokyo,P002,C,3,4750,14250.0,C0097
2025-02-18,Tokyo,P002,C,4,2890,11560.0,C0009
2025-02-18,Tokyo,P013,B,3,1280,3840.0,C0078
2025-02-18,Osaka,P015,A,1,4180,4180.0,C0153
2025-02-18,Osaka,P009,A,4,4570,18280.0,C0039
2025-02-18,Osaka,P001,B,1,3730,3730.0,C0170
2025-02-18,Osaka,P002,C,1,3140,3140.0,C0219
2025-02-18,Osaka,P006,A,4,4960,19840.0,C0230
2025-02-18,Osaka,P007,B,4,3910,15640.0,C0156
2025-02-18,Osaka,P007,B,4,3220,12880.0,C0055
2025-02-18,Osaka,P015,A,1,3780,3780.0,C0197
2025-02-18,Osaka,P009,A,1,2970,2970.0,C0267
2025-02-18,Osaka,P004,B,3,4430,13290.0,C0285
2025-02-18,Nagoya,P005,C,3,2940,8820.0,C0188
2025-02-18,Nagoya,P012,A,3,1970,5910.0,C0226
2025-02-18,Nagoya,P009,A,4,3630,14520.0,C0267
2025-02-18,Nagoya,P015,A,4,3970,15880.0,C0179
2025-02-18,Nagoya,P002,C,2,2900,5800.0,C0234
2025-02-18,Nagoya,P009,A,2,1580,3160.0,C0215
2025-02-18,Nagoya,P007,B,1,2130,2130.0,C0263
2025-02-18,Nagoya,P002,C,2,3040,6080.0,C0026
2025-02-18,Nagoya,P003,A,4,3360,13440.0,C0063
2025-13-40,Nagoya,P003,A,2,3890,7780.0,C0219
2025-02-18,Nagoya,P003,A,3,4580,13740.0,C0068
2025-02-18,Nagoya,P001,B,4,3080,12320.0,C0233
2025-02-18,Nagoya,P005,C,2,1900,3800.0,C0065
2025-02-18,Nagoya,P008,C,1,4360,4360.0,C0153
2025-02-18,Nagoya,P014,C,3,2210,6630.0,C0154
2025-02-19,Tokyo,P013,B,3,1580,4740.0,C0175
2025-02-19,Tokyo,P009,A,1,1480,1480.0,C0228
2025-02-19,Tokyo,P004,B,3,1990,5970.0,C0196
2025-02-19,Tokyo,P001,B,2,3180,6360.0,C0132
2025-02-19,Tokyo,P010,B,1,2760,2760.0,C0227
2025-02-19,Tokyo,P006,A,1,4390,4390.0,C0233
2025-02-19,Tokyo,P011,C,4,4110,16440.0,C0224
2025-02-19,Tokyo,P008,C,1,3380,3380.0,C0082
2025-02-19,Tokyo,P012,A,2,4620,9240.0,C0179
2025-02-19,Tokyo,P009,A,4,2900,11600.0,C0113
2025-02-19,Tokyo,P006,A,4,4020,16080.0,C0049
2025-02-19,Osaka,P006,A,3,1200,3600.0,C0214
2025-02-19,Osaka,P012,A,1,1600,1600.0,C0188
2025-02-19,Osaka,P004,B,4,4100,16400.0,C0286
2025-02-19,Osaka,P009,A,4,1050,4200.0,C0087
2025-02-19,Osaka,P001,B,3,3040,9120.0,C0087
2025-02-19,Osaka,P005,C,3,1720,5160.0,C0154
2025-02-19,Osaka,P010,B,1,1910,1910.0,C0106
2025-02-19,Osaka,P009,A,2,2510,5020.0,C0163
2025-02-19,Osaka,P003,A,3,1550,4650.0,C0043
2025-02-19,Osaka,P004,B,2,1110,2220.0,C0288
2025-02-19,Osaka,P005,C,4,4600,18400.0,C0240
2025-02-19,Osaka,P013,B,1,2480,2480.0,C0224
2025-02-19,Osaka,P009,A,1,3260,3260.0,C0241
2025-02-19,Osaka,P013,B,2,1940,3880.0,C0093
2025-02-19,Nagoya,P006,A,2,2820,5640.0,C0013
2025-02-19,Nagoya,P005,C,2,1610,3220.0,C0263
2025-02-19,Nagoya,P011,C,4,3240,12960.0,C0033
2025-02-19,Nagoya,P014,C,2,3730,7460.0,C0115
2025-02-19,Nagoya,P008,C,2,2130,4260.0,C0166
2025-02-19,Nagoya,P012,A,1,1520,1520.0,C0252
2025-02-19,Nagoya,P009,A,4,3410,13640.0,C0196
2025-02-19,Nagoya,P014,C,3,2310,6930.0,C0158
2025-02-19,Nagoya,P004,B,2,3720,7440.0,C0045
2025-02-19,Nagoya,P011,C,3,2230,6690.0,C0014
2025-02-19,Nagoya,P011,C,4,3920,15680.0,C0126
2025-02-19,Nagoya,P010,B,2,2430,4860.0,C0098
2025-02-20,Tokyo,P015,A,3,1690,5070.0,C0259
2025-02-20,Tokyo,P003,A,3,1660,4980.0,C0109
2025-02-20,Tokyo,P010,B,4,4960,19840.0,C0268
2025-02-20,Tokyo,P004,B,1,4620,4620.0,C0277
2025-02-20,Tokyo,P005,C,1,3590,3590.0,C0023
2025-02-20,Tokyo,P001,B,4,2980,11920.0,C0034
2025-02-20,Tokyo,P010,B,2,3140,6280.0,C0269
2025-02-20,Tokyo,P004,B,3,4310,12930.0,C0127
2025-02-20,Tokyo,P015,A,2,2830,5660.0,C0265
2025-02-20,Tokyo,P010,B,4,4160,16640.0,C0213
2025-02-20,Tokyo,P004,B,2,4450,8900.0,C0185
2025-02-20,Tokyo,P005,C,2,4100,8200.0,C0054
2025-02-20,Osaka,P012,A,2,4060,8120.0,C0160
2025-02-20,Osaka,P015,A,3,4460,13380.0,C0255
2025-02-20,Osaka,P004,B,4,3980,15920.0,C0033
2025-02-20,Osaka,P001,B,2,1060,2120.0,C0107
2025-02-20,Osaka,P015,A,2,1090,2180.0,C0148
2025-02-20,Osaka,P004,B,4,1360,5440.0,C0231
2025-02-20,Osaka,P007,B,1,3690,3690.0,C0137
2025-02-20,Osaka,P012,A,3,4140,12420.0,C0138
2025-02-20,Osaka,P001,B,1,2830,2830.0,C0119
2025-02-20,Osaka,P012,A,2,4440,8880.0,C0057
2025-02-20,Osaka,P006,A,4,1490,5960.0,C0097
2025-02-20,Nagoya,P009,A,4,3060,12240.0,C0257
2025-02-20,Nagoya,P014,C,4,1480,5920.0,C0177
2025-02-20,Nagoya,P002,C,1,2200,2200.0,C0194
2025-02-20,Nagoya,P007,B,4,2190,8760.0,C0185
2025-02-20,Nagoya,P012,A,4,1980,7920.0,C0220
2025-02-20,Nagoya,P002,C,3,2650,7950.0,C0287
2025-02-20,Nagoya,P012,A,4,4400,17600.0,C0123
2025-02-20,Nagoya,P012,A,1,3230,3230.0,C0015
2025-02-20,Nagoya,P011,C,4,3720,14880.0,C0252
2025-02-20,Nagoya,P004,B,4,3200,12800.0,C0202
2025-02-20,Nagoya,P012,A,3,2260,6780.0,C0183
2025-02-20,Nagoya,P010,B,4,2920,11680.0,C0151
2025-02-20,Nagoya,P008,C,1,1360,1360.0,C0007
2025-02-20,Nagoya,P010,B,2,4460,8920.0,C0210
2025-02-20,Nagoya,P003,A,1,2460,2460.0,C0276
2025-02-20,Nagoya,P001,B,1,1110,1110.0,C0124
2025-02-20,Nagoya,P015,A,3,2970,8910.0,C0044
2025-02-21,Tokyo,P008,C,2,3820,7640.0,C0294
2025-02-21,Tokyo,P004,B,2,1500,3000.0,C0217
2025-02-21,Tokyo,P007,B,2,1870,3740.0,C0022
2025-02-21,Tokyo,P008,C,3,1940,5820.0,C0001
2025-02-21,Tokyo,P008,C,3,2370,7110.0,C0075
2025-02-21,Tokyo,P003,A,3,4440,13320.0,C0231
2025-02-21,Tokyo,P008,C,3,2580,7740.0,C0008
2025-02-21,Tokyo,P006,A,3,3580,10740.0,C0297
2025-02-21,Tokyo,P015,A,1,1030,1030.0,C0082
2025-02-21,Tokyo,P014,C,4,1390,5560.0,C0048
2025-02-21,Tokyo,P009,A,3,4920,14760.0,C0226
2025-02-21,Tokyo,P004,B,1,3530,3530.0,C0166
2025-02-21,Tokyo,P014,C,3,3000,9000.0,C0091
2025-02-21,Osaka,P014,C,4,1650,6600.0,C0211
2025-02-21,Osaka,P006,A,2,4390,8780.0,C0252
2025-02-21,Osaka,P003,A,2,4280,8560.0,C0275
2025-02-21,Osaka,P002,C,4,2950,11800.0,C0177
2025-02-21,Osaka,P002,C,3,3710,11130.0,C0199
2025-02-21,Osaka,P012,A,4,4390,17560.0,C0223
2025-02-21,Osaka,P015,A,3,3680,11040.0,C0163
2025-02-21,Osaka,P012,A,1,3020,3020.0,C0128
2025-02-21,Osaka,P014,C,1,3570,3570.0,C0056
2025-02-21,Osaka,P014,C,4,1940,7760.0,C0261
2025-02-21,Nagoya,P015,A,3,1130,3390.0,C0061
2025-02-21,Nagoya,P007,B,1,1520,1520.0,C0293
2025-02-21,Nagoya,P014,C,2,1860,3720.0,C0055
2025-02-21,Nagoya,P014,C,2,1050,2100.0,C0119
2025-02-21,Nagoya,P007,B,3,2350,7050.0,C0276
2025-02-21,Nagoya,P010,B,4,2460,9840.0,C0195
2025-02-21,Nagoya,P006,A,3,3980,11940.0,C0097
2025-02-21,Nagoya,P015,A,4,4570,18280.0,C0066
2025-02-21,Nagoya,P011,C,1,1420,1420.0,C0292
2025-02-21,Nagoya,P003,A,4,2720,10880.0,C0091
2025-02-21,Nagoya,P002,C,3,3880,11640.0,C0140
2025-02-21,Nagoya,P013,B,2,3200,6400.0,C0086
2025-02-21,Nagoya,P009,A,1,2900,2900.0,C0165
2025-02-21,Nagoya,P009,A,2,3570,7140.0,C0154
2025-02-22,Tokyo,P004,B,3,4750,14250.0,C0226
2025-02-22,Tokyo,P010,B,4,4590,18360.0,C0152
2025-02-22,Tokyo,P002,C,3,3490,10470.0,C0083
2025-02-22,Tokyo,P013,B,4,2320,9280.0,C0143
2025-02-22,Tokyo,P003,A,1,2060,2060.0,C0110
2025-02-22,Tokyo,P005,C,1,2780,2780.0,C0187
2025-02-22,Tokyo,P005,C,3,2080,6240.0,C0211
2025-02-22,Tokyo,P010,B,4,1210,4840.0,C0256
2025-02-22,Tokyo,P006,A,1,3750,3750.0,C0052
2025-02-22,Tokyo,P003,A,4,1880,7520.0,C0164
2025-02-22,Tokyo,P004,B,1,1000,1000.0,C0005
2025-02-22,Tokyo,P008,C,2,1150,2300.0,C0105
2025-02-22,Osaka,P009,A,4,3760,15040.0,C0275
2025-02-22,Osaka,P003,A,1,4000,4000.0,C0093
2025-02-22,Osaka,P013,B,2,1800,3600.0,C0253
2025-02-22,Osaka,P009,A,4,2800,11200.0,C0038
2025-02-22,Osaka,P011,C,1,3650,3650.0,C0125
2025-02-22,Osaka,P012,A,4,2620,10480.0,C0264
2025-02-22,Osaka,P002,C,1,4970,4970.0,C0172
2025-02-22,Osaka,P007,B,1,2150,2150.0,C0206
2025-02-22,Osaka,P013,B,4,2630,10520.0,C0136
2025-02-22,Osaka,P003,A,1,2750,2750.0,C0174
2025-02-22,Osaka,P002,C,2,3560,7120.0,C0243
2025-02-22,Osaka,P015,A,2,2560,5120.0,C0262
2025-02-22,Nagoya,P005,C,3,1630,4890.0,C0135
2025-02-22,Nagoya,P005,C,4,1130,4520.0,C0257
2025-02-22,Nagoya,P005,C,1,3640,3640.0,C0203
2025-02-22,Nagoya,P003,A,1,1440,1440.0,C0123
2025-02-22,Nagoya,P002,C,3,1310,3930.0,C0236
2025-02-22,Nagoya,P014,C,3,4770,14310.0,C0281
2025-02-22,Nagoya,P001,B,2,4040,8080.0,C0102
2025-13-40,Nagoya,P012,A,4,4980,19920.0,C0099
2025-02-22,Nagoya,P006,A,1,2140,2140.0,C0084
2025-02-22,Nagoya,P007,B,2,4420,8840.0,C0232
2025-02-22,Nagoya,P011,C,1,2880,2880.0,C0219
2025-02-22,Nagoya,P004,B,2,3900,7800.0,C0238
2025-02-22,Nagoya,P013,B,2,2590,5180.0,C0115
2025-02-22,Nagoya,P011,C,2,2600,5200.0,C0051
2025-02-22,Nagoya,P008,C,1,3090,3090.0,C0266
2025-02-22,Nagoya,P012,A,2,4910,9820.0,C0294
2025-02-23,Tokyo,P012,A,2,4510,9020.0,C0112
2025-02-23,Tokyo,P004,B,1,4370,4370.0,C0089
2025-02-23,Tokyo,P013,B,1,3000,3000.0,C0128
2025-02-23,Tokyo,P007,B,1,1290,1290.0,C0104
2025-02-23,Tokyo,P008,C,4,2840,11360.0,C0074
2025-02-23,Tokyo,P004,B,3,2740,8220.0,C0270
2025-02-23,Tokyo,P007,B,3,1250,3750.0,C0058
2025-02-23,Tokyo,P013,B,2,2680,5360.0,C0177
2025-02-23,Tokyo,P001,B,3,2380,7140.0,C0045
2025-02-23,Tokyo,P007,B,2,1740,3480.0,C0163
2025-02-23,Tokyo,P012,A,2,4860,9720.0,C0184
2025-02-23,Tokyo,P012,A,1,4060,4060.0,C0101
2025-02-23,Tokyo,P011,C,4,2000,8000.0,C0078
2025-02-23,Tokyo,P001,B,3,4090,12270.0,C0123
2025-02-23,Osaka,P005,C,2,4660,9320.0,C0038
2025-02-23,Osaka,P006,A,3,1940,5820.0,C0265
2025-02-23,Osaka,P014,C,2,3980,7960.0,C0227
2025-02-23,Osaka,P011,C,1,1190,1190.0,C0104
2025-02-23,Osaka,P002,C,2,3550,7100.0,C0177
2025-02-23,Osaka,P004,B,1,1900,1900.0,C0136
2025-02-23,Osaka,P012,A,2,2140,4280.0,C0165
2025-02-23,Osaka,P002,C,1,1140,1140.0,C0158
2025-02-23,Osaka,P007,B,3,3460,10380.0,C0119
2025-02-23,Osaka,P014,C,4,1440,5760.0,C0276
2025-02-23,Osaka,P003,A,1,3110,3110.0,C0009
2025-02-23,Nagoya,P003,A,2,4250,8500.0,C0277
2025-02-23,Nagoya,P004,B,3,2890,8670.0,C0125
2025-02-23,Nagoya,P010,B,4,2620,10480.0,C0020
2025-02-23,Nagoya,P014,C,4,2280,9120.0,C0150
2025-02-23,Nagoya,P013,B,3,2920,8760.0,C0276
2025-02-23,Nagoya,P013,B,3,1640,4920.0,C0132
2025-02-23,Nagoya,P011,C,2,3140,6280.0,C0197
2025-02-23,Nagoya,P002,C,3,3950,11850.0,C0065
2025-02-23,Nagoya,P009,A,3,1170,3510.0,C0193
2025-02-23,Nagoya,P004,B,2,3590,7180.0,C0002
2025-02-23,Nagoya,P001,B,2,4790,9580.0,C0002
2025-02-23,Nagoya,P012,A,1,2950,2950.0,C0129
2025-02-23,Nagoya,P008,C,1,4010,4010.0,C0083
2025-02-24,Tokyo,P010,B,3,2230,6690.0,C0196
2025-02-24,Tokyo,P015,A,4,4660,18640.0,C0066
2025-02-24,Tokyo,P009,A,2,4860,9720.0,C0285
2025-02-24,Tokyo,P014,C,1,2270,2270.0,C0213
2025-02-24,Tokyo,P012,A,2,1540,3080.0,C0041
2025-02-24,Tokyo,P011,C,2,2960,5920.0,C0244
2025-02-24,Tokyo,P001,B,4,2090,8360.0,C0279
2025-02-24,Tokyo,P015,A,3,2260,6780.0,C0070
2025-02-24,Tokyo,P003,A,4,1750,7000.0,C0134
2025-02-24,Tokyo,P008,C,3,4370,13110.0,C0167
2025-02-24,Tokyo,P012,A,3,2740,8220.0,C0048
2025-02-24,Tokyo,P004,B,2,1180,2360.0,C0095
2025-02-24,Tokyo,P007,B,2,4250,8500.0,C0290
2025-02-24,Tokyo,P011,C,1,2630,2630.0,C0219
2025-02-24,Tokyo,P009,A,2,2740,5480.0,C0122
2025-02-24,Tokyo,P009,A,1,3070,3070.0,C0062
2025-02-24,Tokyo,P011,C,4,3030,12120.0,C0116
2025-02-24,Osaka,P010,B,2,1110,2220.0,C0005
2025-02-24,Osaka,P004,B,1,3880,3880.0,C0150
2025-02-24,Osaka,P015,A,3,4610,13830.0,C0166
2025-02-24,Osaka,P006,A,3,2790,8370.0,C0083
2025-02-24,Osaka,P008,C,3,2500,7500.0,C0211
2025-02-24,Osaka,P015,A,2,2180,4360.0,C0121
2025-02-24,Osaka,P013,B,1,4890,4890.0,C0124
2025-02-24,Osaka,P013,B,4,4130,16520.0,C0272
2025-02-24,Osaka,P003,A,3,1390,4170.0,C0090
2025-02-24,Osaka,P001,B,3,3430,10290.0,C0222
2025-02-24,Osaka,P003,A,2,3700,7400.0,C0248
2025-02-24,Osaka,P014,C,1,2610,2610.0,C0004
2025-02-24,Osaka,P013,B,1,4280,4280.0,C0047
2025-02-24,Osaka,P001,B,4,2750,11000.0,C0128
2025-02-24,Osaka,P010,B,2,3760,7520.0,C0129
2025-02-24,Osaka,P005,C,2,1020,2040.0,C0091
2025-02-24,Osaka,P009,A,1,1470,1470.0,C0197
2025-02-24,Osaka,P007,B,1,3990,3990.0,C0232
2025-02-24,Osaka,P001,B,1,2480,2480.0,C0219
2025-02-24,Nagoya,P013,B,2,1500,3000.0,C0259
2025-02-24,Nagoya,P002,C,1,4790,4790.0,C0156
2025-02-24,Nagoya,P007,B,3,3520,10560.0,C0184
2025-02-24,Nagoya,P001,B,3,2110,6330.0,C0242
2025-02-24,Nagoya,P008,C,1,4540,4540.0,C0086
2025-02-24,Nagoya,P005,C,4,4100,16400.0,C0257
2025-02-24,Nagoya,P010,B,4,1460,5840.0,C0180
2025-02-24,Nagoya,P005,C,2,1950,3900.0,C0062
2025-02-24,Nagoya,P007,B,4,3540,14160.0,C0105
2025-02-24,Nagoya,P007,B,3,1970,5910.0,C0156
2025-02-25,Tokyo,P004,B,3,3830,11490.0,C0156
2025-02-25,Tokyo,P005,C,3,4170,12510.0,C0067
2025-02-25,Tokyo,P009,A,3,2280,6840.0,C0116
2025-02-25,Tokyo,P014,C,2,3390,6780.0,C0045
2025-02-25,Tokyo,P014,C,3,4040,12120.0,C0181
2025-02-25,Tokyo,P006,A,2,3800,7600.0,C0258
2025-02-25,Tokyo,P002,C,4,4320,17280.0,C0033
2025-02-25,Tokyo,P002,C,3,4370,13110.0,C0118
2025-02-25,Tokyo,P010,B,4,2290,9160.0,C0068
2025-02-25,Tokyo,P015,A,2,2890,5780.0,C0133
2025-02-25,Tokyo,P008,C,2,3710,,C0207
2025-02-25,Tokyo,P004,B,2,1220,2440.0,C0067
2025-02-25,Tokyo,P015,A,3,3490,10470.0,C0266
2025-02-25,Tokyo,P011,C,4,3840,15360.0,C0150
2025-02-25,Tokyo,P010,B,2,4560,9120.0,C0054
2025-02-25,Tokyo,P014,C,4,1560,6240.0,C0213
2025-02-25,Osaka,P009,A,2,4510,9020.0,C0154
2025-02-25,Osaka,P002,C,1,3720,3720.0,C0137
2025-02-25,Osaka,P004,B,4,1480,5920.0,C0066
2025-02-25,Osaka,P007,B,1,2540,2540.0,C0273
2025-02-25,Osaka,P015,A,4,2290,9160.0,C0020
2025-02-25,Osaka,P013,B,2,3990,7980.0,C0036
2025-02-25,Osaka,P011,C,3,4680,14040.0,C0031
2025-02-25,Osaka,P007,B,4,2550,10200.0,C0197
2025-02-25,Osaka,P003,A,3,2100,6300.0,C0172
2025-02-25,Osaka,P014,C,3,2890,8670.0,C0057
2025-02-25,Osaka,P006,A,4,1860,7440.0,C0197
2025-02-25,Osaka,P008,C,2,3860,7720.0,C0109
2025-02-25,Osaka,P005,C,3,4030,12090.0,C0259
2025-02-25,Osaka,P010,B,3,4150,12450.0,C0081
2025-02-25,Osaka,P004,B,2,3520,7040.0,C0194
2025-02-25,Osaka,P003,A,4,2450,9800.0,C0263
2025-02-25,Osaka,P011,C,4,3520,,C0158
2025-02-25,Osaka,P003,A,2,4430,8860.0,C0115
2025-02-25,Osaka,P001,B,1,3380,3380.0,C0189
2025-02-25,Nagoya,P015,A,3,3210,9630.0,C0240
2025-02-25,Nagoya,P001,B,3,2890,8670.0,C0235
2025-02-25,Nagoya,P013,B,3,3620,10860.0,C0207
2025-02-25,Nagoya,P009,A,1,2130,2130.0,C0222
2025-02-25,Nagoya,P010,B,1,4510,4510.0,C0294
2025-02-25,Nagoya,P010,B,1,4750,4750.0,C0071
2025-02-25,Nagoya,P007,B,4,3080,12320.0,C0073
2025-02-25,Nagoya,P002,C,2,3680,7360.0,C0214
2025-02-25,Nagoya,P004,B,1,3800,3800.0,C0048
2025-02-25,Nagoya,P001,B,2,3280,6560.0,C0073
2025-02-25,Nagoya,P004,B,1,2370,2370.0,C0003
2025-02-25,Nagoya,P001,B,2,1070,2140.0,C0096
2025-02-25,Nagoya,P009,A,1,3470,3470.0,C0186
2025-02-25,Nagoya,P009,A,3,4230,12690.0,C0022
2025-02-25,Nagoya,P003,A,2,3750,7500.0,C0261
2025-02-25,Nagoya,P014,C,3,2640,7920.0,C0124
2025-02-25,Nagoya,P001,B,2,3050,6100.0,C0063
2025-02-25,Nagoya,P012,A,4,2200,8800.0,C0274
2025-02-25,Nagoya,P002,C,4,4070,16280.0,C0067
2025-02-26,Tokyo,P005,C,4,1640,6560.0,C0074
2025-02-26,Tokyo,P005,C,1,2330,2330.0,C0181
2025-02-26,Tokyo,P010,B,3,1750,5250.0,C0061
2025-02-26,Tokyo,P014,C,2,1410,2820.0,C0136
2025-02-26,Tokyo,P001,B,2,4410,8820.0,C0080
2025-02-26,Tokyo,P011,C,2,2420,4840.0,C0198
2025-02-26,Tokyo,P009,A,2,1890,3780.0,C0275
2025-02-26,Tokyo,P003,A,4,2880,,C0299
2025-02-26,Tokyo,P006,A,3,3460,10380.0,C0102
2025-02-26,Tokyo,P004,B,3,3650,10950.0,C0079
2025-02-26,Tokyo,P012,A,3,1660,4980.0,C0281
2025-02-26,Tokyo,P001,B,3,2750,8250.0,C0196
2025-02-26,Tokyo,P012,A,3,3600,10800.0,C0252
2025-02-26,Tokyo,P011,C,4,2610,10440.0,C0061
2025-02-26,Tokyo,P004,B,3,3120,9360.0,C0024
2025-02-26,Tokyo,P004,B,4,3900,15600.0,C0226
2025-02-26,Osaka,P001,B,2,4420,8840.0,C0152
2025-02-26,Osaka,P012,A,2,2960,5920.0,C0180
2025-02-26,Osaka,P015,A,2,3380,6760.0,C0275
2025-02-26,Osaka,P006,A,4,3140,12560.0,C0263
2025-02-26,Osaka,P008,C,3,2290,6870.0,C0190
2025-02-26,Osaka,P005,C,3,4150,12450.0,C0131
2025-02-26,Osaka,P007,B,2,3920,7840.0,C0178
2025-02-26,Osaka,P008,C,1,1440,1440.0,C0003
2025-02-26,Osaka,P013,B,4,1270,5080.0,C0014
2025-02-26,Osaka,P012,A,3,2230,,C0184
2025-02-26,Osaka,P004,B,1,2460,2460.0,C0268
2025-02-26,Nagoya,P003,A,3,4530,13590.0,C0285
2025-02-26,Nagoya,P012,A,1,1960,1960.0,C0066
2025-02-26,Nagoya,P003,A,1,2260,2260.0,C0167
2025-02-26,Nagoya,P006,A,2,1980,3960.0,C0046
2025-02-26,Nagoya,P015,A,3,1910,5730.0,C0243
2025-02-26,Nagoya,P013,B,4,1630,6520.0,C0192
2025-02-26,Nagoya,P015,A,4,1900,7600.0,C0268
2025-02-26,Nagoya,P007,B,2,3230,6460.0,C0231
2025-02-26,Nagoya,P002,C,3,4260,12780.0,C0165
2025-02-26,Nagoya,P005,C,1,3190,3190.0,C0211
2025-02-26,Nagoya,P009,A,4,3410,13640.0,C0152
2025-02-26,Nagoya,P001,B,3,1670,5010.0,C0217
2025-02-26,Nagoya,P003,A,4,2200,8800.0,C0130
2025-02-26,Nagoya,P003,A,1,4680,4680.0,C0085
2025-02-26,Nagoya,P008,C,4,3490,13960.0,C0013
2025-02-26,Nagoya,P006,A,2,2100,4200.0,C0073
2025-02-26,Nagoya,P008,C,2,2170,4340.0,C0124
2025-02-27,Tokyo,P004,B,2,4760,9520.0,C0152
2025-02-27,Tokyo,P009,A,4,3450,13800.0,C0067
2025-02-27,Tokyo,P006,A,2,2890,5780.0,C0045
2025-02-27,Tokyo,P002,C,2,4650,9300.0,C0215
2025-02-27,Tokyo,P013,B,1,2650,2650.0,C0174
2025-02-27,Tokyo,P007,B,2,2430,4860.0,C0016
2025-02-27,Tokyo,P013,B,4,1320,5280.0,C0124
2025-02-27,Tokyo,P008,C,4,4940,19760.0,C0125
2025-02-27,Tokyo,P012,A,4,4320,17280.0,C0087
2025-02-27,Tokyo,P013,B,2,1070,2140.0,C0227
2025-02-27,Tokyo,P013,B,2,2800,5600.0,C0109
2025-02-27,Tokyo,P002,C,4,1090,4360.0,C0167
2025-02-27,Tokyo,P001,B,3,4600,13800.0,C0193
2025-02-27,Osaka,P013,B,4,4440,17760.0,C0070
2025-02-27,Osaka,P009,A,4,2170,8680.0,C0202
2025-02-27,Osaka,P001,B,4,3450,13800.0,C0223
2025-02-27,Osaka,P013,B,1,2800,2800.0,C0257
2025-02-27,Osaka,P003,A,4,2150,8600.0,C0173
2025-02-27,Osaka,P008,C,3,4340,13020.0,C0105
2025-02-27,Osaka,P003,A,2,3440,6880.0,C0225
2025-02-27,Osaka,P012,A,2,4740,9480.0,C0025
2025-02-27,Osaka,P002,C,1,4700,4700.0,C0054
2025-02-27,Osaka,P010,B,4,4060,16240.0,C0284
2025-02-27,Osaka,P001,B,2,3020,6040.0,C0209
2025-02-27,Osaka,P010,B,3,2220,6660.0,C0032
2025-02-27,Osaka,P007,B,2,3210,6420.0,C0239
2025-02-27,Osaka,P009,A,3,1160,3480.0,C0193
2025-02-27,Osaka,P007,B,1,1850,1850.0,C0234
2025-02-27,Osaka,P014,C,3,4900,14700.0,C0054
2025-02-27,Nagoya,P014,C,1,3630,3630.0,C0066
2025-02-27,Nagoya,P005,C,2,2430,4860.0,C0262
2025-02-27,Nagoya,P015,A,3,3100,9300.0,C0017
2025-02-27,Nagoya,P004,B,1,4420,4420.0,C0068
2025-02-27,Nagoya,P006,A,4,3850,15400.0,C0186
2025-02-27,Nagoya,P001,B,3,3240,9720.0,C0096
2025-02-27,Nagoya,P012,A,4,2030,8120.0,C0100
2025-02-27,Nagoya,P005,C,4,1310,5240.0,C0268
2025-02-27,Nagoya,P012,A,2,3330,6660.0,C0268
2025-02-27,Nagoya,P012,A,2,1200,2400.0,C0197
2025-02-27,Nagoya,P003,A,1,4920,4920.0,C0142
2025-02-27,Nagoya,P010,B,1,1400,1400.0,C0019
2025-02-28,Tokyo,P001,B,2,2290,4580.0,C0158
2025-02-28,Tokyo,P009,A,2,2820,5640.0,C0024
2025-02-28,Tokyo,P005,C,4,4960,19840.0,C0146
2025-02-28,Tokyo,P015,A,3,1500,4500.0,C0260
2025-02-28,Tokyo,P007,B,3,3590,10770.0,C0093
2025-02-28,Tokyo,P012,A,3,2460,7380.0,C0090
2025-02-28,Tokyo,P012,A,1,1490,1490.0,C0264
2025-02-28,Tokyo,P005,C,3,3860,11580.0,C0251
2025-02-28,Tokyo,P010,B,3,4340,13020.0,C0283
2025-02-28,Tokyo,P001,B,3,1690,5070.0,C0267
2025-02-28,Tokyo,P001,B,1,1760,1760.0,C0181
2025-02-28,Tokyo,P001,B,1,3010,3010.0,C0291
2025-02-28,Tokyo,P008,C,2,3630,7260.0,C0165
2025-02-28,Osaka,P009,A,1,1970,1970.0,C0202
2025-02-28,Osaka,P006,A,1,1490,1490.0,C0259
2025-02-28,Osaka,P005,C,1,3910,3910.0,C0159
2025-02-28,Osaka,P007,B,4,2250,9000.0,C0172
2025-02-28,Osaka,P012,A,3,1830,5490.0,C0204
2025-02-28,Osaka,P012,A,1,1660,1660.0,C0202
2025-02-28,Osaka,P002,C,4,1430,5720.0,C0292
2025-02-28,Osaka,P011,C,2,2070,4140.0,C0104
2025-02-28,Osaka,P012,A,4,1830,7320.0,C0163
2025-02-28,Osaka,P015,A,2,3770,7540.0,C0052
2025-02-28,Osaka,P013,B,1,2190,2190.0,C0138
2025-02-28,Osaka,P006,A,1,3560,3560.0,C0006
2025-02-28,Osaka,P015,A,1,2330,2330.0,C0279
2025-02-28,Nagoya,P002,C,3,1290,3870.0,C0269
2025-02-28,Nagoya,P007,B,4,1980,7920.0,C0043
2025-02-28,Nagoya,P015,A,4,4640,18560.0,C0096
2025-02-28,Nagoya,P007,B,3,2790,8370.0,C0073
2025-02-28,Nagoya,P006,A,3,1150,3450.0,C0101
2025-02-28,Nagoya,P005,C,1,1490,1490.0,C0149
2025-02-28,Nagoya,P002,C,2,3240,6480.0,C0262
2025-02-28,Nagoya,P002,C,2,1410,2820.0,C0129
2025-02-28,Nagoya,P008,C,4,2760,11040.0,C0280
2025-02-28,Nagoya,P003,A,1,1010,1010.0,C0107
2025-02-28,Nagoya,P003,A,1,1940,1940.0,C0292
2025-03-01,Tokyo,P001,B,4,1820,7280.0,C0122
2025-03-01,Tokyo,P005,C,2,4040,8080.0,C0214
2025-03-01,Tokyo,P009,A,3,3910,11730.0,C0056
2025-03-01,Tokyo,P006,A,1,3810,3810.0,C0131
2025-03-01,Tokyo,P010,B,3,2090,6270.0,C0042
2025-03-01,Tokyo,P015,A,2,1430,2860.0,C0092
2025-03-01,Tokyo,P014,C,2,4940,9880.0,C0138
2025-03-01,Tokyo,P013,B,3,1170,3510.0,C0153
2025-03-01,Tokyo,P007,B,1,3190,3190.0,C0031
2025-03-01,Tokyo,P011,C,4,1370,5480.0,C0144
2025-03-01,Tokyo,P010,B,1,2550,2550.0,C0078
2025-03-01,Tokyo,P001,B,4,2770,11080.0,C0225
2025-03-01,Tokyo,P009,A,4,4980,19920.0,C0181
2025-03-01,Tokyo,P006,A,2,4300,8600.0,C0128
2025-03-01,Tokyo,P008,C,1,4960,4960.0,C0195
2025-03-01,Tokyo,P005,C,3,2600,7800.0,C0047
2025-03-01,Tokyo,P014,C,4,4330,17320.0,C0111
2025-03-01,Tokyo,P004,B,1,3920,3920.0,C0099
2025-03-01,Osaka,P014,C,1,4660,4660.0,C0042
2025-03-01,Osaka,P008,C,2,4820,9640.0,C0197
2025-03-01,Osaka,P014,C,3,4300,12900.0,C0255
2025-03-01,Osaka,P013,B,2,2520,5040.0,C0295
2025-03-01,Osaka,P012,A,4,3300,13200.0,C0278
2025-03-01,Osaka,P011,C,3,1710,5130.0,C0170
2025-03-01,Osaka,P011,C,4,4830,19320.0,C0098
2025-03-01,Osaka,P005,C,4,4940,19760.0,C0054
2025-03-01,Osaka,P006,A,4,1790,7160.0,C0235
2025-03-01,Osaka,P002,C,1,4130,4130.0,C0182
2025-03-01,Osaka,P009,A,4,2220,8880.0,C0151
2025-03-01,Osaka,P010,B,3,2320,6960.0,C0190
2025-03-01,Osaka,P007,B,3,4450,13350.0,C0118
2025-03-01,Osaka,P011,C,4,4040,16160.0,C0296
2025-03-01,Osaka,P009,A,2,4960,9920.0,C0193
2025-03-01,Osaka,P004,B,2,2040,4080.0,C0250
2025-03-01,Osaka,P002,C,3,3210,9630.0,C0022
2025-03-01,Osaka,P010,B,4,3900,15600.0,C0159
2025-03-01,Nagoya,P003,A,1,2430,2430.0,C0190
2025-03-01,Nagoya,P001,B,4,3340,13360.0,C0089
2025-03-01,Nagoya,P015,A,1,4830,4830.0,C0085
2025-03-01,Nagoya,P006,A,2,4970,9940.0,C0076
2025-03-01,Nagoya,P015,A,2,2140,4280.0,C0191
2025-03-01,Nagoya,P011,C,2,1530,3060.0,C0119
2025-03-01,Nagoya,P009,A,1,1310,1310.0,C0275
2025-03-01,Nagoya,P001,B,2,4050,8100.0,C0099
2025-03-01,Nagoya,P008,C,1,4170,4170.0,C0190
2025-03-01,Nagoya,P013,B,4,2400,9600.0,C0013
2025-03-01,Nagoya,P006,A,1,3130,3130.0,C0044
2025-03-01,Nagoya,P014,C,3,2010,6030.0,C0276
2025-03-01,Nagoya,P012,A,2,1580,3160.0,C0103
2025-03-02,Tokyo,P012,A,2,3970,7940.0,C0085
2025-03-02,Tokyo,P004,B,2,1640,3280.0,C0121
2025-03-02,Tokyo,P006,A,2,4100,8200.0,C0100
2025-03-02,Tokyo,P011,C,3,3660,10980.0,C0081
2025-03-02,Tokyo,P013,B,1,2100,2100.0,C0262
2025-03-02,Tokyo,P006,A,3,1160,3480.0,C0184
2025-03-02,Tokyo,P014,C,3,3320,9960.0,C0254
2025-03-02,Tokyo,P005,C,2,1270,2540.0,C0209
2025-03-02,Tokyo,P011,C,4,3990,15960.0,C0039
2025-03-02,Tokyo,P010,B,4,1810,7240.0,C0143
2025-03-02,Tokyo,P014,C,2,4010,8020.0,C0159
2025-03-02,Tokyo,P010,B,3,3600,10800.0,C0234
2025-03-02,Tokyo,P014,C,2,4710,9420.0,C0188
2025-03-02,Tokyo,P009,A,2,2660,5320.0,C0195
2025-03-02,Tokyo,P006,A,2,4270,8540.0,C0125
2025-03-02,Osaka,P001,B,1,4390,4390.0,C0043
2025-03-02,Osaka,P012,A,4,2920,11680.0,C0265
2025-03-02,Osaka,P007,B,4,1940,7760.0,C0128
2025-03-02,Osaka,P006,A,4,1170,4680.0,C0248
2025-03-02,Osaka,P001,B,2,3380,6760.0,C0044
2025-03-02,Osaka,P008,C,4,4290,17160.0,C0010
2025-03-02,Osaka,P009,A,3,1270,3810.0,C0195
2025-03-02,Osaka,P008,C,3,2190,6570.0,C0077
2025-03-02,Osaka,P012,A,3,1640,4920.0,C0065
2025-03-02,Osaka,P009,A,4,1800,7200.0,C0066
2025-03-02,Osaka,P013,B,3,4600,13800.0,C0235
2025-03-02,Osaka,P015,A,1,2080,2080.0,C0072
2025-03-02,Osaka,P001,B,4,3640,14560.0,C0026
2025-03-02,Osaka,P003,A,1,2610,2610.0,C0137
2025-03-02,Osaka,P005,C,4,1850,7400.0,C0169
2025-03-02,Osaka,P007,B,2,4300,8600.0,C0293
2025-03-02,Nagoya,P007,B,1,2730,2730.0,C0185
2025-03-02,Nagoya,P007,B,2,2240,4480.0,C0090
2025-03-02,Nagoya,P005,C,2,3750,7500.0,C0029
2025-03-02,Nagoya,P001,B,3,3720,11160.0,C0078
2025-03-02,Nagoya,P004,B,3,2530,7590.0,C0221
2025-03-02,Nagoya,P003,A,1,3210,3210.0,C0118
2025-03-02,Nagoya,P011,C,3,2410,7230.0,C0048
2025-03-02,Nagoya,P003,A,4,1900,7600.0,C0151
2025-03-02,Nagoya,P013,B,4,2070,8280.0,C0033
2025-03-02,Nagoya,P012,A,3,2320,6960.0,C0178
2025-03-03,Tokyo,P011,C,3,2190,6570.0,C0141
2025-03-03,Tokyo,P006,A,1,1500,1500.0,C0288
2025-03-03,Tokyo,P007,B,1,1170,1170.0,C0106
2025-03-03,Tokyo,P015,A,2,4990,9980.0,C0147
2025-03-03,Tokyo,P012,A,4,1110,4440.0,C0002
2025-03-03,Tokyo,P014,C,4,1530,6120.0,C0194
2025-03-03,Tokyo,P014,C,4,2180,8720.0,C0245
2025-03-03,Tokyo,P010,B,4,1580,6320.0,C0180
2025-03-03,Tokyo,P001,B,2,1040,2080.0,C0133
2025-03-03,Tokyo,P013,B,3,2260,6780.0,C0128
2025-03-03,Tokyo,P006,A,3,2060,6180.0,C0028
2025-03-03,Osaka,P013,B,2,1810,3620.0,C0014
2025-03-03,Osaka,P015,A,4,1620,6480.0,C0023
2025-03-03,Osaka,P002,C,2,4240,8480.0,C0048
2025-03-03,Osaka,P013,B,1,3950,3950.0,C0085
2025-03-03,Osaka,P015,A,2,2080,4160.0,C0073
2025-03-03,Osaka,P013,B,2,2400,4800.0,C0220
2025-03-03,Osaka,P009,A,3,2780,8340.0,C0020
2025-03-03,Osaka,P001,B,1,3290,3290.0,C0154
2025-03-03,Osaka,P012,A,4,1690,6760.0,C0287
2025-03-03,Osaka,P014,C,3,3120,,C0053
2025-03-03,Osaka,P003,A,1,3580,3580.0,C0130
2025-03-03,Osaka,P003,A,1,1250,,C0192
2025-03-03,Osaka,P011,C,3,1440,4320.0,C0013
2025-03-03,Osaka,P002,C,4,3950,15800.0,C0089
2025-03-03,Osaka,P001,B,2,4230,8460.0,C0043
2025-03-03,Nagoya,P007,B,1,4730,4730.0,C0155
2025-03-03,Nagoya,P011,C,1,2480,2480.0,C0190
2025-03-03,Nagoya,P010,B,1,3410,3410.0,C0283
2025-03-03,Nagoya,P012,A,1,4650,4650.0,C0205
2025-03-03,Nagoya,P001,B,1,4680,4680.0,C0063
2025-03-03,Nagoya,P002,C,2,3100,6200.0,C0172
2025-03-03,Nagoya,P010,B,4,4030,16120.0,C0008
2025-03-03,Nagoya,P002,C,1,2580,2580.0,C0105
2025-03-03,Nagoya,P015,A,2,1120,2240.0,C0265
2025-03-03,Nagoya,P004,B,4,4090,16360.0,C0264
2025-03-03,Nagoya,P013,B,1,3500,3500.0,C0124
2025-03-03,Nagoya,P010,B,3,3000,9000.0,C0094
2025-03-03,Nagoya,P014,C,3,4540,13620.0,C0071
2025-03-03,Nagoya,P013,B,2,2840,5680.0,C0258
2025-03-03,Nagoya,P006,A,2,4660,9320.0,C0289
2025-03-03,Nagoya,P005,C,2,1910,3820.0,C0008
2025-03-03,Nagoya,P009,A,2,4390,8780.0,C0052
2025-03-04,Tokyo,P008,C,3,1450,4350.0,C0140
2025-03-04,Tokyo,P010,B,2,4490,8980.0,C0159
2025-03-04,Tokyo,P006,A,1,1670,1670.0,C0143
2025-03-04,Tokyo,P007,B,4,4140,16560.0,C0048
2025-03-04,Tokyo,P009,A,2,1400,2800.0,C0200
2025-03-04,Tokyo,P009,A,1,2870,2870.0,C0219
2025-03-04,Tokyo,P005,C,2,1440,2880.0,C0062
2025-03-04,Tokyo,P015,A,3,1700,5100.0,C0145
2025-03-04,Tokyo,P003,A,2,1580,3160.0,C0186
2025-03-04,Tokyo,P009,A,3,2770,8310.0,C0086
2025-03-04,Tokyo,P004,B,1,2710,2710.0,C0135
2025-03-04,Tokyo,P011,C,1,2120,2120.0,C0255
2025-03-04,Tokyo,P014,C,4,2220,8880.0,C0042
2025-03-04,Tokyo,P003,A,1,4810,4810.0,C0265
2025-03-04,Tokyo,P013,B,3,2370,7110.0,C0143
2025-03-04,Tokyo,P013,B,4,3070,12280.0,C0251
2025-03-04,Osaka,P007,B,4,2500,10000.0,C0225
2025-03-04,Osaka,P007,B,2,1870,3740.0,C0182
2025-03-04,Osaka,P008,C,2,3970,7940.0,C0001
2025-03-04,Osaka,P002,C,4,3650,14600.0,C0165
2025-03-04,Osaka,P001,B,3,2730,8190.0,C0180
2025-03-04,Osaka,P001,B,3,3310,9930.0,C0087
2025-03-04,Osaka,P001,B,4,3830,15320.0,C0186
2025-03-04,Osaka,P012,A,3,1530,4590.0,C0136
2025-03-04,Osaka,P014,C,2,4880,9760.0,C0020
2025-03-04,Osaka,P005,C,2,3460,,C0053
2025-03-04,Osaka,P004,B,3,2130,6390.0,C0263
2025-03-04,Osaka,P014,C,2,3230,6460.0,C0100
2025-03-04,Osaka,P006,A,3,2170,6510.0,C0045
2025-03-04,Nagoya,P014,C,2,2450,4900.0,C0189
2025-03-04,Nagoya,P002,C,2,1690,3380.0,C0277
2025-03-04,Nagoya,P014,C,4,1980,7920.0,C0185
2025-03-04,Nagoya,P010,B,4,1620,6480.0,C0221
2025-03-04,Nagoya,P003,A,3,4510,13530.0,C0019
2025-03-04,Nagoya,P003,A,4,1070,4280.0,C0205
2025-03-04,Nagoya,P008,C,2,4450,8900.0,C0254
2025-03-04,Nagoya,P005,C,1,1510,,C0033
2025-03-04,Nagoya,P015,A,3,3700,11100.0,C0070
2025-03-04,Nagoya,P013,B,3,4000,12000.0,C0141
2025-03-04,Nagoya,P011,C,3,2530,7590.0,C0178
2025-03-04,Nagoya,P005,C,4,3860,15440.0,C0221
2025-03-05,Tokyo,P007,B,4,1830,7320.0,C0171
2025-03-05,Tokyo,P002,C,2,3290,6580.0,C0147
2025-03-05,Tokyo,P015,A,3,2640,7920.0,C0128
2025-03-05,Tokyo,P010,B,4,2100,8400.0,C0175
2025-03-05,Tokyo,P009,A,1,4650,4650.0,C0171
2025-03-05,Tokyo,P004,B,3,3710,11130.0,C0274
2025-03-05,Tokyo,P001,B,2,1720,3440.0,C0172
2025-03-05,Tokyo,P008,C,2,4920,9840.0,C0159
2025-03-05,Tokyo,P007,B,1,2150,2150.0,C0269
2025-03-05,Tokyo,P007,B,4,3130,12520.0,C0164
2025-03-05,Tokyo,P007,B,3,1260,3780.0,C0018
2025-03-05,Tokyo,P008,C,3,3200,9600.0,C0129
2025-03-05,Tokyo,P005,C,3,3410,10230.0,C0015
2025-03-05,Tokyo,P007,B,3,4130,12390.0,C0086
2025-03-05,Tokyo,P014,C,3,2750,8250.0,C0188
2025-03-05,Tokyo,P014,C,1,1600,1600.0,C0132
2025-03-05,Tokyo,P002,C,4,4880,19520.0,C0182
2025-03-05,Osaka,P002,C,3,2770,8310.0,C0083
2025-03-05,Osaka,P005,C,3,3560,10680.0,C0050
2025-03-05,Osaka,P010,B,4,1040,4160.0,C0263
2025-03-05,Osaka,P010,B,2,3930,7860.0,C0185
2025-03-05,Osaka,P012,A,1,1230,1230.0,C0192
2025-03-05,Osaka,P005,C,1,2680,2680.0,C0217
2025-03-05,Osaka,P003,A,4,2680,10720.0,C0046
2025-03-05,Osaka,P002,C,4,1450,5800.0,C0126
2025-03-05,Osaka,P011,C,3,2050,6150.0,C0033
2025-03-05,Osaka,P011,C,2,1190,2380.0,C0055
2025-03-05,Osaka,P009,A,1,2560,2560.0,C0038
2025-03-05,Osaka,P012,A,3,4130,12390.0,C0016
2025-03-05,Osaka,P006,A,2,3490,6980.0,C0246
2025-03-05,Osaka,P004,B,4,3320,13280.0,C0247
2025-03-05,Osaka,P002,C,4,2730,10920.0,C0084
2025-03-05,Osaka,P003,A,4,4530,18120.0,C0040
2025-03-05,Osaka,P007,B,3,3360,10080.0,C0057
2025-03-05,Osaka,P006,A,2,2150,4300.0,C0288
2025-03-05,Osaka,P004,B,3,4640,13920.0,C0238
2025-03-05,Nagoya,P003,A,1,4130,4130.0,C0224
2025-03-05,Nagoya,P012,A,2,3090,6180.0,C0005
2025-03-05,Nagoya,P005,C,3,1500,4500.0,C0039
2025-03-05,Nagoya,P001,B,1,4970,4970.0,C0209
2025-03-05,Nagoya,P015,A,2,3390,6780.0,C0267
2025-03-05,Nagoya,P006,A,3,3770,11310.0,C0249
2025-03-05,Nagoya,P015,A,3,3330,9990.0,C0260
2025-03-05,Nagoya,P011,C,2,3520,7040.0,C0165
2025-03-05,Nagoya,P004,B,3,3490,10470.0,C0271
2025-03-05,Nagoya,P009,A,1,4950,4950.0,C0173
2025-03-05,Nagoya,P005,C,4,2530,10120.0,C0111
2025-03-05,Nagoya,P013,B,4,3090,12360.0,C0112
2025-03-05,Nagoya,P013,B,1,3980,3980.0,C0175
2025-03-05,Nagoya,P013,B,2,4320,8640.0,C0005
2025-03-05,Nagoya,P012,A,1,3560,3560.0,C0059
2025-03-05,Nagoya,P015,A,4,1410,5640.0,C0267
2025-03-05,Nagoya,P004,B,3,1340,4020.0,C0032
2025-03-06,Tokyo,P009,A,3,4420,13260.0,C0050
2025-03-06,Tokyo,P012,A,1,2160,2160.0,C0053
2025-03-06,Tokyo,P002,C,3,4600,13800.0,C0200
2025-03-06,Tokyo,P013,B,3,1210,3630.0,C0104
2025-03-06,Tokyo,P013,B,1,1380,1380.0,C0250
2025-03-06,Tokyo,P001,B,4,4030,16120.0,C0199
2025-03-06,Tokyo,P009,A,1,2650,2650.0,C0242
2025-03-06,Tokyo,P014,C,2,4350,8700.0,C0233
2025-03-06,Tokyo,P001,B,3,3460,10380.0,C0163
2025-03-06,Tokyo,P012,A,4,3200,12800.0,C0096
2025-03-06,Tokyo,P015,A,4,3740,14960.0,C0192
2025-03-06,Tokyo,P002,C,2,1790,3580.0,C0154
2025-03-06,Osaka,P004,B,4,1510,6040.0,C0030
2025-03-06,Osaka,P015,A,1,3940,3940.0,C0229
2025-03-06,Osaka,P005,C,1,2230,2230.0,C0021
2025-03-06,Osaka,P011,C,4,4980,19920.0,C0240
2025-03-06,Osaka,P012,A,4,4070,16280.0,C0195
2025-03-06,Osaka,P015,A,2,2650,5300.0,C0271
2025-03-06,Osaka,P005,C,2,1600,3200.0,C0083
2025-03-06,Osaka,P009,A,4,1540,6160.0,C0204
2025-03-06,Osaka,P012,A,4,4000,16000.0,C0047
2025-03-06,Osaka,P008,C,4,4630,18520.0,C0184
2025-03-06,Osaka,P015,A,3,1250,3750.0,C0274
2025-03-06,Osaka,P003,A,2,1950,3900.0,C0216
2025-03-06,Osaka,P001,B,3,4450,13350.0,C0236
2025-03-06,Osaka,P005,C,4,2440,9760.0,C0204
2025-03-06,Osaka,P008,C,1,1010,1010.0,C0055
2025-03-06,Osaka,P015,A,4,2640,10560.0,C0290
2025-03-06,Osaka,P001,B,4,1920,7680.0,C0012
2025-03-06,Osaka,P012,A,2,2160,4320.0,C0228
2025-03-06,Nagoya,P012,A,1,1340,1340.0,C0098
2025-03-06,Nagoya,P010,B,1,1570,1570.0,C0224
2025-03-06,Nagoya,P008,C,2,1950,3900.0,C0006
2025-03-06,Nagoya,P001,B,3,1320,3960.0,C0074
2025-03-06,Nagoya,P014,C,2,3970,7940.0,C0103
2025-03-06,Nagoya,P014,C,4,2870,11480.0,C0205
2025-03-06,Nagoya,P007,B,4,2430,9720.0,C0251
2025-03-06,Nagoya,P010,B,3,2400,7200.0,C0250
2025-03-06,Nagoya,P012,A,4,4200,16800.0,C0048
2025-03-06,Nagoya,P014,C,4,1970,7880.0,C0294
2025-03-06,Nagoya,P008,C,2,1890,3780.0,C0110
2025-03-06,Nagoya,P001,B,3,3830,11490.0,C0200
2025-03-06,Nagoya,P009,A,2,3890,7780.0,C0261
2025-03-07,Tokyo,P006,A,4,4440,17760.0,C0298
2025-03-07,Tokyo,P003,A,2,1520,3040.0,C0259
2025-03-07,Tokyo,P008,C,1,1360,1360.0,C0221
2025-03-07,Tokyo,P013,B,4,4880,19520.0,C0244
2025-03-07,Tokyo,P012,A,4,4990,19960.0,C0139
2025-03-07,Tokyo,P012,A,4,1460,5840.0,C0207
2025-03-07,Tokyo,P006,A,1,1680,1680.0,C0035
2025-03-07,Tokyo,P014,C,4,1400,5600.0,C0188
2025-03-07,Tokyo,P010,B,3,3420,10260.0,C0272
2025-03-07,Tokyo,P008,C,3,3280,9840.0,C0119
2025-03-07,Osaka,P007,B,4,3420,13680.0,C0205
2025-03-07,Osaka,P012,A,3,3250,9750.0,C0185
2025-03-07,Osaka,P008,C,2,3900,7800.0,C0263
2025-03-07,Osaka,P011,C,4,4320,17280.0,C0110
2025-03-07,Osaka,P001,B,2,4010,8020.0,C0244
2025-03-07,Osaka,P008,C,4,1290,5160.0,C0193
2025-03-07,Osaka,P011,C,3,3860,11580.0,C0147
2025-03-07,Osaka,P008,C,3,4170,12510.0,C0075
2025-03-07,Osaka,P005,C,2,1800,3600.0,C0100
2025-03-07,Osaka,P006,A,2,2640,5280.0,C0151
2025-03-07,Osaka,P011,C,2,4380,8760.0,C0144
2025-03-07,Osaka,P011,C,1,1690,1690.0,C0136
2025-03-07,Osaka,P006,A,2,1630,3260.0,C0142
2025-03-07,Osaka,P011,C,3,1990,5970.0,C0103
2025-03-07,Osaka,P008,C,3,4160,12480.0,C0117
2025-03-07,Osaka,P011,C,4,2190,8760.0,C0247
2025-03-07,Osaka,P005,C,2,3610,7220.0,C0186
2025-03-07,Osaka,P009,A,1,1380,1380.0,C0272
2025-03-07,Nagoya,P014,C,3,4530,13590.0,C0142
2025-03-07,Nagoya,P002,C,1,2090,2090.0,C0113
2025-03-07,Nagoya,P015,A,2,3450,6900.0,C0081
2025-03-07,Nagoya,P010,B,3,1600,4800.0,C0139
2025-03-07,Nagoya,P002,C,4,3810,15240.0,C0282
2025-03-07,Nagoya,P014,C,1,3820,3820.0,C0030
2025-03-07,Nagoya,P015,A,4,3720,14880.0,C0298
2025-03-07,Nagoya,P013,B,4,1400,5600.0,C0008
2025-03-07,Nagoya,P015,A,2,2700,5400.0,C0013
2025-03-07,Nagoya,P010,B,4,4360,17440.0,C0174
2025-03-07,Nagoya,P010,B,3,2780,8340.0,C0166
2025-03-07,Nagoya,P015,A,2,2880,5760.0,C0180
2025-03-07,Nagoya,P009,A,1,2140,2140.0,C0194
2025-03-07,Nagoya,P011,C,3,4960,14880.0,C0202
2025-03-07,Nagoya,P009,A,2,2480,4960.0,C0248
2025-03-07,Nagoya,P008,C,3,1490,4470.0,C0039
2025-03-07,Nagoya,P004,B,1,3420,3420.0,C0191
2025-03-07,Nagoya,P009,A,2,3300,6600.0,C0036
2025-03-08,Tokyo,P003,A,1,1660,1660.0,C0034
2025-03-08,Tokyo,P008,C,3,3420,10260.0,C0132
2025-03-08,Tokyo,P003,A,1,3840,3840.0,C0294
2025-03-08,Tokyo,P005,C,1,2240,2240.0,C0065
2025-03-08,Tokyo,P004,B,2,4140,8280.0,C0213
2025-03-08,Tokyo,P015,A,2,2960,5920.0,C0114
2025-03-08,Tokyo,P001,B,2,2040,4080.0,C0144
2025-03-08,Tokyo,P003,A,3,4370,13110.0,C0288
2025-03-08,Tokyo,P002,C,1,4860,4860.0,C0254
2025-03-08,Tokyo,P009,A,2,3070,6140.0,C0161
2025-03-08,Tokyo,P013,B,3,1110,3330.0,C0210
2025-03-08,Tokyo,P012,A,2,1460,2920.0,C0043
2025-03-08,Tokyo,P013,B,2,3110,6220.0,C0288
2025-03-08,Tokyo,P001,B,1,4330,4330.0,C0162
2025-03-08,Osaka,P011,C,1,4120,4120.0,C0239
2025-03-08,Osaka,P013,B,2,2070,4140.0,C0264
2025-03-08,Osaka,P009,A,3,1540,4620.0,C0187
2025-03-08,Osaka,P009,A,2,4060,8120.0,C0040
2025-03-08,Osaka,P011,C,4,3260,13040.0,C0032
2025-03-08,Osaka,P009,A,3,3200,9600.0,C0082
2025-03-08,Osaka,P010,B,2,3230,6460.0,C0178
2025-03-08,Osaka,P010,B,4,4530,18120.0,C0233
2025-03-08,Osaka,P012,A,4,1960,7840.0,C0088
2025-03-08,Osaka,P008,C,2,3800,7600.0,C0003
2025-03-08,Nagoya,P012,A,4,2200,8800.0,C0093
2025-03-08,Nagoya,P009,A,2,1670,3340.0,C0150
2025-03-08,Nagoya,P013,B,3,4260,12780.0,C0193
2025-03-08,Nagoya,P014,C,1,1180,1180.0,C0035
2025-03-08,Nagoya,P015,A,3,1990,5970.0,C0256
2025-03-08,Nagoya,P005,C,3,1990,5970.0,C0029
2025-03-08,Nagoya,P005,C,1,3210,3210.0,C0007
2025-03-08,Nagoya,P004,B,3,2570,7710.0,C0191
2025-03-08,Nagoya,P010,B,4,4340,17360.0,C0069
2025-03-08,Nagoya,P011,C,3,3370,10110.0,C0239
2025-03-08,Nagoya,P003,A,2,4260,8520.0,C0267
2025-03-09,Tokyo,P008,C,2,1670,3340.0,C0018
2025-03-09,Tokyo,P009,A,3,3120,9360.0,C0111
2025-03-09,Tokyo,P012,A,3,4630,13890.0,C0104
2025-03-09,Tokyo,P004,B,2,3020,6040.0,C0137
2025-03-09,Tokyo,P013,B,1,3110,3110.0,C0129
2025-03-09,Tokyo,P004,B,3,4200,12600.0,C0164
2025-03-09,Tokyo,P002,C,1,2680,2680.0,C0200
2025-03-09,Tokyo,P005,C,2,4440,8880.0,C0005
2025-03-09,Tokyo,P002,C,1,4930,4930.0,C0149
2025-03-09,Tokyo,P003,A,2,4870,9740.0,C0208
2025-03-09,Osaka,P004,B,1,4090,4090.0,C0042
2025-03-09,Osaka,P005,C,2,3480,6960.0,C0182
2025-03-09,Osaka,P012,A,2,2540,5080.0,C0117
2025-03-09,Osaka,P001,B,3,3140,9420.0,C0143
2025-03-09,Osaka,P015,A,1,4870,4870.0,C0204
2025-03-09,Osaka,P004,B,3,4020,12060.0,C0109
2025-03-09,Osaka,P006,A,4,1640,6560.0,C0004
2025-03-09,Osaka,P010,B,4,3000,12000.0,C0041
2025-03-09,Osaka,P009,A,2,4300,8600.0,C0184
2025-03-09,Osaka,P006,A,3,3660,10980.0,C0203
2025-03-09,Osaka,P006,A,3,1170,3510.0,C0121
2025-03-09,Osaka,P006,A,3,4800,14400.0,C0286
2025-03-09,Nagoya,P010,B,1,2920,2920.0,C0206
2025-03-09,Nagoya,P011,C,4,2860,11440.0,C0272
2025-03-09,Nagoya,P015,A,3,1360,4080.0,C0113
2025-03-09,Nagoya,P012,A,3,4740,14220.0,C0244
2025-03-09,Nagoya,P001,B,4,2420,9680.0,C0245
2025-03-09,Nagoya,P008,C,2,1280,2560.0,C0036
2025-03-09,Nagoya,P009,A,3,3210,9630.0,C0047
2025-03-09,Nagoya,P008,C,1,1570,1570.0,C0150
2025-03-09,Nagoya,P010,B,3,4920,14760.0,C0256
2025-03-09,Nagoya,P006,A,4,1380,5520.0,C0257
2025-03-09,Nagoya,P006,A,4,4880,19520.0,C0211
2025-03-09,Nagoya,P014,C,1,1680,1680.0,C0188
2025-03-09,Nagoya,P009,A,1,3870,3870.0,C0018
2025-03-09,Nagoya,P015,A,1,2780,2780.0,C0247
2025-03-10,Tokyo,P012,A,3,4790,14370.0,C0139
2025-03-10,Tokyo,P015,A,3,4570,13710.0,C0220
2025-03-10,Tokyo,P002,C,3,4510,13530.0,C0039
2025-03-10,Tokyo,P013,B,1,4480,4480.0,C0236
2025-03-10,Tokyo,P003,A,3,1460,4380.0,C0170
2025-03-10,Tokyo,P014,C,1,1690,1690.0,C0127
2025-03-10,Tokyo,P006,A,1,2820,2820.0,C0078
2025-03-10,Tokyo,P002,C,2,1080,2160.0,C0274
2025-03-10,Tokyo,P015,A,2,4500,9000.0,C0138
2025-03-10,Tokyo,P014,C,1,2130,2130.0,C0222
2025-03-10,Tokyo,P004,B,4,2700,10800.0,C0121
2025-03-10,Tokyo,P007,B,4,1020,4080.0,C0225
2025-03-10,Tokyo,P012,A,4,4980,19920.0,C0234
2025-03-10,Tokyo,P008,C,2,2550,5100.0,C0248
2025-03-10,Tokyo,P006,A,3,1380,4140.0,C0095
2025-03-10,Osaka,P007,B,3,3860,11580.0,C0130
2025-03-10,Osaka,P003,A,3,1210,3630.0,C0254
2025-03-10,Osaka,P012,A,1,2050,2050.0,C0009
2025-03-10,Osaka,P006,A,1,4740,4740.0,C0041
2025-03-10,Osaka,P010,B,3,1940,5820.0,C0242
2025-03-10,Osaka,P002,C,4,3960,15840.0,C0190
2025-03-10,Osaka,P014,C,2,2120,4240.0,C0047
2025-03-10,Osaka,P014,C,2,4310,8620.0,C0100
2025-03-10,Osaka,P015,A,4,2230,8920.0,C0146
2025-03-10,Osaka,P012,A,1,1090,1090.0,C0087
2025-03-10,Osaka,P009,A,1,2330,2330.0,C0275
2025-03-10,Osaka,P002,C,1,2690,2690.0,C0004
2025-03-10,Nagoya,P003,A,1,4240,4240.0,C0037
2025-03-10,Nagoya,P008,C,3,3500,10500.0,C0196
2025-03-10,Nagoya,P006,A,4,1270,5080.0,C0033
2025-03-10,Nagoya,P013,B,1,1760,1760.0,C0052
2025-03-10,Nagoya,P001,B,1,3290,3290.0,C0198
2025-03-10,Nagoya,P002,C,4,1380,5520.0,C0206
2025-03-10,Nagoya,P013,B,3,2960,8880.0,C0033
2025-03-10,Nagoya,P004,B,4,2390,9560.0,C0011
2025-03-10,Nagoya,P011,C,3,1260,3780.0,C0016
2025-03-10,Nagoya,P002,C,1,3460,3460.0,C0040
2025-03-11,Tokyo,P003,A,4,3900,15600.0,C0112
2025-03-11,Tokyo,P007,B,1,1210,1210.0,C0161
2025-03-11,Tokyo,P001,B,3,2520,7560.0,C0042
2025-03-11,Tokyo,P009,A,3,3980,11940.0,C0060
2025-03-11,Tokyo,P009,A,4,2070,8280.0,C0250
2025-03-11,Tokyo,P011,C,2,4530,9060.0,C0290
2025-03-11,Tokyo,P004,B,4,1000,4000.0,C0039
2025-03-11,Tokyo,P001,B,2,4740,9480.0,C0180
2025-03-11,Tokyo,P010,B,1,3060,3060.0,C0115
2025-03-11,Tokyo,P008,C,2,1800,3600.0,C0285
2025-03-11,Tokyo,P009,A,2,1290,2580.0,C0229
2025-03-11,Tokyo,P008,C,2,3660,7320.0,C0040
2025-03-11,Tokyo,P008,C,4,2850,11400.0,C0001
2025-03-11,Tokyo,P004,B,1,3000,3000.0,C0109
2025-03-11,Tokyo,P002,C,3,1700,5100.0,C0103
2025-03-11,Tokyo,P015,A,1,1990,1990.0,C0096
2025-03-11,Osaka,P004,B,4,1020,4080.0,C0284
2025-03-11,Osaka,P009,A,1,1460,1460.0,C0031
2025-03-11,Osaka,P005,C,2,3560,7120.0,C0094
2025-03-11,Osaka,P011,C,2,2050,4100.0,C0083
2025-03-11,Osaka,P005,C,4,1980,7920.0,C0082
2025-03-11,Osaka,P015,A,3,1760,5280.0,C0260
2025-03-11,Osaka,P003,A,1,2780,2780.0,C0207
2025-03-11,Osaka,P003,A,4,1620,6480.0,C0234
2025-03-11,Osaka,P002,C,2,3560,7120.0,C0080
2025-03-11,Osaka,P010,B,3,3600,10800.0,C0119
2025-03-11,Osaka,P012,A,3,2300,6900.0,C0220
2025-03-11,Osaka,P014,C,4,3930,15720.0,C0230
2025-03-11,Osaka,P013,B,2,3880,7760.0,C0060
2025-03-11,Osaka,P006,A,4,2130,8520.0,C0253
2025-03-11,Osaka,P007,B,1,1380,1380.0,C0164
2025-03-11,Nagoya,P008,C,1,2070,2070.0,C0002
2025-03-11,Nagoya,P005,C,4,1600,6400.0,C0207
2025-03-11,Nagoya,P001,B,3,4680,14040.0,C0102
2025-03-11,Nagoya,P003,A,3,2110,6330.0,C0267
2025-03-11,Nagoya,P013,B,3,3550,10650.0,C0181
2025-03-11,Nagoya,P012,A,2,4870,9740.0,C0104
2025-03-11,Nagoya,P001,B,3,3640,10920.0,C0294
2025-03-11,Nagoya,P006,A,2,3240,6480.0,C0118
2025-03-11,Nagoya,P012,A,2,4130,8260.0,C0128
2025-03-11,Nagoya,P004,B,4,3100,12400.0,C0212
2025-03-11,Nagoya,P009,A,2,4880,9760.0,C0112
2025-03-11,Nagoya,P015,A,2,1090,2180.0,C0011
2025-03-11,Nagoya,P015,A,3,2550,7650.0,C0243
2025-03-11,Nagoya,P010,B,3,3740,11220.0,C0060
2025-03-12,Tokyo,P011,C,1,3870,3870.0,C0039
2025-03-12,Tokyo,P004,B,3,3490,10470.0,C0234
2025-03-12,Tokyo,P010,B,1,4350,4350.0,C0065
2025-03-12,Tokyo,P003,A,4,1770,7080.0,C0161
2025-03-12,Tokyo,P008,C,4,1170,4680.0,C0032
2025-03-12,Tokyo,P007,B,2,4150,8300.0,C0182
2025-03-12,Tokyo,P003,A,4,2830,11320.0,C0289
2025-03-12,Tokyo,P015,A,1,3020,3020.0,C0127
2025-03-12,Tokyo,P008,C,2,3230,6460.0,C0148
2025-03-12,Tokyo,P003,A,2,1580,3160.0,C0253
2025-03-12,Osaka,P006,A,2,1310,2620.0,C0087
2025-03-12,Osaka,P014,C,1,1580,1580.0,C0253
2025-03-12,Osaka,P008,C,1,2950,2950.0,C0225
2025-03-12,Osaka,P006,A,2,3520,7040.0,C0180
2025-03-12,Osaka,P014,C,1,2100,2100.0,C0047
2025-03-12,Osaka,P010,B,3,2380,7140.0,C0208
2025-03-12,Osaka,P006,A,1,3150,3150.0,C0131
2025-03-12,Osaka,P007,B,2,4650,9300.0,C0065
2025-03-12,Osaka,P005,C,3,1180,3540.0,C0044
2025-03-12,Osaka,P009,A,3,3610,10830.0,C0034
2025-03-12,Osaka,P013,B,2,1620,3240.0,C0094
2025-03-12,Osaka,P004,B,2,2870,5740.0,C0130
2025-03-12,Osaka,P007,B,4,4830,19320.0,C0147
2025-03-12,Osaka,P015,A,4,4270,17080.0,C0068
2025-03-12,Osaka,P007,B,2,1380,2760.0,C0023
2025-03-12,Osaka,P010,B,2,4300,8600.0,C0200
2025-03-12,Nagoya,P013,B,2,3260,6520.0,C0289
2025-03-12,Nagoya,P010,B,1,1700,1700.0,C0128
2025-03-12,Nagoya,P001,B,1,4160,4160.0,C0043
2025-03-12,Nagoya,P003,A,3,1360,4080.0,C0077
2025-03-12,Nagoya,P015,A,3,4850,14550.0,C0106
2025-03-12,Nagoya,P010,B,1,2510,2510.0,C0053
2025-03-12,Nagoya,P013,B,1,1810,1810.0,C0139
2025-03-12,Nagoya,P007,B,2,2420,4840.0,C0089
2025-03-12,Nagoya,P014,C,3,4670,14010.0,C0296
2025-03-12,Nagoya,P010,B,4,1440,5760.0,C0284
2025-03-13,Tokyo,P011,C,1,1380,1380.0,C0265
2025-03-13,Tokyo,P007,B,1,3630,3630.0,C0017
2025-03-13,Tokyo,P007,B,3,3880,11640.0,C0136
2025-03-13,Tokyo,P006,A,4,1730,6920.0,C0023
2025-03-13,Tokyo,P003,A,4,2870,11480.0,C0012
2025-03-13,Tokyo,P003,A,1,4250,4250.0,C0138
2025-03-13,Tokyo,P002,C,1,3460,3460.0,C0178
2025-03-13,Tokyo,P013,B,1,1270,1270.0,C0011
2025-03-13,Tokyo,P006,A,3,3650,10950.0,C0063
2025-03-13,Tokyo,P010,B,3,1760,5280.0,C0225
2025-03-13,Tokyo,P007,B,1,2560,2560.0,C0231
2025-03-13,Tokyo,P011,C,2,4020,8040.0,C0117
2025-03-13,Tokyo,P007,B,1,4980,4980.0,C0251
2025-03-13,Tokyo,P003,A,3,4120,12360.0,C0151
2025-03-13,Osaka,P015,A,2,2330,4660.0,C0112
2025-03-13,Osaka,P014,C,3,3870,11610.0,C0270
2025-03-13,Osaka,P014,C,4,4630,18520.0,C0284
2025-03-13,Osaka,P015,A,3,1520,4560.0,C0034
2025-03-13,Osaka,P012,A,2,4210,8420.0,C0280
2025-03-13,Osaka,P010,B,4,2110,8440.0,C0130
2025-03-13,Osaka,P015,A,4,1810,7240.0,C0280
2025-03-13,Osaka,P008,C,4,3080,12320.0,C0181
2025-03-13,Osaka,P003,A,2,3890,7780.0,C0252
2025-03-13,Osaka,P002,C,1,3770,3770.0,C0134
2025-03-13,Osaka,P013,B,1,2390,2390.0,C0011
2025-03-13,Osaka,P011,C,4,1620,6480.0,C0097
2025-03-13,Nagoya,P001,B,4,4540,18160.0,C0046
2025-03-13,Nagoya,P003,A,3,1040,3120.0,C0152
2025-03-13,Nagoya,P001,B,3,2400,7200.0,C0212
2025-03-13,Nagoya,P014,C,2,3560,7120.0,C0180
2025-03-13,Nagoya,P015,A,1,1950,1950.0,C0114
2025-03-13,Nagoya,P012,A,4,2110,8440.0,C0033
2025-03-13,Nagoya,P010,B,3,2490,,C0056
2025-03-13,Nagoya,P013,B,4,3990,15960.0,C0174
2025-03-13,Nagoya,P004,B,2,1270,2540.0,C0075
2025-03-13,Nagoya,P007,B,2,1320,2640.0,C0287
2025-03-13,Nagoya,P005,C,3,2860,8580.0,C0141
2025-03-13,Nagoya,P013,B,3,4470,13410.0,C0114
2025-03-13,Nagoya,P004,B,2,3240,6480.0,C0101
2025-03-13,Nagoya,P007,B,1,3330,3330.0,C0214
2025-03-13,Nagoya,P008,C,4,4980,19920.0,C0271
2025-03-13,Nagoya,P002,C,4,2330,9320.0,C0136
2025-03-13,Nagoya,P007,B,2,4500,9000.0,C0191
2025-03-13,Nagoya,P015,A,4,2670,10680.0,C0218
2025-03-14,Tokyo,P008,C,3,3750,11250.0,C0273
2025-03-14,Tokyo,P012,A,3,4670,14010.0,C0031
2025-03-14,Tokyo,P012,A,2,2730,5460.0,C0234
2025-03-14,Tokyo,P005,C,4,2990,11960.0,C0105
2025-03-14,Tokyo,P005,C,2,4770,9540.0,C0031
2025-03-14,Tokyo,P008,C,4,2880,11520.0,C0170
2025-03-14,Tokyo,P006,A,1,3550,3550.0,C0276
2025-03-14,Tokyo,P008,C,2,1510,3020.0,C0283
2025-03-14,Tokyo,P014,C,4,2430,9720.0,C0187
2025-03-14,Tokyo,P007,B,1,1820,1820.0,C0115
2025-03-14,Tokyo,P009,A,1,3800,3800.0,C0137
2025-03-14,Tokyo,P014,C,2,1200,2400.0,C0094
2025-03-14,Tokyo,P015,A,2,3810,7620.0,C0253
2025-03-14,Tokyo,P005,C,3,1810,5430.0,C0109
2025-03-14,Tokyo,P005,C,3,4500,13500.0,C0076
2025-03-14,Osaka,P013,B,2,3050,6100.0,C0212
2025-03-14,Osaka,P003,A,4,2460,9840.0,C0197
2025-03-14,Osaka,P007,B,4,3440,13760.0,C0052
2025-03-14,Osaka,P003,A,4,3070,12280.0,C0083
2025-03-14,Osaka,P003,A,1,4670,4670.0,C0292
2025-03-14,Osaka,P006,A,1,2670,2670.0,C0041
2025-03-14,Osaka,P009,A,3,4940,14820.0,C0096
2025-03-14,Osaka,P003,A,1,2500,2500.0,C0180
2025-03-14,Osaka,P001,B,4,2840,11360.0,C0238
2025-03-14,Osaka,P007,B,1,1080,1080.0,C0167
2025-03-14,Osaka,P009,A,4,4500,18000.0,C0049
2025-03-14,Osaka,P005,C,1,1420,1420.0,C0001
2025-03-14,Nagoya,P008,C,1,1770,1770.0,C0036
2025-03-14,Nagoya,P011,C,3,4840,14520.0,C0034
2025-03-14,Nagoya,P004,B,2,3590,7180.0,C0039
2025-03-14,Nagoya,P004,B,2,1070,2140.0,C0119
2025-03-14,Nagoya,P012,A,3,2730,8190.0,C0146
2025-03-14,Nagoya,P015,A,3,3130,9390.0,C0279
2025-03-14,Nagoya,P003,A,1,2790,2790.0,C0096
2025-03-14,Nagoya,P004,B,1,4510,4510.0,C0184
2025-03-14,Nagoya,P011,C,1,2360,2360.0,C0186
2025-03-14,Nagoya,P008,C,3,3670,11010.0,C0124
2025-03-15,Tokyo,P004,B,1,4650,4650.0,C0007
2025-03-15,Tokyo,P005,C,1,1920,1920.0,C0119
2025-03-15,Tokyo,P002,C,2,4700,9400.0,C0041
2025-03-15,Tokyo,P014,C,2,3360,6720.0,C0133
2025-03-15,Tokyo,P005,C,1,3370,3370.0,C0275
2025-03-15,Tokyo,P008,C,3,3570,10710.0,C0117
2025-03-15,Tokyo,P002,C,3,4470,13410.0,C0094
2025-03-15,Tokyo,P014,C,4,1970,7880.0,C0172
2025-03-15,Tokyo,P012,A,2,3790,7580.0,C0273
2025-03-15,Tokyo,P010,B,4,4200,16800.0,C0244
2025-03-15,Tokyo,P013,B,1,1070,1070.0,C0046
2025-03-15,Tokyo,P004,B,3,3030,9090.0,C0141
2025-03-15,Tokyo,P001,B,3,2450,7350.0,C0228
2025-03-15,Tokyo,P002,C,2,1210,2420.0,C0086
2025-03-15,Tokyo,P014,C,2,2750,5500.0,C0082
2025-03-15,Tokyo,P004,B,3,4940,14820.0,C0224
2025-03-15,Tokyo,P012,A,2,1390,2780.0,C0217
2025-03-15,Osaka,P008,C,1,3850,3850.0,C0276
2025-03-15,Osaka,P004,B,1,3950,3950.0,C0100
2025-03-15,Osaka,P011,C,3,2060,6180.0,C0013
2025-03-15,Osaka,P009,A,2,4420,8840.0,C0108
2025-03-15,Osaka,P004,B,4,3940,15760.0,C0185
2025-03-15,Osaka,P015,A,4,4460,17840.0,C0239
2025-03-15,Osaka,P007,B,1,3420,3420.0,C0229
2025-03-15,Osaka,P015,A,3,3270,9810.0,C0173
2025-03-15,Osaka,P002,C,1,1180,1180.0,C0271
2025-03-15,Osaka,P012,A,2,2690,5380.0,C0145
2025-03-15,Osaka,P004,B,2,2390,4780.0,C0208
2025-03-15,Osaka,P012,A,1,2860,2860.0,C0297
2025-03-15,Osaka,P014,C,4,3930,15720.0,C0002
2025-03-15,Osaka,P015,A,3,4550,13650.0,C0272
2025-03-15,Osaka,P004,B,1,3630,3630.0,C0138
2025-03-15,Osaka,P001,B,2,4960,9920.0,C0109
2025-03-15,Osaka,P004,B,3,3650,10950.0,C0100
2025-03-15,Osaka,P013,B,3,1640,4920.0,C0098
2025-03-15,Nagoya,P002,C,1,3620,3620.0,C0133
2025-03-15,Nagoya,P004,B,2,1730,3460.0,C0112
2025-03-15,Nagoya,P004,B,3,3690,11070.0,C0274
2025-03-15,Nagoya,P002,C,2,2050,4100.0,C0174
2025-03-15,Nagoya,P008,C,4,4670,18680.0,C0232
2025-03-15,Nagoya,P003,A,1,4590,4590.0,C0282
2025-03-15,Nagoya,P004,B,1,3720,3720.0,C0177
2025-03-15,Nagoya,P014,C,3,4040,12120.0,C0236
2025-03-15,Nagoya,P001,B,1,4120,4120.0,C0054
2025-03-15,Nagoya,P004,B,4,1810,7240.0,C0045
2025-03-15,Nagoya,P001,B,2,3540,7080.0,C0219
2025-03-15,Nagoya,P014,C,3,4020,12060.0,C0063
2025-03-15,Nagoya,P006,A,2,1260,2520.0,C0290
2025-03-15,Nagoya,P004,B,2,2420,4840.0,C0014
2025-03-15,Nagoya,P014,C,1,1400,1400.0,C0103
2025-03-15,Nagoya,P003,A,4,1750,7000.0,C0091
2025-03-15,Nagoya,P005,C,1,1050,1050.0,C0154
2025-03-15,Nagoya,P004,B,1,2160,2160.0,C0082
2025-03-16,Tokyo,P015,A,2,3810,7620.0,C0230
2025-03-16,Tokyo,P001,B,3,2790,8370.0,C0152
2025-03-16,Tokyo,P003,A,2,1490,2980.0,C0283
2025-03-16,Tokyo,P009,A,1,3020,3020.0,C0277
2025-03-16,Tokyo,P012,A,2,4560,9120.0,C0056
2025-03-16,Tokyo,P004,B,1,4690,4690.0,C0215
2025-03-16,Tokyo,P008,C,3,2030,6090.0,C0022
2025-03-16,Tokyo,P013,B,4,1140,4560.0,C0016
2025-03-16,Tokyo,P009,A,1,3880,3880.0,C0283
2025-03-16,Tokyo,P005,C,2,4450,8900.0,C0107
2025-03-16,Tokyo,P004,B,1,4350,4350.0,C0277
2025-03-16,Tokyo,P002,C,4,1630,6520.0,C0042
2025-03-16,Tokyo,P006,A,2,4410,8820.0,C0210
2025-03-16,Tokyo,P003,A,3,4500,13500.0,C0198
2025-03-16,Osaka,P002,C,2,2880,5760.0,C0106
2025-03-16,Osaka,P002,C,1,3110,3110.0,C0283
2025-03-16,Osaka,P009,A,2,4720,9440.0,C0207
2025-03-16,Osaka,P011,C,3,4050,12150.0,C0151
2025-03-16,Osaka,P010,B,3,4010,12030.0,C0269
2025-03-16,Osaka,P005,C,3,1120,3360.0,C0160
2025-03-16,Osaka,P014,C,3,2070,6210.0,C0182
2025-03-16,Osaka,P006,A,2,1910,3820.0,C0187
2025-03-16,Osaka,P003,A,2,4750,9500.0,C0227
2025-03-16,Osaka,P007,B,4,1050,4200.0,C0287
2025-03-16,Osaka,P006,A,4,4790,19160.0,C0180
2025-03-16,Osaka,P010,B,3,1950,5850.0,C0054
2025-03-16,Nagoya,P008,C,3,2020,6060.0,C0169
2025-03-16,Nagoya,P001,B,1,4860,4860.0,C0255
2025-03-16,Nagoya,P013,B,2,3050,6100.0,C0202
2025-03-16,Nagoya,P004,B,3,3770,11310.0,C0122
2025-03-16,Nagoya,P007,B,2,4210,8420.0,C0296
2025-03-16,Nagoya,P015,A,4,2390,9560.0,C0234
2025-03-16,Nagoya,P004,B,4,2060,8240.0,C0121
2025-03-16,Nagoya,P002,C,1,2570,2570.0,C0165
2025-03-16,Nagoya,P001,B,4,1450,5800.0,C0299
2025-03-16,Nagoya,P005,C,2,1630,3260.0,C0247
2025-03-16,Nagoya,P011,C,1,1420,1420.0,C0183
2025-03-16,Nagoya,P013,B,1,1880,1880.0,C0164
2025-03-16,Nagoya,P002,C,2,1040,2080.0,C0150
2025-03-17,Tokyo,P007,B,2,2690,5380.0,C0153
2025-03-17,Tokyo,P003,A,1,1720,1720.0,C0295
2025-03-17,Tokyo,P011,C,1,2200,2200.0,C0124
2025-03-17,Tokyo,P003,A,4,4760,19040.0,C0074
2025-03-17,Tokyo,P001,B,2,3330,6660.0,C0242
2025-03-17,Tokyo,P006,A,2,1990,3980.0,C0001
2025-03-17,Tokyo,P001,B,2,3470,6940.0,C0004
2025-03-17,Tokyo,P004,B,4,4960,19840.0,C0192
2025-03-17,Tokyo,P008,C,3,2480,7440.0,C0061
2025-03-17,Tokyo,P006,A,3,3650,10950.0,C0203
2025-03-17,Tokyo,P010,B,1,3500,3500.0,C0264
2025-03-17,Tokyo,P010,B,3,1890,5670.0,C0237
2025-03-17,Tokyo,P007,B,2,2950,5900.0,C0037
2025-03-17,Tokyo,P014,C,3,2300,6900.0,C0238
2025-03-17,Tokyo,P001,B,2,3600,7200.0,C0008
2025-03-17,Tokyo,P011,C,4,3370,13480.0,C0062
2025-03-17,Tokyo,P012,A,2,3940,7880.0,C0188
2025-03-17,Osaka,P002,C,1,1280,1280.0,C0090
2025-03-17,Osaka,P001,B,4,4660,18640.0,C0052
2025-03-17,Osaka,P005,C,3,3640,10920.0,C0174
2025-03-17,Osaka,P015,A,3,3670,11010.0,C0151
2025-03-17,Osaka,P008,C,2,3080,6160.0,C0275
2025-03-17,Osaka,P006,A,1,3390,3390.0,C0235
2025-03-17,Osaka,P015,A,3,4150,12450.0,C0075
2025-03-17,Osaka,P007,B,2,2320,4640.0,C0215
2025-03-17,Osaka,P014,C,2,1540,3080.0,C0247
2025-03-17,Osaka,P013,B,4,2020,8080.0,C0215
2025-03-17,Nagoya,P012,A,4,4810,19240.0,C0143
2025-03-17,Nagoya,P002,C,1,4540,4540.0,C0253
2025-03-17,Nagoya,P001,B,2,1980,3960.0,C0096
2025-03-17,Nagoya,P010,B,3,2920,8760.0,C0131
2025-03-17,Nagoya,P010,B,3,1170,3510.0,C0042
2025-03-17,Nagoya,P006,A,2,4980,9960.0,C0267
2025-03-17,Nagoya,P010,B,1,1400,1400.0,C0137
2025-03-17,Nagoya,P009,A,3,1560,4680.0,C0266
2025-03-17,Nagoya,P008,C,3,1150,3450.0,C0247
2025-03-17,Nagoya,P009,A,1,2270,2270.0,C0106
2025-03-17,Nagoya,P001,B,4,4210,16840.0,C0265
2025-03-17,Nagoya,P006,A,3,2830,8490.0,C0143
2025-03-17,Nagoya,P009,A,2,4090,8180.0,C0018
2025-03-17,Nagoya,P003,A,4,4520,18080.0,C0245
2025-03-17,Nagoya,P006,A,2,1100,2200.0,C0084
2025-03-17,Nagoya,P011,C,2,2920,5840.0,C0037
2025-03-17,Nagoya,P008,C,3,3280,9840.0,C0167
2025-03-18,Tokyo,P004,B,2,3490,6980.0,C0144
2025-03-18,Tokyo,P015,A,1,1480,1480.0,C0103
2025-03-18,Tokyo,P007,B,4,2970,11880.0,C0131
2025-03-18,Tokyo,P003,A,2,3120,6240.0,C0175
2025-03-18,Tokyo,P010,B,2,1620,3240.0,C0046
2025-03-18,Tokyo,P003,A,3,4420,13260.0,C0265
2025-03-18,Tokyo,P005,C,1,3520,3520.0,C0012
2025-03-18,Tokyo,P010,B,2,4350,8700.0,C0187
2025-03-18,Tokyo,P012,A,2,4360,8720.0,C0158
2025-03-18,Tokyo,P010,B,2,2790,5580.0,C0252
2025-03-18,Tokyo,P006,A,1,2510,2510.0,C0118
2025-03-18,Tokyo,P007,B,1,1510,1510.0,C0097
2025-03-18,Tokyo,P007,B,1,2550,2550.0,C0096
2025-03-18,Tokyo,P001,B,2,2100,4200.0,C0043
2025-03-18,Tokyo,P012,A,1,3310,3310.0,C0199
2025-03-18,Tokyo,P013,B,3,3170,9510.0,C0228
2025-03-18,Tokyo,P013,B,1,4180,4180.0,C0139
2025-03-18,Tokyo,P002,C,3,4900,14700.0,C0043
2025-03-18,Tokyo,P001,B,4,3380,13520.0,C0066
2025-03-18,Osaka,P006,A,2,2150,4300.0,C0179
2025-03-18,Osaka,P003,A,2,2220,4440.0,C0019
2025-03-18,Osaka,P012,A,1,4830,4830.0,C0029
2025-03-18,Osaka,P006,A,1,2460,2460.0,C0183
2025-03-18,Osaka,P002,C,3,4080,12240.0,C0137
2025-03-18,Osaka,P002,C,3,1740,5220.0,C0006
2025-03-18,Osaka,P007,B,2,1110,2220.0,C0233
2025-03-18,Osaka,P009,A,4,2920,11680.0,C0132
2025-03-18,Osaka,P013,B,1,2440,2440.0,C0239
2025-03-18,Osaka,P005,C,4,2130,8520.0,C0124
2025-03-18,Osaka,P014,C,1,4870,4870.0,C0014
2025-03-18,Osaka,P004,B,3,3370,10110.0,C0273
2025-03-18,Osaka,P015,A,3,3630,10890.0,C0095
2025-03-18,Osaka,P013,B,3,1090,3270.0,C0249
2025-03-18,Osaka,P006,A,2,2940,5880.0,C0246
2025-03-18,Osaka,P005,C,2,1150,2300.0,C0105
2025-03-18,Osaka,P002,C,3,4570,13710.0,C0139
2025-03-18,Nagoya,P015,A,1,3060,3060.0,C0158
2025-03-18,Nagoya,P006,A,4,2570,10280.0,C0017
2025-03-18,Nagoya,P009,A,1,2410,2410.0,C0151
2025-03-18,Nagoya,P011,C,2,2520,5040.0,C0021
2025-03-18,Nagoya,P006,A,3,3460,10380.0,C0088
2025-03-18,Nagoya,P001,B,3,3620,10860.0,C0026
2025-03-18,Nagoya,P008,C,1,2810,2810.0,C0192
2025-03-18,Nagoya,P011,C,3,4030,12090.0,C0073
2025-03-18,Nagoya,P013,B,2,2490,4980.0,C0236
2025-03-18,Nagoya,P005,C,1,3850,3850.0,C0198
2025-03-18,Nagoya,P009,A,1,3520,3520.0,C0060
2025-03-18,Nagoya,P009,A,3,4090,12270.0,C0292
2025-03-18,Nagoya,P003,A,1,3220,3220.0,C0285
2025-03-18,Nagoya,P003,A,2,2620,5240.0,C0096
2025-03-18,Nagoya,P010,B,2,2970,5940.0,C0253
2025-03-18,Nagoya,P006,A,1,4530,4530.0,C0083
2025-03-18,Nagoya,P012,A,4,3100,12400.0,C0027
2025-03-18,Nagoya,P015,A,3,2690,8070.0,C0256
2025-03-18,Nagoya,P012,A,4,1670,6680.0,C0190
2025-03-19,Tokyo,P002,C,2,1410,2820.0,C0032
2025-03-19,Tokyo,P011,C,3,2590,7770.0,C0058
2025-03-19,Tokyo,P012,A,3,3340,10020.0,C0057
2025-03-19,Tokyo,P002,C,1,1100,1100.0,C0290
2025-03-19,Tokyo,P006,A,3,4920,14760.0,C0280
2025-03-19,Tokyo,P005,C,2,2850,5700.0,C0010
2025-03-19,Tokyo,P012,A,3,2480,7440.0,C0167
2025-03-19,Tokyo,P012,A,1,3580,3580.0,C0258
2025-03-19,Tokyo,P011,C,3,1360,4080.0,C0223
2025-03-19,Tokyo,P012,A,2,3330,6660.0,C0185
2025-03-19,Tokyo,P002,C,2,4160,8320.0,C0292
2025-03-19,Tokyo,P005,C,2,4660,9320.0,C0049
2025-03-19,Osaka,P001,B,1,3540,3540.0,C0105
2025-03-19,Osaka,P015,A,4,4580,18320.0,C0218
2025-03-19,Osaka,P011,C,3,4960,14880.0,C0029
2025-03-19,Osaka,P011,C,1,2350,2350.0,C0077
2025-03-19,Osaka,P010,B,4,1310,5240.0,C0180
2025-03-19,Osaka,P004,B,1,2670,2670.0,C0174
2025-03-19,Osaka,P004,B,2,4810,9620.0,C0104
2025-03-19,Osaka,P015,A,4,2480,9920.0,C0173
2025-03-19,Osaka,P011,C,2,2630,5260.0,C0099
2025-03-19,Osaka,P003,A,1,2340,2340.0,C0238
2025-03-19,Osaka,P004,B,1,2310,2310.0,C0180
2025-03-19,Osaka,P004,B,1,1440,1440.0,C0100
2025-03-19,Nagoya,P013,B,4,2480,9920.0,C0026
2025-03-19,Nagoya,P002,C,2,2850,5700.0,C0159
2025-03-19,Nagoya,P005,C,2,2130,4260.0,C0155
2025-03-19,Nagoya,P011,C,1,2910,2910.0,C0194
2025-03-19,Nagoya,P011,C,3,3100,9300.0,C0204
2025-03-19,Nagoya,P006,A,3,2270,6810.0,C0131
2025-03-19,Nagoya,P002,C,2,1560,3120.0,C0068
2025-03-19,Nagoya,P007,B,3,4760,14280.0,C0008
2025-03-19,Nagoya,P014,C,2,3890,7780.0,C0203
2025-03-19,Nagoya,P015,A,1,4860,4860.0,C0019
2025-03-19,Nagoya,P014,C,3,2920,8760.0,C0119
2025-03-19,Nagoya,P002,C,4,3910,15640.0,C0281
2025-03-20,Tokyo,P015,A,4,2700,10800.0,C0211
2025-03-20,Tokyo,P004,B,4,3430,13720.0,C0132
2025-03-20,Tokyo,P010,B,2,3480,6960.0,C0142
2025-03-20,Tokyo,P005,C,4,1250,5000.0,C0227
2025-03-20,Tokyo,P004,B,1,1610,1610.0,C0031
2025-03-20,Tokyo,P002,C,4,4700,18800.0,C0175
2025-03-20,Tokyo,P001,B,4,3400,13600.0,C0156
2025-03-20,Tokyo,P015,A,2,2440,4880.0,C0234
2025-03-20,Tokyo,P008,C,3,3780,11340.0,C0251
2025-03-20,Tokyo,P005,C,1,2910,2910.0,C0194
2025-03-20,Tokyo,P013,B,2,3980,7960.0,C0249
2025-03-20,Tokyo,P013,B,4,4940,19760.0,C0198
2025-03-20,Tokyo,P006,A,2,3980,7960.0,C0071
2025-03-20,Tokyo,P010,B,3,3660,10980.0,C0126
2025-03-20,Tokyo,P012,A,1,3990,3990.0,C0243
2025-03-20,Tokyo,P014,C,4,2390,9560.0,C0014
2025-03-20,Tokyo,P010,B,1,2120,2120.0,C0211
2025-03-20,Osaka,P010,B,4,1650,6600.0,C0237
2025-03-20,Osaka,P009,A,2,2850,5700.0,C0153
2025-03-20,Osaka,P009,A,2,1890,3780.0,C0051
2025-03-20,Osaka,P006,A,2,3060,6120.0,C0273
2025-03-20,Osaka,P002,C,2,1190,2380.0,C0292
2025-03-20,Osaka,P011,C,1,2650,2650.0,C0217
2025-03-20,Osaka,P015,A,3,2080,6240.0,C0209
2025-03-20,Osaka,P011,C,3,1180,3540.0,C0212
2025-03-20,Osaka,P001,B,4,4520,18080.0,C0169
2025-03-20,Osaka,P010,B,1,4490,4490.0,C0081
2025-03-20,Osaka,P004,B,3,4750,14250.0,C0148
2025-03-20,Osaka,P008,C,3,2160,6480.0,C0179
2025-03-20,Osaka,P015,A,2,4090,8180.0,C0232
2025-03-20,Osaka,P013,B,3,4680,14040.0,C0214
2025-03-20,Osaka,P015,A,3,4340,13020.0,C0267
2025-03-20,Nagoya,P009,A,3,4860,14580.0,C0114
2025-03-20,Nagoya,P002,C,4,3520,14080.0,C0129
2025-03-20,Nagoya,P011,C,1,2900,2900.0,C0080
2025-03-20,Nagoya,P005,C,4,3200,12800.0,C0042
2025-03-20,Nagoya,P006,A,1,4630,4630.0,C0088
2025-03-20,Nagoya,P006,A,2,1700,3400.0,C0234
2025-03-20,Nagoya,P009,A,2,2580,5160.0,C0200
2025-03-20,Nagoya,P002,C,4,3250,13000.0,C0069
2025-03-20,Nagoya,P009,A,4,1690,6760.0,C0157
2025-03-20,Nagoya,P009,A,4,3260,13040.0,C0221
2025-03-20,Nagoya,P012,A,4,2440,9760.0,C0211
2025-03-20,Nagoya,P004,B,4,4800,19200.0,C0088
2025-03-20,Nagoya,P009,A,4,1100,4400.0,C0211
2025-03-20,Nagoya,P013,B,4,1780,7120.0,C0227
2025-03-20,Nagoya,P012,A,1,3820,3820.0,C0188
2025-03-20,Nagoya,P015,A,1,4860,4860.0,C0171
2025-03-20,Nagoya,P005,C,2,4060,8120.0,C0298
2025-03-20,Nagoya,P005,C,4,3510,14040.0,C0058
2025-03-20,Nagoya,P009,A,4,1210,4840.0,C0024
2025-03-21,Tokyo,P009,A,1,4720,4720.0,C0039
2025-03-21,Tokyo,P002,C,2,4050,8100.0,C0272
2025-03-21,Tokyo,P004,B,3,4090,12270.0,C0239
2025-03-21,Tokyo,P003,A,4,4460,17840.0,C0220
2025-03-21,Tokyo,P008,C,2,4550,9100.0,C0259
2025-03-21,Tokyo,P008,C,3,2590,7770.0,C0223
2025-03-21,Tokyo,P002,C,4,3060,12240.0,C0180
2025-03-21,Tokyo,P003,A,3,1010,3030.0,C0267
2025-03-21,Tokyo,P012,A,2,4340,8680.0,C0243
2025-03-21,Tokyo,P002,C,1,2010,2010.0,C0001
2025-03-21,Osaka,P008,C,3,1290,3870.0,C0275
2025-03-21,Osaka,P015,A,3,1020,3060.0,C0119
2025-03-21,Osaka,P011,C,3,1970,5910.0,C0246
2025-03-21,Osaka,P015,A,3,2520,7560.0,C0158
2025-03-21,Osaka,P001,B,3,1100,3300.0,C0011
2025-03-21,Osaka,P009,A,3,4940,14820.0,C0152
2025-03-21,Osaka,P015,A,4,2340,9360.0,C0277
2025-03-21,Osaka,P008,C,3,1400,4200.0,C0064
2025-03-21,Osaka,P008,C,2,3390,6780.0,C0024
2025-03-21,Osaka,P004,B,3,3440,10320.0,C0295
2025-03-21,Osaka,P014,C,4,1000,4000.0,C0181
2025-03-21,Osaka,P004,B,2,1830,3660.0,C0137
2025-03-21,Osaka,P002,C,3,1660,4980.0,C0150
2025-03-21,Osaka,P010,B,1,1410,1410.0,C0242
2025-03-21,Osaka,P012,A,2,4540,9080.0,C0067
2025-03-21,Nagoya,P002,C,3,1070,3210.0,C0060
2025-03-21,Nagoya,P007,B,1,2820,2820.0,C0070
2025-03-21,Nagoya,P002,C,4,4920,19680.0,C0288
2025-03-21,Nagoya,P003,A,2,2300,4600.0,C0098
2025-03-21,Nagoya,P007,B,3,2940,8820.0,C0088
2025-03-21,Nagoya,P015,A,4,2320,9280.0,C0067
2025-03-21,Nagoya,P008,C,2,4940,9880.0,C0129
2025-03-21,Nagoya,P001,B,1,1290,1290.0,C0115
2025-03-21,Nagoya,P005,C,4,4560,18240.0,C0042
2025-03-21,Nagoya,P015,A,3,2220,6660.0,C0122
2025-03-21,Nagoya,P007,B,1,4460,4460.0,C0004
2025-03-21,Nagoya,P002,C,2,1570,3140.0,C0019
2025-03-21,Nagoya,P006,A,2,1500,3000.0,C0243
2025-03-21,Nagoya,P014,C,3,3080,9240.0,C0284
2025-03-21,Nagoya,P006,A,2,1060,2120.0,C0212
2025-03-21,Nagoya,P002,C,3,4120,12360.0,C0065
2025-03-21,Nagoya,P010,B,2,2590,5180.0,C0159
2025-03-21,Nagoya,P004,B,4,2570,10280.0,C0139
2025-03-21,Nagoya,P013,B,1,2800,2800.0,C0298
2025-03-22,Tokyo,P002,C,2,4820,9640.0,C0227
2025-03-22,Tokyo,P013,B,2,4350,8700.0,C0118
2025-03-22,Tokyo,P012,A,4,1830,7320.0,C0281
2025-03-22,Tokyo,P010,B,3,4020,12060.0,C0051
2025-03-22,Tokyo,P012,A,1,2080,2080.0,C0035
2025-03-22,Tokyo,P003,A,4,2310,9240.0,C0116
2025-03-22,Tokyo,P008,C,3,3290,9870.0,C0161
2025-03-22,Tokyo,P013,B,2,4070,8140.0,C0273
2025-03-22,Tokyo,P011,C,1,2050,2050.0,C0185
2025-03-22,Tokyo,P008,C,2,2340,4680.0,C0024
2025-03-22,Tokyo,P004,B,4,1040,4160.0,C0251
2025-03-22,Tokyo,P006,A,4,2020,8080.0,C0248
2025-03-22,Tokyo,P009,A,4,1240,4960.0,C0239
2025-03-22,Osaka,P006,A,1,4810,4810.0,C0192
2025-03-22,Osaka,P015,A,3,1630,4890.0,C0101
2025-03-22,Osaka,P007,B,1,4720,4720.0,C0287
2025-03-22,Osaka,P009,A,3,3810,11430.0,C0204
2025-03-22,Osaka,P001,B,3,4100,12300.0,C0242
2025-03-22,Osaka,P009,A,4,3340,13360.0,C0115
2025-03-22,Osaka,P007,B,3,4540,13620.0,C0069
2025-03-22,Osaka,P005,C,3,4050,12150.0,C0120
2025-03-22,Osaka,P010,B,1,2160,2160.0,C0286
2025-03-22,Osaka,P009,A,4,1870,7480.0,C0087
2025-03-22,Osaka,P015,A,4,4500,18000.0,C0095
2025-03-22,Osaka,P013,B,2,4370,8740.0,C0255
2025-03-22,Nagoya,P005,C,4,2800,11200.0,C0130
2025-03-22,Nagoya,P010,B,4,1520,6080.0,C0295
2025-03-22,Nagoya,P007,B,1,2230,2230.0,C0139
2025-03-22,Nagoya,P011,C,3,1540,4620.0,C0146
2025-03-22,Nagoya,P004,B,2,3840,7680.0,C0241
2025-03-22,Nagoya,P003,A,3,2680,8040.0,C0101
2025-03-22,Nagoya,P011,C,1,4060,4060.0,C0120
2025-03-22,Nagoya,P002,C,4,4400,17600.0,C0169
2025-03-22,Nagoya,P011,C,1,2350,2350.0,C0105
2025-03-22,Nagoya,P012,A,2,3910,7820.0,C0092
2025-03-22,Nagoya,P010,B,1,3230,3230.0,C0025
2025-03-22,Nagoya,P012,A,1,4990,4990.0,C0251
2025-03-22,Nagoya,P009,A,4,4230,16920.0,C0043
2025-03-22,Nagoya,P012,A,2,4420,8840.0,C0259
2025-03-23,Tokyo,P007,B,1,1500,1500.0,C0050
2025-03-23,Tokyo,P015,A,3,2400,7200.0,C0135
2025-03-23,Tokyo,P003,A,3,2700,8100.0,C0239
2025-03-23,Tokyo,P001,B,4,1240,4960.0,C0125
2025-03-23,Tokyo,P006,A,3,3630,10890.0,C0059
2025-03-23,Tokyo,P008,C,3,2850,8550.0,C0007
2025-03-23,Tokyo,P003,A,3,2040,6120.0,C0164
2025-03-23,Tokyo,P003,A,3,1750,5250.0,C0195
2025-03-23,Tokyo,P013,B,2,1550,3100.0,C0002
2025-03-23,Tokyo,P006,A,1,4520,4520.0,C0291
2025-03-23,Tokyo,P015,A,4,3340,13360.0,C0098
2025-03-23,Tokyo,P007,B,2,4360,8720.0,C0131
2025-03-23,Tokyo,P006,A,3,2490,7470.0,C0107
2025-03-23,Tokyo,P004,B,1,1150,1150.0,C0121
2025-03-23,Tokyo,P015,A,2,3560,7120.0,C0098
2025-03-23,Tokyo,P005,C,1,3250,3250.0,C0197
2025-03-23,Tokyo,P006,A,3,2900,8700.0,C0081
2025-03-23,Tokyo,P011,C,3,1260,3780.0,C0148
2025-03-23,Tokyo,P006,A,4,2220,8880.0,C0286
2025-03-23,Osaka,P002,C,2,4530,9060.0,C0077
2025-03-23,Osaka,P011,C,4,3770,15080.0,C0028
2025-03-23,Osaka,P006,A,2,2370,4740.0,C0263
2025-03-23,Osaka,P001,B,3,4920,14760.0,C0262
2025-03-23,Osaka,P010,B,4,2600,10400.0,C0183
2025-03-23,Osaka,P009,A,1,1160,1160.0,C0269
2025-03-23,Osaka,P003,A,2,3490,6980.0,C0173
2025-03-23,Osaka,P008,C,4,4140,16560.0,C0282
2025-03-23,Osaka,P010,B,4,3400,13600.0,C0162
2025-03-23,Osaka,P013,B,4,1270,5080.0,C0273
2025-03-23,Osaka,P011,C,4,3860,15440.0,C0278
2025-03-23,Osaka,P005,C,1,1780,1780.0,C0076
2025-03-23,Osaka,P004,B,2,1790,3580.0,C0048
2025-03-23,Osaka,P008,C,4,1540,6160.0,C0153
2025-03-23,Osaka,P010,B,3,1420,4260.0,C0220
2025-03-23,Osaka,P001,B,1,2270,2270.0,C0256
2025-03-23,Nagoya,P012,A,4,4830,19320.0,C0091
2025-03-23,Nagoya,P002,C,1,4070,4070.0,C0059
2025-03-23,Nagoya,P010,B,2,4060,8120.0,C0182
2025-03-23,Nagoya,P009,A,4,4810,19240.0,C0110
2025-03-23,Nagoya,P008,C,3,4290,12870.0,C0145
2025-03-23,Nagoya,P006,A,4,4810,19240.0,C0171
2025-03-23,Nagoya,P002,C,2,2850,5700.0,C0211
2025-03-23,Nagoya,P011,C,4,1110,4440.0,C0140
2025-03-23,Nagoya,P011,C,4,1560,6240.0,C0263
2025-03-23,Nagoya,P001,B,1,4380,4380.0,C0236
2025-03-23,Nagoya,P015,A,3,3460,10380.0,C0160
2025-03-24,Tokyo,P008,C,2,4410,8820.0,C0107
2025-03-24,Tokyo,P010,B,3,3150,9450.0,C0183
2025-03-24,Tokyo,P001,B,2,2790,5580.0,C0118
2025-03-24,Tokyo,P014,C,4,3840,15360.0,C0106
2025-03-24,Tokyo,P001,B,4,4530,18120.0,C0147
2025-03-24,Tokyo,P013,B,4,3180,12720.0,C0063
2025-03-24,Tokyo,P001,B,4,3240,12960.0,C0046
2025-03-24,Tokyo,P001,B,4,2280,9120.0,C0098
2025-03-24,Tokyo,P010,B,2,4650,9300.0,C0204
2025-03-24,Tokyo,P006,A,2,4440,8880.0,C0177
2025-03-24,Tokyo,P014,C,2,1080,2160.0,C0269
2025-03-24,Tokyo,P004,B,4,3830,15320.0,C0070
2025-03-24,Tokyo,P012,A,1,2560,2560.0,C0107
2025-03-24,Tokyo,P010,B,3,3440,10320.0,C0143
2025-03-24,Tokyo,P012,A,1,3870,3870.0,C0015
2025-03-24,Osaka,P011,C,1,4080,4080.0,C0040
2025-03-24,Osaka,P003,A,4,1700,6800.0,C0274
2025-03-24,Osaka,P006,A,4,4750,19000.0,C0035
2025-03-24,Osaka,P005,C,3,4460,13380.0,C0056
2025-03-24,Osaka,P003,A,2,1810,3620.0,C0080
2025-03-24,Osaka,P002,C,4,4180,16720.0,C0044
2025-03-24,Osaka,P009,A,3,3510,10530.0,C0295
2025-03-24,Osaka,P010,B,3,1130,3390.0,C0024
2025-03-24,Osaka,P010,B,4,2590,10360.0,C0193
2025-03-24,Osaka,P004,B,2,4000,8000.0,C0198
2025-03-24,Nagoya,P014,C,4,2900,11600.0,C0102
2025-03-24,Nagoya,P008,C,4,2800,11200.0,C0010
2025-03-24,Nagoya,P002,C,4,4140,16560.0,C0231
2025-03-24,Nagoya,P002,C,1,2570,2570.0,C0070
2025-03-24,Nagoya,P006,A,3,2120,6360.0,C0037
2025-03-24,Nagoya,P007,B,3,3470,10410.0,C0097
2025-03-24,Nagoya,P005,C,3,1690,5070.0,C0250
2025-03-24,Nagoya,P014,C,1,4880,4880.0,C0008
2025-03-24,Nagoya,P007,B,3,2300,6900.0,C0061
2025-03-24,Nagoya,P001,B,3,1140,3420.0,C0145
2025-03-24,Nagoya,P006,A,4,4720,18880.0,C0245
2025-03-25,Tokyo,P009,A,2,1660,3320.0,C0290
2025-03-25,Tokyo,P006,A,2,1560,3120.0,C0083
2025-03-25,Tokyo,P010,B,2,3340,6680.0,C0064
2025-03-25,Tokyo,P002,C,4,2720,10880.0,C0108
2025-03-25,Tokyo,P005,C,3,3250,9750.0,C0117
2025-03-25,Tokyo,P014,C,4,1790,7160.0,C0193
2025-03-25,Tokyo,P015,A,2,1120,2240.0,C0040
2025-03-25,Tokyo,P011,C,4,1510,6040.0,C0164
2025-03-25,Tokyo,P008,C,2,3520,7040.0,C0263
2025-03-25,Tokyo,P004,B,1,2430,2430.0,C0094
2025-03-25,Tokyo,P011,C,3,1070,3210.0,C0102
2025-03-25,Tokyo,P012,A,2,3250,6500.0,C0080
2025-03-25,Tokyo,P005,C,1,1320,1320.0,C0012
2025-03-25,Tokyo,P010,B,1,3290,3290.0,C0285
2025-03-25,Tokyo,P011,C,3,1460,4380.0,C0147
2025-03-25,Tokyo,P014,C,2,4300,8600.0,C0212
2025-03-25,Tokyo,P005,C,1,1060,1060.0,C0083
2025-03-25,Osaka,P010,B,3,2910,8730.0,C0217
2025-03-25,Osaka,P012,A,3,4580,13740.0,C0108
2025-03-25,Osaka,P013,B,2,1730,3460.0,C0044
2025-03-25,Osaka,P002,C,4,1670,6680.0,C0250
2025-03-25,Osaka,P012,A,2,4650,9300.0,C0272
2025-03-25,Osaka,P014,C,2,2190,4380.0,C0014
2025-03-25,Osaka,P013,B,4,3140,12560.0,C0022
2025-03-25,Osaka,P013,B,2,3190,6380.0,C0198
2025-03-25,Osaka,P003,A,1,1310,1310.0,C0287
2025-03-25,Osaka,P015,A,2,2700,5400.0,C0122
2025-03-25,Osaka,P006,A,3,2420,7260.0,C0185
2025-03-25,Osaka,P006,A,3,4770,14310.0,C0062
2025-03-25,Osaka,P001,B,3,1470,4410.0,C0070
2025-03-25,Nagoya,P007,B,3,4100,12300.0,C0039
2025-03-25,Nagoya,P008,C,1,2990,2990.0,C0068
2025-03-25,Nagoya,P014,C,2,1800,3600.0,C0005
2025-03-25,Nagoya,P002,C,1,1910,1910.0,C0221
2025-03-25,Nagoya,P014,C,4,4820,19280.0,C0269
2025-03-25,Nagoya,P007,B,2,3590,7180.0,C0096
2025-03-25,Nagoya,P010,B,4,1790,7160.0,C0231
2025-03-25,Nagoya,P015,A,3,2420,7260.0,C0077
2025-03-25,Nagoya,P003,A,2,3980,7960.0,C0155
2025-03-25,Nagoya,P004,B,3,4230,12690.0,C0005
2025-03-25,Nagoya,P001,B,4,3990,15960.0,C0173
2025-03-25,Nagoya,P014,C,3,3080,9240.0,C0064
2025-03-25,Nagoya,P013,B,4,2180,8720.0,C0221
2025-03-25,Nagoya,P011,C,1,1640,1640.0,C0178
2025-03-25,Nagoya,P010,B,3,2490,7470.0,C0250
2025-03-25,Nagoya,P007,B,1,1460,1460.0,C0263
2025-03-25,Nagoya,P011,C,2,1830,3660.0,C0029
2025-03-26,Tokyo,P002,C,3,1790,5370.0,C0039
2025-03-26,Tokyo,P005,C,3,2980,8940.0,C0046
2025-03-26,Tokyo,P012,A,2,1740,3480.0,C0207
2025-03-26,Tokyo,P015,A,3,1640,4920.0,C0093
2025-03-26,Tokyo,P009,A,4,4710,18840.0,C0280
2025-03-26,Tokyo,P013,B,3,3590,10770.0,C0220
2025-03-26,Tokyo,P011,C,3,1530,4590.0,C0264
2025-03-26,Tokyo,P001,B,2,2730,5460.0,C0298
2025-03-26,Tokyo,P002,C,2,2430,4860.0,C0030
2025-03-26,Tokyo,P004,B,2,4660,9320.0,C0117
2025-03-26,Tokyo,P014,C,3,4270,12810.0,C0256
2025-03-26,Osaka,P012,A,1,3860,3860.0,C0015
2025-03-26,Osaka,P012,A,3,4020,12060.0,C0193
2025-03-26,Osaka,P006,A,2,3380,6760.0,C0142
2025-13-40,Osaka,P006,A,2,3140,6280.0,C0072
2025-03-26,Osaka,P010,B,2,2070,4140.0,C0126
2025-03-26,Osaka,P002,C,3,3930,11790.0,C0286
2025-03-26,Osaka,P005,C,3,3010,9030.0,C0219
2025-03-26,Osaka,P010,B,4,4400,17600.0,C0034
2025-03-26,Osaka,P006,A,3,3170,9510.0,C0145
2025-03-26,Osaka,P003,A,3,3960,11880.0,C0012
2025-03-26,Osaka,P009,A,4,3290,13160.0,C0285
2025-03-26,Osaka,P006,A,1,3720,3720.0,C0064
2025-03-26,Osaka,P001,B,1,4730,4730.0,C0234
2025-03-26,Osaka,P005,C,3,2350,7050.0,C0054
2025-03-26,Osaka,P015,A,4,2450,9800.0,C0106
2025-03-26,Osaka,P013,B,2,2500,5000.0,C0116
2025-03-26,Osaka,P007,B,3,1160,3480.0,C0144
2025-03-26,Nagoya,P005,C,2,2690,5380.0,C0110
2025-03-26,Nagoya,P014,C,3,3010,9030.0,C0079
2025-03-26,Nagoya,P014,C,1,3200,3200.0,C0051
2025-03-26,Nagoya,P012,A,2,2170,4340.0,C0018
2025-03-26,Nagoya,P012,A,2,2050,4100.0,C0253
2025-03-26,Nagoya,P001,B,2,1640,3280.0,C0038
2025-03-26,Nagoya,P001,B,1,4780,4780.0,C0134
2025-03-26,Nagoya,P015,A,2,4040,8080.0,C0027
2025-03-26,Nagoya,P002,C,1,4590,4590.0,C0201
2025-03-26,Nagoya,P012,A,4,2320,9280.0,C0217
2025-03-26,Nagoya,P008,C,3,3640,10920.0,C0141
2025-03-26,Nagoya,P001,B,1,3000,3000.0,C0171
2025-03-26,Nagoya,P011,C,3,1750,5250.0,C0110
2025-03-26,Nagoya,P007,B,4,3130,12520.0,C0190
2025-03-27,Tokyo,P006,A,4,3690,14760.0,C0254
2025-03-27,Tokyo,P012,A,3,1120,3360.0,C0175
2025-03-27,Tokyo,P002,C,3,3800,11400.0,C0164
2025-03-27,Tokyo,P005,C,1,3680,3680.0,C0209
2025-03-27,Tokyo,P008,C,3,4110,12330.0,C0154
2025-03-27,Tokyo,P001,B,4,2860,,C0202
2025-03-27,Tokyo,P014,C,2,3480,6960.0,C0006
2025-03-27,Tokyo,P014,C,1,3160,3160.0,C0106
2025-03-27,Tokyo,P001,B,2,4740,9480.0,C0050
2025-03-27,Tokyo,P005,C,1,1490,1490.0,C0069
2025-03-27,Tokyo,P009,A,4,3760,15040.0,C0231
2025-03-27,Tokyo,P011,C,2,4600,9200.0,C0052
2025-03-27,Tokyo,P011,C,1,4060,4060.0,C0027
2025-03-27,Tokyo,P004,B,2,3770,7540.0,C0014
2025-03-27,Tokyo,P004,B,2,3920,7840.0,C0288
2025-03-27,Tokyo,P010,B,3,2340,7020.0,C0246
2025-03-27,Tokyo,P002,C,1,1800,1800.0,C0081
2025-03-27,Osaka,P015,A,3,2530,7590.0,C0064
2025-03-27,Osaka,P010,B,2,4900,9800.0,C0143
2025-03-27,Osaka,P009,A,4,2220,8880.0,C0142
2025-03-27,Osaka,P008,C,2,1210,2420.0,C0085
2025-03-27,Osaka,P002,C,3,1020,3060.0,C0095
2025-03-27,Osaka,P014,C,3,3680,11040.0,C0200
2025-03-27,Osaka,P005,C,3,1880,5640.0,C0191
2025-03-27,Osaka,P011,C,4,4670,18680.0,C0008
2025-03-27,Osaka,P005,C,3,2280,6840.0,C0185
2025-03-27,Osaka,P013,B,2,4570,9140.0,C0264
2025-03-27,Osaka,P014,C,1,2170,2170.0,C0038
2025-03-27,Osaka,P002,C,1,2750,2750.0,C0027
2025-03-27,Osaka,P005,C,4,4530,18120.0,C0281
2025-03-27,Osaka,P001,B,3,3530,10590.0,C0040
2025-03-27,Nagoya,P007,B,4,1450,5800.0,C0195
2025-03-27,Nagoya,P002,C,4,3430,13720.0,C0023
2025-03-27,Nagoya,P004,B,2,1050,2100.0,C0003
2025-03-27,Nagoya,P014,C,4,3140,12560.0,C0270
2025-03-27,Nagoya,P010,B,1,3850,3850.0,C0006
2025-03-27,Nagoya,P013,B,2,1560,3120.0,C0078
2025-03-27,Nagoya,P011,C,4,3280,13120.0,C0048
2025-03-27,Nagoya,P014,C,4,2630,10520.0,C0166
2025-03-27,Nagoya,P015,A,2,1100,2200.0,C0044
2025-03-27,Nagoya,P010,B,4,3950,15800.0,C0185
2025-03-27,Nagoya,P005,C,2,1150,2300.0,C0111
2025-03-27,Nagoya,P010,B,4,4680,18720.0,C0246
2025-03-27,Nagoya,P001,B,4,1870,7480.0,C0185
2025-03-27,Nagoya,P015,A,4,3650,14600.0,C0090
2025-03-27,Nagoya,P008,C,3,3050,9150.0,C0121
2025-03-27,Nagoya,P007,B,3,1140,3420.0,C0299
2025-03-27,Nagoya,P002,C,4,1140,4560.0,C0154
2025-03-27,Nagoya,P007,B,3,2730,8190.0,C0269
2025-03-27,Nagoya,P001,B,4,3750,15000.0,C0233
2025-03-28,Tokyo,P001,B,2,2290,4580.0,C0235
2025-03-28,Tokyo,P014,C,2,4070,8140.0,C0018
2025-03-28,Tokyo,P012,A,1,3670,3670.0,C0115
2025-03-28,Tokyo,P007,B,2,2610,5220.0,C0262
2025-03-28,Tokyo,P013,B,2,2170,4340.0,C0153
2025-03-28,Tokyo,P011,C,1,3900,3900.0,C0284
2025-03-28,Tokyo,P013,B,3,2270,6810.0,C0097
2025-03-28,Tokyo,P012,A,2,1420,2840.0,C0203
2025-03-28,Tokyo,P003,A,4,2660,10640.0,C0103
2025-03-28,Tokyo,P001,B,1,4790,4790.0,C0161
2025-03-28,Tokyo,P014,C,4,1190,4760.0,C0114
2025-03-28,Osaka,P008,C,3,3280,9840.0,C0210
2025-03-28,Osaka,P015,A,4,3500,14000.0,C0173
2025-03-28,Osaka,P006,A,1,3830,3830.0,C0001
2025-03-28,Osaka,P011,C,2,4140,8280.0,C0284
2025-03-28,Osaka,P009,A,3,2940,8820.0,C0112
2025-03-28,Osaka,P002,C,1,3890,3890.0,C0274
2025-03-28,Osaka,P001,B,2,3430,6860.0,C0211
2025-03-28,Osaka,P012,A,3,1330,3990.0,C0076
2025-03-28,Osaka,P008,C,1,2370,2370.0,C0116
2025-03-28,Osaka,P015,A,2,4880,9760.0,C0210
2025-03-28,Osaka,P011,C,4,4360,17440.0,C0067
2025-03-28,Osaka,P007,B,3,4900,14700.0,C0013
2025-03-28,Osaka,P008,C,1,1820,1820.0,C0228
2025-03-28,Osaka,P004,B,4,4970,19880.0,C0233
2025-03-28,Osaka,P003,A,1,2740,2740.0,C0165
2025-03-28,Osaka,P012,A,2,1660,3320.0,C0297
2025-03-28,Osaka,P014,C,3,3780,11340.0,C0280
2025-03-28,Osaka,P008,C,1,3420,3420.0,C0135
2025-03-28,Nagoya,P012,A,2,2470,4940.0,C0127
2025-03-28,Nagoya,P010,B,3,3040,9120.0,C0160
2025-03-28,Nagoya,P015,A,2,1690,3380.0,C0239
2025-03-28,Nagoya,P015,A,3,2600,7800.0,C0105
2025-03-28,Nagoya,P008,C,1,3110,3110.0,C0081
2025-03-28,Nagoya,P004,B,3,4850,14550.0,C0062
2025-03-28,Nagoya,P014,C,3,4890,14670.0,C0115
2025-03-28,Nagoya,P015,A,3,3670,11010.0,C0169
2025-03-28,Nagoya,P007,B,3,4400,13200.0,C0237
2025-03-28,Nagoya,P001,B,3,4330,12990.0,C0223
2025-03-28,Nagoya,P008,C,2,3690,7380.0,C0199
2025-03-28,Nagoya,P006,A,2,2470,4940.0,C0014
2025-03-28,Nagoya,P001,B,1,2690,2690.0,C0153
2025-03-28,Nagoya,P007,B,4,1890,7560.0,C0118
2025-03-28,Nagoya,P004,B,2,3330,6660.0,C0093
2025-03-28,Nagoya,P005,C,3,4320,12960.0,C0064
2025-03-28,Nagoya,P002,C,1,3310,3310.0,C0287
2025-03-29,Tokyo,P001,B,3,4960,14880.0,C0166
2025-03-29,Tokyo,P014,C,3,1120,3360.0,C0128
2025-03-29,Tokyo,P012,A,3,1770,5310.0,C0055
2025-03-29,Tokyo,P010,B,2,3290,6580.0,C0112
2025-03-29,Tokyo,P006,A,3,1030,3090.0,C0131
2025-03-29,Tokyo,P006,A,4,3910,15640.0,C0128
2025-03-29,Tokyo,P004,B,1,1840,1840.0,C0082
2025-03-29,Tokyo,P012,A,1,1100,1100.0,C0162
2025-03-29,Tokyo,P004,B,4,4000,16000.0,C0230
2025-03-29,Tokyo,P007,B,2,2700,5400.0,C0059
2025-03-29,Tokyo,P009,A,4,2020,8080.0,C0017
2025-03-29,Osaka,P006,A,4,4420,17680.0,C0285
2025-03-29,Osaka,P006,A,4,1470,5880.0,C0112
2025-03-29,Osaka,P004,B,4,3400,13600.0,C0110
2025-03-29,Osaka,P003,A,4,3610,14440.0,C0256
2025-03-29,Osaka,P007,B,1,2330,2330.0,C0186
2025-03-29,Osaka,P004,B,1,4290,4290.0,C0159
2025-03-29,Osaka,P006,A,3,3950,11850.0,C0001
2025-03-29,Osaka,P007,B,2,1360,2720.0,C0011
2025-03-29,Osaka,P007,B,3,3030,9090.0,C0235
2025-03-29,Osaka,P007,B,3,4260,12780.0,C0197
2025-03-29,Osaka,P014,C,1,4140,4140.0,C0209
2025-03-29,Osaka,P009,A,1,3160,3160.0,C0257
2025-03-29,Osaka,P010,B,1,2150,2150.0,C0171
2025-03-29,Osaka,P013,B,2,4420,8840.0,C0238
2025-03-29,Osaka,P005,C,1,4610,4610.0,C0177
2025-03-29,Nagoya,P014,C,2,1180,2360.0,C0272
2025-03-29,Nagoya,P009,A,1,3110,3110.0,C0009
2025-03-29,Nagoya,P005,C,2,2810,5620.0,C0170
2025-03-29,Nagoya,P013,B,2,3940,7880.0,C0282
2025-03-29,Nagoya,P012,A,2,3710,7420.0,C0085
2025-03-29,Nagoya,P008,C,3,2170,6510.0,C0002
2025-03-29,Nagoya,P013,B,3,1490,4470.0,C0113
2025-03-29,Nagoya,P004,B,4,4760,19040.0,C0207
2025-03-29,Nagoya,P007,B,1,1980,1980.0,C0028
2025-03-29,Nagoya,P012,A,1,3710,3710.0,C0285
2025-03-29,Nagoya,P005,C,3,4510,13530.0,C0128
2025-03-29,Nagoya,P007,B,1,2710,2710.0,C0262
2025-03-29,Nagoya,P010,B,1,3100,3100.0,C0212
2025-03-29,Nagoya,P002,C,4,1800,7200.0,C0089
2025-03-29,Nagoya,P007,B,3,4660,13980.0,C0067
2025-03-29,Nagoya,P004,B,2,4420,8840.0,C0289
2025-03-29,Nagoya,P007,B,3,4660,13980.0,C0254
2025-03-29,Nagoya,P011,C,3,4930,14790.0,C0072
2025-03-30,Tokyo,P011,C,1,3000,3000.0,C0256
2025-03-30,Tokyo,P003,A,4,2640,10560.0,C0258
2025-03-30,Tokyo,P010,B,1,3940,3940.0,C0017
2025-03-30,Tokyo,P004,B,4,4500,18000.0,C0014
2025-03-30,Tokyo,P006,A,1,2080,,C0290
2025-03-30,Tokyo,P003,A,3,4210,12630.0,C0264
2025-03-30,Tokyo,P006,A,3,2930,8790.0,C0033
2025-03-30,Tokyo,P004,B,3,3740,11220.0,C0156
2025-03-30,Tokyo,P012,A,3,2350,7050.0,C0088
2025-03-30,Tokyo,P015,A,4,1120,4480.0,C0237
2025-03-30,Tokyo,P002,C,4,3350,13400.0,C0206
2025-03-30,Tokyo,P011,C,3,2000,6000.0,C0242
2025-03-30,Tokyo,P009,A,3,2270,6810.0,C0004
2025-03-30,Osaka,P006,A,3,2450,7350.0,C0291
2025-03-30,Osaka,P011,C,2,3830,7660.0,C0194
2025-03-30,Osaka,P010,B,3,4720,14160.0,C0095
2025-03-30,Osaka,P007,B,2,3270,6540.0,C0296
2025-03-30,Osaka,P010,B,1,4680,4680.0,C0237
2025-03-30,Osaka,P007,B,1,2610,2610.0,C0241
2025-03-30,Osaka,P009,A,1,1630,1630.0,C0290
2025-03-30,Osaka,P007,B,3,2440,7320.0,C0027
2025-03-30,Osaka,P007,B,3,2330,6990.0,C0181
2025-03-30,Osaka,P007,B,2,2020,4040.0,C0078
2025-03-30,Osaka,P004,B,3,2340,7020.0,C0222
2025-03-30,Osaka,P005,C,2,4690,9380.0,C0262
2025-03-30,Osaka,P007,B,2,3860,7720.0,C0021
2025-03-30,Osaka,P007,B,3,3700,11100.0,C0033
2025-03-30,Osaka,P001,B,2,1470,2940.0,C0152
2025-03-30,Nagoya,P005,C,2,1850,3700.0,C0014
2025-03-30,Nagoya,P011,C,2,3180,6360.0,C0205
2025-03-30,Nagoya,P013,B,1,3320,3320.0,C0273
2025-03-30,Nagoya,P008,C,1,2040,2040.0,C0238
2025-03-30,Nagoya,P012,A,2,1780,3560.0,C0088
2025-03-30,Nagoya,P004,B,3,4360,13080.0,C0014
2025-03-30,Nagoya,P012,A,4,3450,13800.0,C0261
2025-03-30,Nagoya,P001,B,3,1500,4500.0,C0269
2025-03-30,Nagoya,P008,C,1,3980,3980.0,C0225
2025-03-30,Nagoya,P007,B,2,1060,2120.0,C0272
2025-03-30,Nagoya,P003,A,4,3350,13400.0,C0205
2025-03-30,Nagoya,P011,C,4,1130,4520.0,C0297
2025-03-30,Nagoya,P001,B,4,2040,8160.0,C0253
2025-03-30,Nagoya,P002,C,2,3160,6320.0,C0286
2025-03-30,Nagoya,P002,C,1,3590,3590.0,C0015
2025-03-30,Nagoya,P012,A,1,4880,4880.0,C0160
2025-03-30,Nagoya,P015,A,1,2090,2090.0,C0137
2025-03-30,Nagoya,P001,B,1,2310,2310.0,C0221
2025-03-30,Nagoya,P011,C,1,1230,1230.0,C0197
2025-03-31,Tokyo,P012,A,2,2450,4900.0,C0066
2025-03-31,Tokyo,P004,B,3,2880,8640.0,C0198
2025-03-31,Tokyo,P002,C,3,2830,8490.0,C0273
2025-03-31,Tokyo,P007,B,1,3780,3780.0,C0045
2025-03-31,Tokyo,P014,C,2,4130,8260.0,C0197
2025-03-31,Tokyo,P007,B,3,1730,5190.0,C0023
2025-03-31,Tokyo,P012,A,4,4440,17760.0,C0092
2025-03-31,Tokyo,P006,A,2,3810,7620.0,C0187
2025-03-31,Tokyo,P012,A,4,2560,10240.0,C0199
2025-03-31,Tokyo,P008,C,4,2410,9640.0,C0057
2025-03-31,Tokyo,P006,A,3,4810,14430.0,C0248
2025-03-31,Tokyo,P001,B,3,1630,4890.0,C0109
2025-03-31,Tokyo,P015,A,4,1610,6440.0,C0043
2025-03-31,Osaka,P007,B,2,4490,8980.0,C0276
2025-03-31,Osaka,P014,C,4,4920,19680.0,C0216
2025-03-31,Osaka,P014,C,3,1200,3600.0,C0245
2025-03-31,Osaka,P014,C,2,2710,5420.0,C0172
2025-03-31,Osaka,P010,B,3,2570,7710.0,C0256
2025-03-31,Osaka,P013,B,4,3300,13200.0,C0024
2025-03-31,Osaka,P013,B,1,1770,1770.0,C0086
2025-03-31,Osaka,P003,A,3,2760,8280.0,C0066
2025-03-31,Osaka,P001,B,1,3770,3770.0,C0238
2025-03-31,Osaka,P005,C,1,3220,3220.0,C0235
2025-03-31,Osaka,P002,C,4,1680,6720.0,C0078
2025-03-31,Osaka,P010,B,1,2220,2220.0,C0042
2025-03-31,Osaka,P004,B,4,1910,7640.0,C0014
2025-03-31,Osaka,P004,B,1,3490,3490.0,C0291
2025-03-31,Osaka,P003,A,3,2450,7350.0,C0022
2025-03-31,Osaka,P011,C,1,3050,3050.0,C0152
2025-03-31,Nagoya,P003,A,2,3940,7880.0,C0279
2025-03-31,Nagoya,P001,B,2,4520,9040.0,C0086
2025-03-31,Nagoya,P007,B,4,4870,19480.0,C0196
2025-03-31,Nagoya,P011,C,3,2130,6390.0,C0266
2025-03-31,Nagoya,P001,B,1,3400,3400.0,C0251
2025-03-31,Nagoya,P013,B,3,2500,7500.0,C0108
2025-03-31,Nagoya,P007,B,2,2670,5340.0,C0032
2025-03-31,Nagoya,P005,C,4,3820,15280.0,C0043
2025-03-31,Nagoya,P005,C,2,2120,4240.0,C0207
2025-03-31,Nagoya,P014,C,3,2950,8850.0,C0049
2025-03-31,Nagoya,P003,A,4,3710,14840.0,C0153
2025-03-31,Nagoya,P009,A,4,4250,17000.0,C0027
2025-03-31,Nagoya,P006,A,1,2530,2530.0,C0191
2025-03-31,Nagoya,P004,B,1,2960,2960.0,C0157
2025-03-31,Nagoya,P011,C,1,1990,1990.0,C0234
2025-04-01,Tokyo,P014,C,4,4350,17400.0,C0153
2025-04-01,Tokyo,P015,A,2,4610,9220.0,C0118
2025-04-01,Tokyo,P007,B,3,2590,7770.0,C0044
2025-04-01,Tokyo,P014,C,2,4700,9400.0,C0120
2025-04-01,Tokyo,P015,A,3,4070,12210.0,C0226
2025-04-01,Tokyo,P004,B,4,4770,19080.0,C0198
2025-04-01,Tokyo,P015,A,4,3660,14640.0,C0143
2025-04-01,Tokyo,P013,B,1,3240,3240.0,C0244
2025-04-01,Tokyo,P015,A,2,1370,2740.0,C0100
2025-13-40,Tokyo,P013,B,3,1220,,C0036
2025-04-01,Tokyo,P006,A,2,1540,3080.0,C0148
2025-04-01,Tokyo,P008,C,1,1920,1920.0,C0199
2025-04-01,Tokyo,P015,A,4,3230,12920.0,C0012
2025-04-01,Tokyo,P014,C,4,2110,8440.0,C0120
2025-04-01,Tokyo,P001,B,4,4100,16400.0,C0007
2025-04-01,Tokyo,P011,C,2,3180,6360.0,C0066
2025-04-01,Osaka,P007,B,4,1590,6360.0,C0176
2025-04-01,Osaka,P005,C,4,3220,12880.0,C0216
2025-04-01,Osaka,P002,C,3,1400,4200.0,C0109
2025-04-01,Osaka,P004,B,1,3340,3340.0,C0073
2025-04-01,Osaka,P008,C,4,1710,6840.0,C0213
2025-04-01,Osaka,P005,C,2,3300,6600.0,C0188
2025-04-01,Osaka,P010,B,1,3310,3310.0,C0079
2025-04-01,Osaka,P005,C,4,1400,5600.0,C0124
2025-04-01,Osaka,P007,B,1,4140,4140.0,C0146
2025-04-01,Osaka,P011,C,2,4580,9160.0,C0219
2025-04-01,Osaka,P005,C,4,4460,17840.0,C0177
2025-04-01,Osaka,P001,B,3,3760,11280.0,C0110
2025-04-01,Osaka,P003,A,3,4200,12600.0,C0096
2025-04-01,Osaka,P007,B,1,3810,3810.0,C0259
2025-04-01,Osaka,P012,A,2,1180,2360.0,C0148
2025-04-01,Osaka,P015,A,1,1850,1850.0,C0251
2025-04-01,Osaka,P009,A,1,1090,1090.0,C0123
2025-04-01,Osaka,P009,A,4,4530,18120.0,C0137
2025-04-01,Nagoya,P014,C,4,1830,7320.0,C0204
2025-04-01,Nagoya,P011,C,1,4910,4910.0,C0089
2025-04-01,Nagoya,P009,A,2,3760,7520.0,C0270
2025-04-01,Nagoya,P006,A,2,4000,8000.0,C0285
2025-04-01,Nagoya,P014,C,4,3810,15240.0,C0230
2025-04-01,Nagoya,P015,A,1,3350,3350.0,C0011
2025-04-01,Nagoya,P009,A,2,2210,4420.0,C0267
2025-04-01,Nagoya,P011,C,3,4520,13560.0,C0030
2025-04-01,Nagoya,P010,B,1,1930,1930.0,C0056
2025-04-01,Nagoya,P009,A,3,4020,12060.0,C0132
2025-04-01,Nagoya,P015,A,2,1620,3240.0,C0011
2025-04-01,Nagoya,P002,C,2,2650,5300.0,C0256
2025-04-01,Nagoya,P002,C,2,4920,9840.0,C0009
2025-04-01,Nagoya,P007,B,1,3130,3130.0,C0292
2025-04-02,Tokyo,P006,A,2,4190,8380.0,C0295
2025-04-02,Tokyo,P002,C,2,4010,8020.0,C0003
2025-04-02,Tokyo,P013,B,1,3070,3070.0,C0293
2025-04-02,Tokyo,P010,B,4,3410,13640.0,C0063
2025-04-02,Tokyo,P011,C,3,2240,6720.0,C0023
2025-04-02,Tokyo,P010,B,3,4090,12270.0,C0038
2025-04-02,Tokyo,P009,A,4,4560,18240.0,C0281
2025-04-02,Tokyo,P004,B,1,3300,3300.0,C0139
2025-04-02,Tokyo,P004,B,1,1570,1570.0,C0102
2025-04-02,Tokyo,P012,A,1,1420,1420.0,C0080
2025-04-02,Tokyo,P014,C,4,2760,11040.0,C0014
2025-04-02,Tokyo,P001,B,4,2770,11080.0,C0024
2025-04-02,Osaka,P008,C,2,2800,5600.0,C0068
2025-04-02,Osaka,P014,C,4,1790,7160.0,C0220
2025-04-02,Osaka,P003,A,2,3990,7980.0,C0011
2025-04-02,Osaka,P011,C,1,3790,3790.0,C0150
2025-04-02,Osaka,P001,B,4,2030,8120.0,C0285
2025-04-02,Osaka,P013,B,1,3400,3400.0,C0109
2025-04-02,Osaka,P010,B,3,2180,6540.0,C0195
2025-04-02,Osaka,P004,B,4,4780,19120.0,C0050
2025-04-02,Osaka,P011,C,4,1500,6000.0,C0222
2025-04-02,Osaka,P015,A,1,3320,3320.0,C0239
2025-04-02,Osaka,P006,A,1,2580,2580.0,C0101
2025-04-02,Osaka,P011,C,2,2500,5000.0,C0283
2025-04-02,Osaka,P009,A,4,3840,15360.0,C0265
2025-04-02,Osaka,P003,A,4,4770,19080.0,C0013
2025-04-02,Osaka,P006,A,2,2670,5340.0,C0233
2025-04-02,Osaka,P011,C,1,3430,3430.0,C0292
2025-04-02,Osaka,P007,B,4,3590,14360.0,C0277
2025-04-02,Osaka,P014,C,1,4200,4200.0,C0057
2025-04-02,Nagoya,P013,B,2,1260,2520.0,C0126
2025-04-02,Nagoya,P005,C,3,1320,3960.0,C0014
2025-04-02,Nagoya,P007,B,4,2250,9000.0,C0097
2025-04-02,Nagoya,P003,A,2,2190,4380.0,C0078
2025-04-02,Nagoya,P006,A,2,3720,7440.0,C0102
2025-04-02,Nagoya,P012,A,3,3560,10680.0,C0175
2025-04-02,Nagoya,P014,C,2,4920,9840.0,C0062
2025-04-02,Nagoya,P003,A,4,4580,18320.0,C0028
2025-04-02,Nagoya,P009,A,3,1880,5640.0,C0156
2025-04-02,Nagoya,P011,C,3,3070,9210.0,C0265
2025-04-02,Nagoya,P004,B,3,2260,6780.0,C0292
2025-04-02,Nagoya,P004,B,4,3520,14080.0,C0065
2025-04-02,Nagoya,P012,A,1,2040,2040.0,C0104
2025-04-02,Nagoya,P011,C,2,3270,6540.0,C0166
2025-04-02,Nagoya,P003,A,1,2220,2220.0,C0067
2025-04-02,Nagoya,P014,C,2,2610,5220.0,C0201
2025-04-02,Nagoya,P012,A,3,3200,9600.0,C0292
2025-04-02,Nagoya,P014,C,1,1640,1640.0,C0118
2025-04-03,Tokyo,P015,A,3,3760,11280.0,C0070
2025-04-03,Tokyo,P009,A,1,3150,3150.0,C0058
2025-04-03,Tokyo,P002,C,4,4570,18280.0,C0205
2025-04-03,Tokyo,P010,B,1,3280,3280.0,C0224
2025-04-03,Tokyo,P009,A,2,2560,5120.0,C0252
2025-04-03,Tokyo,P004,B,4,4020,16080.0,C0267
2025-04-03,Tokyo,P008,C,1,1130,1130.0,C0160
2025-04-03,Tokyo,P006,A,1,4710,4710.0,C0291
2025-04-03,Tokyo,P006,A,3,2650,7950.0,C0149
2025-04-03,Tokyo,P010,B,2,4200,8400.0,C0057
2025-04-03,Tokyo,P011,C,4,4400,17600.0,C0014
2025-04-03,Tokyo,P002,C,3,4690,14070.0,C0253
2025-04-03,Tokyo,P014,C,1,3070,3070.0,C0218
2025-04-03,Tokyo,P010,B,4,1850,7400.0,C0137
2025-04-03,Tokyo,P007,B,4,1810,7240.0,C0098
2025-04-03,Tokyo,P001,B,1,4920,4920.0,C0254
2025-04-03,Tokyo,P004,B,3,3370,10110.0,C0272
2025-04-03,Tokyo,P005,C,4,2480,9920.0,C0215
2025-04-03,Osaka,P011,C,2,4370,8740.0,C0191
2025-04-03,Osaka,P005,C,4,3830,15320.0,C0129
2025-04-03,Osaka,P003,A,4,4010,16040.0,C0200
2025-04-03,Osaka,P013,B,3,1920,5760.0,C0071
2025-04-03,Osaka,P002,C,1,3910,3910.0,C0255
2025-04-03,Osaka,P003,A,3,1490,4470.0,C0124
2025-04-03,Osaka,P012,A,4,4790,19160.0,C0093
2025-04-03,Osaka,P015,A,4,2350,9400.0,C0099
2025-04-03,Osaka,P002,C,4,1810,7240.0,C0081
2025-04-03,Osaka,P007,B,1,4220,4220.0,C0209
2025-04-03,Osaka,P003,A,1,1080,1080.0,C0284
2025-04-03,Osaka,P007,B,3,1590,4770.0,C0070
2025-04-03,Osaka,P009,A,1,3450,3450.0,C0277
2025-04-03,Nagoya,P010,B,4,4570,18280.0,C0003
2025-04-03,Nagoya,P002,C,4,4700,18800.0,C0097
2025-04-03,Nagoya,P008,C,3,3670,11010.0,C0225
2025-04-03,Nagoya,P006,A,4,1230,4920.0,C0010
2025-04-03,Nagoya,P015,A,1,4970,4970.0,C0086
2025-04-03,Nagoya,P006,A,1,4770,4770.0,C0108
2025-04-03,Nagoya,P003,A,2,1610,3220.0,C0237
2025-04-03,Nagoya,P002,C,2,2560,5120.0,C0012
2025-04-03,Nagoya,P001,B,3,2570,7710.0,C0039
2025-04-03,Nagoya,P003,A,4,3920,15680.0,C0182
2025-04-03,Nagoya,P013,B,1,3750,3750.0,C0226
2025-04-03,Nagoya,P004,B,3,4060,12180.0,C0181
2025-04-03,Nagoya,P004,B,3,4030,12090.0,C0003
2025-04-04,Tokyo,P008,C,2,1170,2340.0,C0025
2025-04-04,Tokyo,P012,A,4,2670,10680.0,C0281
2025-04-04,Tokyo,P014,C,3,3320,9960.0,C0289
2025-04-04,Tokyo,P010,B,4,4910,19640.0,C0059
2025-04-04,Tokyo,P010,B,3,4280,12840.0,C0105
2025-04-04,Tokyo,P013,B,2,2540,5080.0,C0047
2025-04-04,Tokyo,P005,C,4,3860,15440.0,C0218
2025-04-04,Tokyo,P014,C,2,3640,7280.0,C0112
2025-04-04,Tokyo,P013,B,2,4410,8820.0,C0224
2025-04-04,Tokyo,P012,A,4,4160,16640.0,C0097
2025-04-04,Tokyo,P008,C,2,1250,2500.0,C0178
2025-04-04,Tokyo,P007,B,2,1430,2860.0,C0151
2025-04-04,Tokyo,P009,A,1,3530,3530.0,C0051
2025-04-04,Tokyo,P003,A,2,2550,5100.0,C0274
2025-04-04,Tokyo,P002,C,2,3930,7860.0,C0075
2025-04-04,Osaka,P012,A,4,4790,19160.0,C0033
2025-04-04,Osaka,P007,B,3,1030,3090.0,C0136
2025-04-04,Osaka,P011,C,4,2660,10640.0,C0259
2025-04-04,Osaka,P011,C,1,2110,2110.0,C0281
2025-04-04,Osaka,P001,B,1,2370,2370.0,C0298
2025-04-04,Osaka,P011,C,1,2570,2570.0,C0281
2025-04-04,Osaka,P004,B,3,2850,8550.0,C0228
2025-04-04,Osaka,P012,A,4,1470,5880.0,C0136
2025-04-04,Osaka,P011,C,2,3660,7320.0,C0191
2025-04-04,Osaka,P006,A,1,4880,4880.0,C0247
2025-04-04,Osaka,P014,C,2,2260,4520.0,C0097
2025-04-04,Osaka,P001,B,1,2230,2230.0,C0296
2025-04-04,Osaka,P004,B,3,3180,9540.0,C0108
2025-04-04,Osaka,P014,C,1,4480,4480.0,C0223
2025-04-04,Osaka,P005,C,4,2710,10840.0,C0291
2025-04-04,Osaka,P001,B,1,3170,3170.0,C0279
2025-04-04,Osaka,P001,B,4,4750,19000.0,C0146
2025-04-04,Osaka,P014,C,4,1850,7400.0,C0256
2025-04-04,Osaka,P011,C,1,3270,3270.0,C0196
2025-04-04,Nagoya,P012,A,2,2190,4380.0,C0058
2025-04-04,Nagoya,P002,C,3,4830,14490.0,C0025
2025-04-04,Nagoya,P011,C,3,1680,5040.0,C0064
2025-04-04,Nagoya,P005,C,3,2190,6570.0,C0248
2025-04-04,Nagoya,P006,A,1,1380,1380.0,C0120
2025-04-04,Nagoya,P007,B,3,2910,8730.0,C0049
2025-04-04,Nagoya,P004,B,3,2330,6990.0,C0201
2025-04-04,Nagoya,P014,C,2,3200,6400.0,C0249
2025-04-04,Nagoya,P004,B,3,2220,6660.0,C0188
2025-04-04,Nagoya,P012,A,1,1740,1740.0,C0007
2025-04-04,Nagoya,P001,B,1,3820,3820.0,C0271
2025-04-04,Nagoya,P007,B,4,3910,15640.0,C0242
2025-04-04,Nagoya,P012,A,1,3090,3090.0,C0158
2025-04-04,Nagoya,P010,B,4,1450,5800.0,C0202
2025-04-04,Nagoya,P013,B,1,2650,2650.0,C0268
2025-04-04,Nagoya,P001,B,1,4210,4210.0,C0052
2025-04-04,Nagoya,P011,C,4,2990,11960.0,C0145
2025-04-04,Nagoya,P007,B,2,2520,5040.0,C0166
2025-04-05,Tokyo,P015,A,4,1470,5880.0,C0092
2025-04-05,Tokyo,P012,A,3,2330,6990.0,C0094
2025-04-05,Tokyo,P002,C,2,2680,5360.0,C0125
2025-04-05,Tokyo,P009,A,2,1820,3640.0,C0266
2025-04-05,Tokyo,P007,B,2,3540,7080.0,C0163
2025-04-05,Tokyo,P009,A,1,3890,3890.0,C0058
2025-04-05,Tokyo,P013,B,2,2630,5260.0,C0117
2025-04-05,Tokyo,P007,B,3,2980,8940.0,C0038
2025-04-05,Tokyo,P009,A,2,1430,2860.0,C0252
2025-04-05,Tokyo,P005,C,3,1680,5040.0,C0102
2025-04-05,Tokyo,P006,A,1,4890,4890.0,C0094
2025-04-05,Tokyo,P009,A,3,2710,8130.0,C0176
2025-04-05,Tokyo,P009,A,1,3670,3670.0,C0035
2025-04-05,Tokyo,P007,B,2,2790,5580.0,C0022
2025-04-05,Tokyo,P011,C,2,1240,2480.0,C0002
2025-04-05,Tokyo,P009,A,3,3180,9540.0,C0216
2025-04-05,Tokyo,P012,A,4,4930,19720.0,C0265
2025-04-05,Tokyo,P012,A,2,3010,6020.0,C0185
2025-04-05,Osaka,P011,C,3,3080,9240.0,C0250
2025-04-05,Osaka,P011,C,4,4900,19600.0,C0247
2025-04-05,Osaka,P005,C,1,2190,2190.0,C0214
2025-04-05,Osaka,P013,B,4,3730,14920.0,C0204
2025-04-05,Osaka,P015,A,3,1560,4680.0,C0150
2025-04-05,Osaka,P006,A,3,3540,10620.0,C0089
2025-04-05,Osaka,P005,C,1,2170,2170.0,C0248
2025-04-05,Osaka,P010,B,4,4700,18800.0,C0257
2025-04-05,Osaka,P003,A,2,1220,2440.0,C0028
2025-04-05,Osaka,P004,B,2,1060,2120.0,C0253
2025-04-05,Osaka,P008,C,3,3610,10830.0,C0290
2025-04-05,Nagoya,P006,A,2,3200,6400.0,C0158
2025-04-05,Nagoya,P012,A,3,1930,5790.0,C0169
2025-04-05,Nagoya,P015,A,3,3360,10080.0,C0053
2025-04-05,Nagoya,P001,B,1,1100,1100.0,C0136
2025-04-05,Nagoya,P014,C,2,3580,7160.0,C0256
2025-04-05,Nagoya,P012,A,3,4130,12390.0,C0084
2025-04-05,Nagoya,P007,B,2,4190,8380.0,C0123
2025-04-05,Nagoya,P015,A,1,1680,1680.0,C0215
2025-04-05,Nagoya,P012,A,3,2230,6690.0,C0003
2025-04-05,Nagoya,P005,C,2,2650,5300.0,C0276
2025-04-05,Nagoya,P013,B,4,1080,4320.0,C0039
2025-04-06,Tokyo,P010,B,3,2180,6540.0,C0034
2025-04-06,Tokyo,P005,C,4,4940,19760.0,C0282
2025-04-06,Tokyo,P009,A,1,4870,4870.0,C0046
2025-04-06,Tokyo,P005,C,4,3010,12040.0,C0060
2025-04-06,Tokyo,P008,C,1,2260,2260.0,C0285
2025-04-06,Tokyo,P005,C,4,3170,12680.0,C0197
2025-04-06,Tokyo,P011,C,3,1130,3390.0,C0275
2025-04-06,Tokyo,P008,C,3,3210,9630.0,C0197
2025-04-06,Tokyo,P006,A,4,1890,7560.0,C0196
2025-04-06,Tokyo,P009,A,3,1080,3240.0,C0117
2025-04-06,Tokyo,P001,B,3,3750,11250.0,C0157
2025-04-06,Tokyo,P012,A,2,2220,4440.0,C0134
2025-04-06,Tokyo,P004,B,4,4230,16920.0,C0125
2025-04-06,Tokyo,P012,A,1,1610,1610.0,C0085
2025-04-06,Osaka,P004,B,3,4170,12510.0,C0137
2025-04-06,Osaka,P007,B,1,2120,2120.0,C0242
2025-04-06,Osaka,P013,B,1,1070,1070.0,C0249
2025-04-06,Osaka,P003,A,3,4300,12900.0,C0236
2025-04-06,Osaka,P009,A,2,4090,8180.0,C0208
2025-04-06,Osaka,P013,B,3,4760,14280.0,C0231
2025-04-06,Osaka,P001,B,2,4190,8380.0,C0035
2025-04-06,Osaka,P011,C,2,1820,3640.0,C0162
2025-04-06,Osaka,P014,C,4,2610,10440.0,C0002
2025-04-06,Osaka,P014,C,4,3420,13680.0,C0188
2025-04-06,Osaka,P008,C,1,1630,1630.0,C0043
2025-04-06,Osaka,P014,C,1,3220,3220.0,C0109
2025-04-06,Osaka,P001,B,4,1070,4280.0,C0256
2025-04-06,Nagoya,P012,A,1,4520,4520.0,C0180
2025-04-06,Nagoya,P007,B,3,2360,7080.0,C0084
2025-04-06,Nagoya,P005,C,3,3400,10200.0,C0072
2025-04-06,Nagoya,P004,B,4,3050,12200.0,C0258
2025-04-06,Nagoya,P005,C,2,2130,4260.0,C0159
2025-04-06,Nagoya,P012,A,3,2170,6510.0,C0288
2025-04-06,Nagoya,P009,A,2,1030,2060.0,C0169
2025-04-06,Nagoya,P010,B,4,1920,7680.0,C0049
2025-04-06,Nagoya,P015,A,3,1100,3300.0,C0032
2025-04-06,Nagoya,P008,C,3,1970,5910.0,C0110
2025-04-06,Nagoya,P012,A,4,2960,11840.0,C0125
2025-04-06,Nagoya,P006,A,1,1210,1210.0,C0250
2025-04-06,Nagoya,P001,B,4,1980,7920.0,C0208
2025-04-06,Nagoya,P015,A,3,3910,11730.0,C0080
2025-04-06,Nagoya,P009,A,3,2700,8100.0,C0012
2025-04-06,Nagoya,P014,C,1,4890,4890.0,C0279
2025-04-06,Nagoya,P001,B,3,3530,10590.0,C0069
2025-04-07,Tokyo,P002,C,1,4790,4790.0,C0223
2025-04-07,Tokyo,P002,C,1,2020,2020.0,C0022
2025-04-07,Tokyo,P003,A,3,1020,3060.0,C0086
2025-04-07,Tokyo,P005,C,4,4890,19560.0,C0253
2025-04-07,Tokyo,P006,A,3,3010,9030.0,C0258
2025-04-07,Tokyo,P012,A,4,3200,12800.0,C0275
2025-04-07,Tokyo,P012,A,3,3640,10920.0,C0101
2025-04-07,Tokyo,P010,B,2,3590,7180.0,C0077
2025-04-07,Tokyo,P012,A,3,3840,11520.0,C0067
2025-04-07,Tokyo,P012,A,4,1580,6320.0,C0105
2025-04-07,Tokyo,P011,C,4,3940,15760.0,C0142
2025-04-07,Tokyo,P005,C,4,4490,17960.0,C0269
2025-04-07,Tokyo,P005,C,2,1970,3940.0,C0286
2025-04-07,Tokyo,P014,C,1,1980,1980.0,C0166
2025-04-07,Tokyo,P007,B,2,2470,4940.0,C0202
2025-04-07,Tokyo,P014,C,4,2820,11280.0,C0248
2025-04-07,Tokyo,P011,C,1,4170,4170.0,C0105
2025-04-07,Tokyo,P010,B,3,4770,14310.0,C0284
2025-04-07,Osaka,P008,C,2,2760,5520.0,C0285
2025-04-07,Osaka,P004,B,3,3710,11130.0,C0007
2025-04-07,Osaka,P010,B,2,2120,4240.0,C0186
2025-04-07,Osaka,P001,B,1,2810,2810.0,C0175
2025-04-07,Osaka,P002,C,2,2230,4460.0,C0160
2025-04-07,Osaka,P005,C,1,3120,3120.0,C0254
2025-04-07,Osaka,P009,A,2,2920,5840.0,C0042
2025-04-07,Osaka,P004,B,2,3360,6720.0,C0146
2025-04-07,Osaka,P015,A,3,1090,3270.0,C0157
2025-04-07,Osaka,P009,A,1,2540,2540.0,C0261
2025-04-07,Osaka,P006,A,2,1880,3760.0,C0024
2025-04-07,Osaka,P005,C,4,4930,19720.0,C0198
2025-04-07,Osaka,P013,B,3,3630,10890.0,C0128
2025-04-07,Osaka,P001,B,2,4450,8900.0,C0161
2025-04-07,Osaka,P012,A,1,1800,1800.0,C0090
2025-04-07,Osaka,P006,A,4,2840,11360.0,C0198
2025-04-07,Osaka,P010,B,2,4860,9720.0,C0067
2025-04-07,Osaka,P001,B,3,3610,10830.0,C0078
2025-04-07,Nagoya,P003,A,2,1610,3220.0,C0056
2025-04-07,Nagoya,P011,C,3,3570,10710.0,C0258
2025-04-07,Nagoya,P002,C,3,1460,4380.0,C0286
2025-04-07,Nagoya,P010,B,4,3280,13120.0,C0115
2025-04-07,Nagoya,P011,C,4,1710,6840.0,C0261
2025-04-07,Nagoya,P011,C,1,4740,4740.0,C0054
2025-04-07,Nagoya,P010,B,1,1780,1780.0,C0193
2025-04-07,Nagoya,P011,C,3,2370,7110.0,C0246
2025-04-07,Nagoya,P001,B,4,2200,8800.0,C0186
2025-04-07,Nagoya,P014,C,2,2640,5280.0,C0248
2025-04-07,Nagoya,P013,B,1,3030,3030.0,C0100
2025-04-07,Nagoya,P008,C,2,1020,2040.0,C0277
2025-04-07,Nagoya,P010,B,2,1430,2860.0,C0022
2025-04-07,Nagoya,P008,C,3,2040,6120.0,C0223
2025-04-07,Nagoya,P006,A,1,3140,3140.0,C0055
2025-04-07,Nagoya,P001,B,1,2130,2130.0,C0154
2025-04-07,Nagoya,P015,A,1,1220,1220.0,C0058
2025-04-07,Nagoya,P005,C,1,2280,2280.0,C0290
2025-04-08,Tokyo,P010,B,3,1520,4560.0,C0075
2025-04-08,Tokyo,P007,B,2,1050,2100.0,C0193
2025-04-08,Tokyo,P005,C,2,3410,6820.0,C0284
2025-04-08,Tokyo,P013,B,4,2650,10600.0,C0036
2025-04-08,Tokyo,P004,B,2,2200,4400.0,C0063
2025-04-08,Tokyo,P003,A,1,3630,3630.0,C0147
2025-04-08,Tokyo,P001,B,3,4360,13080.0,C0128
2025-04-08,Tokyo,P005,C,2,2510,5020.0,C0084
2025-04-08,Tokyo,P014,C,4,2370,9480.0,C0277
2025-04-08,Tokyo,P013,B,1,2960,2960.0,C0197
2025-04-08,Tokyo,P007,B,2,2970,5940.0,C0206
2025-04-08,Tokyo,P005,C,3,1970,5910.0,C0266
2025-04-08,Tokyo,P002,C,1,1150,1150.0,C0105
2025-04-08,Osaka,P015,A,2,1720,3440.0,C0111
2025-04-08,Osaka,P002,C,2,3910,7820.0,C0011
2025-04-08,Osaka,P012,A,1,3680,3680.0,C0244
2025-04-08,Osaka,P012,A,3,3770,11310.0,C0057
2025-04-08,Osaka,P003,A,2,3430,6860.0,C0185
2025-04-08,Osaka,P012,A,2,4460,8920.0,C0135
2025-04-08,Osaka,P004,B,3,1500,4500.0,C0122
2025-04-08,Osaka,P012,A,4,2020,8080.0,C0050
2025-04-08,Osaka,P001,B,1,4300,4300.0,C0235
2025-04-08,Osaka,P008,C,3,2300,6900.0,C0058
2025-04-08,Osaka,P001,B,3,1140,3420.0,C0032
2025-04-08,Osaka,P012,A,3,2950,8850.0,C0066
2025-04-08,Osaka,P003,A,2,2430,4860.0,C0160
2025-04-08,Osaka,P003,A,1,1450,1450.0,C0127
2025-04-08,Osaka,P005,C,1,3190,3190.0,C0149
2025-04-08,Osaka,P004,B,3,2370,7110.0,C0103
2025-04-08,Nagoya,P003,A,2,3320,6640.0,C0039
2025-04-08,Nagoya,P009,A,1,3410,3410.0,C0011
2025-04-08,Nagoya,P003,A,2,3450,6900.0,C0215
2025-04-08,Nagoya,P008,C,1,2540,2540.0,C0236
2025-04-08,Nagoya,P002,C,3,2540,7620.0,C0002
2025-04-08,Nagoya,P011,C,1,2470,2470.0,C0059
2025-04-08,Nagoya,P009,A,1,1360,1360.0,C0159
2025-04-08,Nagoya,P015,A,1,2840,2840.0,C0240
2025-04-08,Nagoya,P005,C,2,4350,8700.0,C0218
2025-04-08,Nagoya,P005,C,4,3700,14800.0,C0152
2025-04-08,Nagoya,P007,B,4,4490,17960.0,C0297
2025-04-08,Nagoya,P011,C,2,1430,2860.0,C0038
2025-04-08,Nagoya,P015,A,2,1440,2880.0,C0067
2025-04-08,Nagoya,P001,B,3,3360,10080.0,C0114
2025-04-09,Tokyo,P008,C,4,4050,16200.0,C0023
2025-04-09,Tokyo,P005,C,4,3140,12560.0,C0226
2025-04-09,Tokyo,P006,A,1,4130,4130.0,C0235
2025-04-09,Tokyo,P010,B,2,1030,2060.0,C0218
2025-04-09,Tokyo,P010,B,3,1680,5040.0,C0219
2025-04-09,Tokyo,P011,C,4,3260,13040.0,C0219
2025-04-09,Tokyo,P007,B,3,3770,11310.0,C0234
2025-04-09,Tokyo,P013,B,1,4110,4110.0,C0237
2025-04-09,Tokyo,P009,A,3,3890,11670.0,C0137
2025-04-09,Tokyo,P007,B,4,4150,16600.0,C0062
2025-04-09,Tokyo,P013,B,2,1540,3080.0,C0263
2025-04-09,Tokyo,P004,B,1,2070,2070.0,C0147
2025-04-09,Tokyo,P003,A,1,2570,2570.0,C0066
2025-04-09,Tokyo,P003,A,4,3380,13520.0,C0005
2025-04-09,Tokyo,P002,C,4,2070,8280.0,C0046
2025-04-09,Tokyo,P010,B,4,2590,10360.0,C0223
2025-04-09,Tokyo,P007,B,1,4190,4190.0,C0275
2025-04-09,Osaka,P002,C,3,3490,10470.0,C0024
2025-04-09,Osaka,P015,A,1,2070,2070.0,C0290
2025-04-09,Osaka,P009,A,3,2970,8910.0,C0225
2025-04-09,Osaka,P002,C,3,1260,3780.0,C0054
2025-04-09,Osaka,P008,C,2,1610,3220.0,C0239
2025-04-09,Osaka,P005,C,4,1050,4200.0,C0071
2025-04-09,Osaka,P005,C,3,2600,7800.0,C0047
2025-04-09,Osaka,P009,A,4,1530,6120.0,C0076
2025-04-09,Osaka,P008,C,3,1540,4620.0,C0070
2025-04-09,Osaka,P004,B,3,1320,3960.0,C0198
2025-04-09,Osaka,P007,B,2,4440,8880.0,C0245
2025-04-09,Osaka,P013,B,4,1930,7720.0,C0256
2025-04-09,Osaka,P003,A,2,3220,6440.0,C0223
2025-04-09,Osaka,P009,A,3,2500,7500.0,C0178
2025-04-09,Osaka,P008,C,2,3340,6680.0,C0180
2025-04-09,Osaka,P005,C,1,2190,2190.0,C0123
2025-04-09,Osaka,P003,A,1,4800,4800.0,C0084
2025-04-09,Osaka,P012,A,1,4880,4880.0,C0064
2025-04-09,Osaka,P006,A,4,1800,7200.0,C0165
2025-04-09,Nagoya,P001,B,1,4150,4150.0,C0079
2025-04-09,Nagoya,P014,C,4,4520,18080.0,C0299
2025-04-09,Nagoya,P013,B,2,4960,9920.0,C0104
2025-04-09,Nagoya,P009,A,1,4850,4850.0,C0177
2025-04-09,Nagoya,P015,A,2,2250,4500.0,C0157
2025-04-09,Nagoya,P013,B,3,4160,12480.0,C0065
2025-04-09,Nagoya,P012,A,3,4580,13740.0,C0018
2025-04-09,Nagoya,P006,A,1,2600,2600.0,C0227
2025-04-09,Nagoya,P010,B,4,3950,15800.0,C0297
2025-04-09,Nagoya,P014,C,3,4500,13500.0,C0015
2025-04-09,Nagoya,P011,C,3,4820,14460.0,C0151
2025-04-09,Nagoya,P003,A,3,4800,14400.0,C0005
2025-04-09,Nagoya,P001,B,3,3220,9660.0,C0165
2025-04-09,Nagoya,P002,C,3,3270,9810.0,C0254
2025-04-09,Nagoya,P006,A,2,1320,2640.0,C0170
2025-04-09,Nagoya,P010,B,2,3920,7840.0,C0281
2025-04-09,Nagoya,P003,A,3,3770,11310.0,C0006
2025-04-10,Tokyo,P006,A,1,2420,2420.0,C0045
2025-04-10,Tokyo,P014,C,3,2310,6930.0,C0233
2025-04-10,Tokyo,P001,B,3,3730,11190.0,C0242
2025-04-10,Tokyo,P004,B,3,4070,12210.0,C0239
2025-04-10,Tokyo,P003,A,4,2090,8360.0,C0117
2025-04-10,Tokyo,P003,A,1,2020,2020.0,C0041
2025-04-10,Tokyo,P011,C,3,2560,7680.0,C0164
2025-04-10,Tokyo,P010,B,1,2180,2180.0,C0264
2025-04-10,Tokyo,P001,B,4,4850,,C0076
2025-04-10,Tokyo,P005,C,1,3240,3240.0,C0064
2025-04-10,Tokyo,P012,A,2,4860,9720.0,C0256
2025-04-10,Osaka,P009,A,1,1270,1270.0,C0152
2025-04-10,Osaka,P008,C,2,1360,2720.0,C0252
2025-04-10,Osaka,P007,B,2,2610,5220.0,C0149
2025-04-10,Osaka,P010,B,4,3190,12760.0,C0050
2025-04-10,Osaka,P014,C,2,1060,2120.0,C0012
2025-04-10,Osaka,P012,A,2,1090,2180.0,C0243
2025-04-10,Osaka,P005,C,4,4510,18040.0,C0015
2025-04-10,Osaka,P011,C,3,1680,5040.0,C0103
2025-04-10,Osaka,P008,C,1,3880,3880.0,C0083
2025-04-10,Osaka,P015,A,4,3530,14120.0,C0036
2025-04-10,Osaka,P001,B,1,2990,2990.0,C0234
2025-04-10,Osaka,P003,A,3,1190,3570.0,C0080
2025-04-10,Osaka,P009,A,4,4100,16400.0,C0160
2025-04-10,Osaka,P001,B,2,4130,8260.0,C0025
2025-04-10,Nagoya,P011,C,4,1860,7440.0,C0074
2025-04-10,Nagoya,P003,A,2,3090,6180.0,C0036
2025-04-10,Nagoya,P009,A,1,3240,3240.0,C0091
2025-04-10,Nagoya,P015,A,2,4480,8960.0,C0053
2025-04-10,Nagoya,P002,C,1,2670,2670.0,C0270
2025-04-10,Nagoya,P003,A,4,3780,15120.0,C0103
2025-04-10,Nagoya,P006,A,4,3850,15400.0,C0072
2025-04-10,Nagoya,P014,C,2,1310,2620.0,C0244
2025-04-10,Nagoya,P014,C,2,3810,7620.0,C0071
2025-04-10,Nagoya,P013,B,2,2060,4120.0,C0150
2025-04-10,Nagoya,P005,C,3,3990,11970.0,C0122
2025-04-10,Nagoya,P012,A,2,4880,9760.0,C0079
2025-04-10,Nagoya,P011,C,3,4770,14310.0,C0066
2025-04-10,Nagoya,P003,A,4,4600,,C0224
2025-04-10,Nagoya,P008,C,2,3660,7320.0,C0224
2025-04-10,Nagoya,P005,C,1,1290,1290.0,C0104
2025-04-10,Nagoya,P011,C,2,3470,6940.0,C0141
2025-04-11,Tokyo,P012,A,3,4850,14550.0,C0247
2025-04-11,Tokyo,P006,A,3,2400,7200.0,C0261
2025-04-11,Tokyo,P010,B,4,2120,8480.0,C0005
2025-04-11,Tokyo,P003,A,3,4840,14520.0,C0188
2025-04-11,Tokyo,P013,B,2,4830,9660.0,C0282
2025-04-11,Tokyo,P004,B,4,1070,4280.0,C0178
2025-04-11,Tokyo,P007,B,2,4730,9460.0,C0199
2025-04-11,Tokyo,P003,A,1,1460,1460.0,C0091
2025-04-11,Tokyo,P002,C,2,4060,8120.0,C0262
2025-04-11,Tokyo,P012,A,2,3780,7560.0,C0283
2025-04-11,Tokyo,P001,B,4,3890,15560.0,C0116
2025-04-11,Tokyo,P007,B,2,1630,3260.0,C0069
2025-04-11,Osaka,P001,B,3,2900,8700.0,C0099
2025-04-11,Osaka,P003,A,4,3710,14840.0,C0142
2025-04-11,Osaka,P011,C,2,1860,3720.0,C0202
2025-04-11,Osaka,P012,A,3,3260,9780.0,C0001
2025-04-11,Osaka,P010,B,3,2640,7920.0,C0073
2025-04-11,Osaka,P015,A,2,2080,4160.0,C0212
2025-04-11,Osaka,P008,C,3,3590,10770.0,C0111
2025-04-11,Osaka,P003,A,1,4750,4750.0,C0152
2025-04-11,Osaka,P007,B,2,3880,7760.0,C0273
2025-04-11,Osaka,P012,A,3,2900,8700.0,C0259
2025-04-11,Osaka,P013,B,2,4850,9700.0,C0248
2025-04-11,Osaka,P013,B,1,1520,1520.0,C0090
2025-04-11,Nagoya,P002,C,1,1120,1120.0,C0058
2025-04-11,Nagoya,P014,C,3,3860,11580.0,C0088
2025-04-11,Nagoya,P010,B,4,3120,12480.0,C0256
2025-04-11,Nagoya,P009,A,2,3550,7100.0,C0282
2025-04-11,Nagoya,P013,B,2,3380,6760.0,C0292
2025-04-11,Nagoya,P012,A,3,2120,6360.0,C0271
2025-04-11,Nagoya,P015,A,1,1120,1120.0,C0035
2025-04-11,Nagoya,P006,A,1,4520,4520.0,C0274
2025-04-11,Nagoya,P003,A,4,1560,6240.0,C0236
2025-04-11,Nagoya,P006,A,1,2710,2710.0,C0247
2025-04-11,Nagoya,P015,A,1,4340,4340.0,C0088
2025-04-11,Nagoya,P007,B,1,4890,4890.0,C0237
2025-04-11,Nagoya,P010,B,3,4490,13470.0,C0043
2025-04-11,Nagoya,P004,B,1,2950,2950.0,C0148
2025-04-11,Nagoya,P001,B,3,1030,3090.0,C0238
2025-04-11,Nagoya,P011,C,4,1470,5880.0,C0261
2025-04-11,Nagoya,P009,A,4,3780,15120.0,C0197
2025-04-12,Tokyo,P011,C,2,4390,8780.0,C0205
2025-04-12,Tokyo,P002,C,4,1250,5000.0,C0090
2025-04-12,Tokyo,P004,B,4,1610,6440.0,C0253
2025-04-12,Tokyo,P004,B,3,1360,4080.0,C0118
2025-04-12,Tokyo,P010,B,3,4480,13440.0,C0245
2025-04-12,Tokyo,P008,C,2,2040,4080.0,C0297
2025-04-12,Tokyo,P010,B,4,2730,10920.0,C0146
2025-04-12,Tokyo,P013,B,3,1800,5400.0,C0157
2025-04-12,Tokyo,P004,B,4,1110,4440.0,C0248
2025-04-12,Tokyo,P014,C,1,3520,3520.0,C0024
2025-04-12,Osaka,P006,A,3,4670,14010.0,C0139
2025-04-12,Osaka,P006,A,1,4550,4550.0,C0095
2025-04-12,Osaka,P007,B,1,2150,2150.0,C0166
2025-04-12,Osaka,P014,C,2,3240,6480.0,C0262
2025-04-12,Osaka,P006,A,2,1170,2340.0,C0272
2025-04-12,Osaka,P002,C,1,1550,1550.0,C0212
2025-04-12,Osaka,P006,A,3,3420,10260.0,C0005
2025-04-12,Osaka,P005,C,1,1260,1260.0,C0142
2025-04-12,Osaka,P004,B,1,2630,2630.0,C0136
2025-04-12,Osaka,P015,A,3,2570,7710.0,C0142
2025-04-12,Osaka,P002,C,2,3320,6640.0,C0007
2025-04-12,Osaka,P014,C,3,4140,12420.0,C0083
2025-04-12,Osaka,P013,B,2,4710,9420.0,C0157
2025-04-12,Nagoya,P004,B,4,1770,7080.0,C0010
2025-04-12,Nagoya,P007,B,4,4680,18720.0,C0257
2025-04-12,Nagoya,P009,A,4,2960,11840.0,C0143
2025-04-12,Nagoya,P003,A,4,2260,9040.0,C0059
2025-04-12,Nagoya,P006,A,3,2080,6240.0,C0108
2025-04-12,Nagoya,P005,C,3,3850,11550.0,C0202
2025-04-12,Nagoya,P003,A,2,3590,7180.0,C0065
2025-04-12,Nagoya,P002,C,2,3710,7420.0,C0199
2025-04-12,Nagoya,P002,C,3,1770,5310.0,C0222
2025-04-12,Nagoya,P009,A,1,2400,2400.0,C0245
2025-04-12,Nagoya,P007,B,3,3990,11970.0,C0010
2025-04-12,Nagoya,P014,C,2,4170,8340.0,C0140
2025-04-12,Nagoya,P009,A,2,4410,8820.0,C0036
2025-04-12,Nagoya,P014,C,1,4530,4530.0,C0008
2025-04-12,Nagoya,P001,B,1,3190,3190.0,C0080
2025-04-12,Nagoya,P009,A,4,1100,4400.0,C0158
2025-04-13,Tokyo,P007,B,4,3640,14560.0,C0011
2025-04-13,Tokyo,P009,A,2,1520,3040.0,C0285
2025-04-13,Tokyo,P004,B,1,1890,1890.0,C0247
2025-04-13,Tokyo,P009,A,4,2840,11360.0,C0035
2025-04-13,Tokyo,P006,A,1,3220,3220.0,C0081
2025-04-13,Tokyo,P015,A,2,2250,4500.0,C0295
2025-04-13,Tokyo,P008,C,1,2920,2920.0,C0077
2025-04-13,Tokyo,P011,C,3,3920,11760.0,C0282
2025-04-13,Tokyo,P011,C,2,1800,,C0159
2025-04-13,Tokyo,P007,B,2,4240,8480.0,C0272
2025-04-13,Tokyo,P006,A,3,4930,14790.0,C0004
2025-04-13,Tokyo,P006,A,3,2990,8970.0,C0237
2025-04-13,Tokyo,P008,C,1,2730,2730.0,C0121
2025-04-13,Tokyo,P013,B,1,1620,1620.0,C0043
2025-04-13,Tokyo,P009,A,4,3470,13880.0,C0245
2025-04-13,Tokyo,P013,B,3,3430,10290.0,C0073
2025-04-13,Tokyo,P015,A,4,4480,17920.0,C0295
2025-04-13,Osaka,P003,A,4,2890,11560.0,C0287
2025-04-13,Osaka,P011,C,2,2410,4820.0,C0183
2025-04-13,Osaka,P006,A,2,1830,3660.0,C0195
2025-04-13,Osaka,P001,B,1,1170,1170.0,C0220
2025-04-13,Osaka,P001,B,2,1480,2960.0,C0176
2025-04-13,Osaka,P001,B,1,2640,2640.0,C0208
2025-04-13,Osaka,P002,C,2,4240,8480.0,C0187
2025-04-13,Osaka,P012,A,2,4760,9520.0,C0044
2025-04-13,Osaka,P010,B,2,1120,2240.0,C0283
2025-04-13,Osaka,P011,C,1,1200,1200.0,C0203
2025-04-13,Osaka,P009,A,1,4940,4940.0,C0215
2025-04-13,Osaka,P007,B,1,2080,2080.0,C0136
2025-04-13,Osaka,P001,B,2,1860,3720.0,C0034
2025-04-13,Nagoya,P006,A,2,2400,4800.0,C0207
2025-04-13,Nagoya,P008,C,1,4880,4880.0,C0219
2025-04-13,Nagoya,P008,C,1,4650,4650.0,C0223
2025-04-13,Nagoya,P007,B,1,1430,1430.0,C0087
2025-04-13,Nagoya,P004,B,1,2630,2630.0,C0014
2025-04-13,Nagoya,P005,C,4,4460,17840.0,C0003
2025-04-13,Nagoya,P011,C,4,3310,13240.0,C0117
2025-04-13,Nagoya,P008,C,1,2580,2580.0,C0281
2025-04-13,Nagoya,P010,B,2,1490,2980.0,C0271
2025-04-13,Nagoya,P003,A,3,2210,6630.0,C0084
2025-04-13,Nagoya,P003,A,2,3700,7400.0,C0125
2025-04-14,Tokyo,P004,B,1,2600,2600.0,C0270
2025-04-14,Tokyo,P015,A,4,1450,,C0146
2025-04-14,Tokyo,P001,B,2,3300,6600.0,C0232
2025-04-14,Tokyo,P006,A,1,2810,2810.0,C0128
2025-04-14,Tokyo,P010,B,1,3450,3450.0,C0120
2025-04-14,Tokyo,P012,A,4,1910,7640.0,C0226
2025-04-14,Tokyo,P002,C,4,2920,11680.0,C0224
2025-04-14,Tokyo,P012,A,3,2530,7590.0,C0226
2025-04-14,Tokyo,P008,C,3,3450,10350.0,C0139
2025-04-14,Tokyo,P002,C,2,4750,9500.0,C0156
2025-04-14,Osaka,P004,B,3,2940,8820.0,C0066
2025-04-14,Osaka,P003,A,2,3260,6520.0,C0084
2025-04-14,Osaka,P004,B,2,2170,4340.0,C0221
2025-04-14,Osaka,P008,C,2,1650,3300.0,C0163
2025-04-14,Osaka,P015,A,3,2780,8340.0,C0092
2025-04-14,Osaka,P006,A,1,1110,1110.0,C0233
2025-04-14,Osaka,P013,B,4,3500,14000.0,C0278
2025-04-14,Osaka,P007,B,2,1980,3960.0,C0071
2025-04-14,Osaka,P012,A,1,4780,4780.0,C0232
2025-04-14,Osaka,P006,A,3,1530,4590.0,C0129
2025-04-14,Osaka,P002,C,1,1020,1020.0,C0238
2025-04-14,Osaka,P012,A,4,4920,19680.0,C0289
2025-04-14,Osaka,P015,A,1,4130,4130.0,C0217
2025-04-14,Osaka,P003,A,1,4910,4910.0,C0264
2025-04-14,Osaka,P005,C,1,2330,2330.0,C0002
2025-04-14,Osaka,P011,C,2,1190,2380.0,C0293
2025-04-14,Nagoya,P014,C,4,1050,4200.0,C0232
2025-04-14,Nagoya,P012,A,4,2060,8240.0,C0117
2025-04-14,Nagoya,P014,C,1,3560,3560.0,C0238
2025-04-14,Nagoya,P012,A,3,4060,12180.0,C0272
2025-04-14,Nagoya,P012,A,1,1970,1970.0,C0092
2025-04-14,Nagoya,P006,A,2,1870,3740.0,C0205
2025-04-14,Nagoya,P002,C,4,3630,14520.0,C0288
2025-04-14,Nagoya,P001,B,2,4590,9180.0,C0148
2025-04-14,Nagoya,P009,A,1,4040,4040.0,C0076
2025-04-14,Nagoya,P015,A,2,1750,3500.0,C0178
2025-04-14,Nagoya,P008,C,2,4790,9580.0,C0109
2025-04-14,Nagoya,P006,A,3,1680,5040.0,C0248
2025-04-14,Nagoya,P004,B,1,1040,1040.0,C0103
2025-04-14,Nagoya,P009,A,3,4590,13770.0,C0233
2025-04-14,Nagoya,P005,C,4,1770,7080.0,C0063
2025-04-14,Nagoya,P006,A,3,1810,5430.0,C0270
2025-04-14,Nagoya,P005,C,2,3410,6820.0,C0129
2025-04-14,Nagoya,P007,B,4,2740,10960.0,C0034
2025-04-15,Tokyo,P011,C,1,4400,4400.0,C0118
2025-04-15,Tokyo,P003,A,1,3850,3850.0,C0065
2025-04-15,Tokyo,P008,C,3,4410,13230.0,C0147
2025-04-15,Tokyo,P014,C,2,4480,8960.0,C0075
2025-04-15,Tokyo,P001,B,3,4020,12060.0,C0277
2025-04-15,Tokyo,P014,C,1,3480,3480.0,C0211
2025-04-15,Tokyo,P010,B,1,1180,1180.0,C0201
2025-04-15,Tokyo,P013,B,1,1180,1180.0,C0121
2025-04-15,Tokyo,P005,C,4,4700,18800.0,C0167
2025-04-15,Tokyo,P015,A,1,4960,4960.0,C0134
2025-04-15,Tokyo,P008,C,1,1700,1700.0,C0059
2025-04-15,Tokyo,P008,C,1,1400,1400.0,C0181
2025-04-15,Tokyo,P014,C,1,3240,3240.0,C0288
2025-04-15,Tokyo,P007,B,1,1310,1310.0,C0280
2025-04-15,Tokyo,P007,B,1,4460,4460.0,C0240
2025-04-15,Tokyo,P011,C,1,1320,1320.0,C0066
2025-04-15,Tokyo,P003,A,3,2560,7680.0,C0229
2025-04-15,Osaka,P011,C,4,1520,6080.0,C0196
2025-04-15,Osaka,P008,C,1,2170,2170.0,C0236
2025-04-15,Osaka,P014,C,2,1420,2840.0,C0074
2025-04-15,Osaka,P013,B,3,2720,8160.0,C0004
2025-04-15,Osaka,P012,A,2,3180,6360.0,C0253
2025-04-15,Osaka,P009,A,4,3230,12920.0,C0103
2025-04-15,Osaka,P014,C,3,4040,12120.0,C0068
2025-04-15,Osaka,P011,C,3,1420,4260.0,C0076
2025-04-15,Osaka,P014,C,3,4090,12270.0,C0052
2025-04-15,Osaka,P004,B,4,2680,10720.0,C0266
2025-04-15,Osaka,P013,B,2,4790,9580.0,C0233
2025-04-15,Nagoya,P002,C,1,3960,3960.0,C0043
2025-04-15,Nagoya,P005,C,2,1540,3080.0,C0099
2025-04-15,Nagoya,P011,C,4,2870,11480.0,C0224
2025-04-15,Nagoya,P008,C,2,3080,6160.0,C0287
2025-04-15,Nagoya,P001,B,3,1200,3600.0,C0262
2025-04-15,Nagoya,P010,B,1,3490,3490.0,C0131
2025-04-15,Nagoya,P001,B,4,2510,10040.0,C0008
2025-04-15,Nagoya,P010,B,2,3620,7240.0,C0049
2025-04-15,Nagoya,P013,B,2,2680,5360.0,C0241
2025-04-15,Nagoya,P009,A,1,3310,3310.0,C0194
2025-04-15,Nagoya,P005,C,1,1210,1210.0,C0254
2025-04-16,Tokyo,P009,A,4,2400,9600.0,C0060
2025-04-16,Tokyo,P011,C,3,1050,3150.0,C0173
2025-04-16,Tokyo,P001,B,2,2210,4420.0,C0250
2025-04-16,Tokyo,P015,A,3,3930,11790.0,C0007
2025-04-16,Tokyo,P001,B,4,2710,10840.0,C0152
2025-04-16,Tokyo,P011,C,2,3720,7440.0,C0218
2025-04-16,Tokyo,P004,B,3,1670,5010.0,C0093
2025-04-16,Tokyo,P012,A,4,1250,5000.0,C0194
2025-04-16,Tokyo,P009,A,3,4140,12420.0,C0021
2025-04-16,Tokyo,P012,A,2,1610,3220.0,C0134
2025-04-16,Osaka,P010,B,3,3050,9150.0,C0010
2025-04-16,Osaka,P012,A,1,2050,2050.0,C0119
2025-04-16,Osaka,P011,C,2,4260,8520.0,C0280
2025-04-16,Osaka,P012,A,1,4080,4080.0,C0062
2025-04-16,Osaka,P014,C,4,1330,5320.0,C0030
2025-04-16,Osaka,P011,C,1,4870,4870.0,C0162
2025-04-16,Osaka,P009,A,4,1860,7440.0,C0167
2025-04-16,Osaka,P015,A,1,1690,1690.0,C0044
2025-04-16,Osaka,P006,A,1,1680,1680.0,C0255
2025-04-16,Osaka,P007,B,2,2670,5340.0,C0291
2025-04-16,Nagoya,P008,C,4,1140,4560.0,C0144
2025-04-16,Nagoya,P012,A,3,4470,13410.0,C0266
2025-04-16,Nagoya,P006,A,4,1970,7880.0,C0072
2025-04-16,Nagoya,P015,A,1,2410,2410.0,C0189
2025-04-16,Nagoya,P007,B,4,2000,8000.0,C0166
2025-04-16,Nagoya,P002,C,1,1690,1690.0,C0222
2025-04-16,Nagoya,P004,B,3,2380,7140.0,C0169
2025-04-16,Nagoya,P014,C,4,1040,4160.0,C0235
2025-04-16,Nagoya,P015,A,3,1740,5220.0,C0199
2025-04-16,Nagoya,P010,B,3,2710,8130.0,C0158
2025-04-16,Nagoya,P010,B,2,4090,8180.0,C0213
2025-04-16,Nagoya,P005,C,3,4020,12060.0,C0147
2025-04-16,Nagoya,P011,C,1,2540,2540.0,C0210
2025-04-16,Nagoya,P014,C,3,3650,10950.0,C0103
2025-04-17,Tokyo,P006,A,1,1980,1980.0,C0183
2025-04-17,Tokyo,P015,A,2,4440,8880.0,C0233
2025-04-17,Tokyo,P009,A,4,2600,10400.0,C0133
2025-04-17,Tokyo,P012,A,3,3110,9330.0,C0130
2025-04-17,Tokyo,P015,A,1,1220,1220.0,C0144
2025-04-17,Tokyo,P001,B,2,3270,6540.0,C0122
2025-04-17,Tokyo,P004,B,2,3410,6820.0,C0285
2025-04-17,Tokyo,P012,A,3,1550,4650.0,C0073
2025-04-17,Tokyo,P007,B,1,3750,3750.0,C0110
2025-04-17,Tokyo,P013,B,2,2980,5960.0,C0214
2025-04-17,Tokyo,P004,B,4,3340,13360.0,C0194
2025-04-17,Tokyo,P007,B,4,4080,16320.0,C0058
2025-04-17,Tokyo,P009,A,4,2110,8440.0,C0161
2025-04-17,Tokyo,P012,A,2,3070,6140.0,C0166
2025-04-17,Tokyo,P003,A,1,3250,3250.0,C0054
2025-04-17,Tokyo,P015,A,3,3820,11460.0,C0119
2025-04-17,Tokyo,P005,C,2,3840,7680.0,C0119
2025-04-17,Osaka,P003,A,3,3710,11130.0,C0158
2025-04-17,Osaka,P004,B,1,2500,2500.0,C0105
2025-04-17,Osaka,P004,B,4,2310,9240.0,C0075
2025-04-17,Osaka,P010,B,4,2850,11400.0,C0200
2025-04-17,Osaka,P002,C,3,1260,3780.0,C0042
2025-04-17,Osaka,P009,A,1,1140,1140.0,C0054
2025-04-17,Osaka,P012,A,3,2520,7560.0,C0292
2025-04-17,Osaka,P006,A,4,2370,9480.0,C0008
2025-04-17,Osaka,P002,C,2,1740,3480.0,C0048
2025-04-17,Osaka,P006,A,4,1800,7200.0,C0071
2025-04-17,Osaka,P015,A,1,4320,4320.0,C0186
2025-04-17,Osaka,P014,C,3,3370,10110.0,C0068
2025-04-17,Nagoya,P011,C,4,1380,5520.0,C0047
2025-04-17,Nagoya,P001,B,4,1320,5280.0,C0274
2025-04-17,Nagoya,P006,A,2,4900,9800.0,C0216
2025-04-17,Nagoya,P009,A,4,4010,16040.0,C0191
2025-04-17,Nagoya,P005,C,4,3870,15480.0,C0283
2025-04-17,Nagoya,P015,A,3,2430,7290.0,C0284
2025-04-17,Nagoya,P015,A,1,3550,3550.0,C0181
2025-04-17,Nagoya,P012,A,4,2000,8000.0,C0292
2025-04-17,Nagoya,P010,B,1,3040,3040.0,C0040
2025-04-17,Nagoya,P015,A,4,4610,18440.0,C0181
2025-04-17,Nagoya,P006,A,2,4780,9560.0,C0046
2025-04-17,Nagoya,P014,C,2,3360,6720.0,C0200
2025-04-17,Nagoya,P002,C,1,1640,1640.0,C0233
2025-04-17,Nagoya,P002,C,3,1430,4290.0,C0230
2025-04-17,Nagoya,P015,A,2,1840,3680.0,C0134
2025-04-18,Tokyo,P011,C,3,3320,9960.0,C0189
2025-04-18,Tokyo,P004,B,1,4720,4720.0,C0174
2025-04-18,Tokyo,P013,B,3,2820,8460.0,C0171
2025-04-18,Tokyo,P011,C,1,2840,2840.0,C0217
2025-04-18,Tokyo,P002,C,1,1640,1640.0,C0177
2025-04-18,Tokyo,P004,B,2,1530,3060.0,C0075
2025-04-18,Tokyo,P001,B,4,2860,11440.0,C0053
2025-04-18,Tokyo,P008,C,4,4290,17160.0,C0265
2025-04-18,Tokyo,P007,B,2,2260,4520.0,C0092
2025-04-18,Tokyo,P014,C,1,4400,4400.0,C0274
2025-04-18,Tokyo,P013,B,3,4420,13260.0,C0010
2025-04-18,Tokyo,P013,B,3,4830,14490.0,C0026
2025-04-18,Tokyo,P014,C,3,1410,4230.0,C0153
2025-04-18,Tokyo,P001,B,1,3120,3120.0,C0244
2025-04-18,Tokyo,P002,C,2,2560,5120.0,C0162
2025-04-18,Tokyo,P001,B,3,2990,8970.0,C0288
2025-04-18,Osaka,P008,C,1,4660,4660.0,C0250
2025-04-18,Osaka,P006,A,2,4420,8840.0,C0089
2025-04-18,Osaka,P004,B,1,3820,3820.0,C0064
2025-04-18,Osaka,P002,C,1,4940,4940.0,C0261
2025-04-18,Osaka,P015,A,2,2760,5520.0,C0147
2025-04-18,Osaka,P008,C,1,3390,3390.0,C0012
2025-04-18,Osaka,P005,C,2,3690,7380.0,C0269
2025-04-18,Osaka,P011,C,2,3100,6200.0,C0154
2025-04-18,Osaka,P003,A,4,4670,18680.0,C0072
2025-04-18,Osaka,P002,C,1,3510,3510.0,C0009
2025-04-18,Osaka,P002,C,3,1580,4740.0,C0021
2025-04-18,Osaka,P001,B,3,2450,7350.0,C0086
2025-04-18,Osaka,P010,B,1,3080,3080.0,C0145
2025-04-18,Nagoya,P010,B,3,1850,5550.0,C0042
2025-04-18,Nagoya,P009,A,1,2810,2810.0,C0187
2025-04-18,Nagoya,P013,B,3,4970,14910.0,C0167
2025-04-18,Nagoya,P007,B,1,3690,3690.0,C0243
2025-04-18,Nagoya,P005,C,1,1040,1040.0,C0190
2025-04-18,Nagoya,P010,B,1,1090,1090.0,C0196
2025-04-18,Nagoya,P006,A,2,2040,4080.0,C0215
2025-04-18,Nagoya,P012,A,1,1350,1350.0,C0166
2025-04-18,Nagoya,P010,B,1,1630,1630.0,C0205
2025-04-18,Nagoya,P007,B,1,3430,3430.0,C0023
2025-04-18,Nagoya,P004,B,3,1880,5640.0,C0019
2025-04-18,Nagoya,P015,A,1,3050,3050.0,C0247
2025-04-18,Nagoya,P015,A,4,2350,9400.0,C0256
2025-04-18,Nagoya,P001,B,2,1790,3580.0,C0158
2025-04-18,Nagoya,P014,C,4,4990,19960.0,C0041
2025-04-18,Nagoya,P012,A,3,2820,8460.0,C0030
2025-04-19,Tokyo,P014,C,2,3540,7080.0,C0283
2025-04-19,Tokyo,P008,C,1,2930,2930.0,C0069
2025-04-19,Tokyo,P003,A,4,2380,9520.0,C0205
2025-04-19,Tokyo,P011,C,3,3160,9480.0,C0054
2025-04-19,Tokyo,P008,C,4,1780,7120.0,C0070
2025-04-19,Tokyo,P011,C,4,2560,10240.0,C0248
2025-04-19,Tokyo,P003,A,3,4770,14310.0,C0133
2025-04-19,Tokyo,P008,C,1,3110,3110.0,C0176
2025-04-19,Tokyo,P015,A,1,2460,2460.0,C0194
2025-04-19,Tokyo,P015,A,1,3770,3770.0,C0263
2025-04-19,Tokyo,P010,B,2,1930,3860.0,C0087
2025-04-19,Osaka,P003,A,2,1560,3120.0,C0004
2025-04-19,Osaka,P011,C,1,1560,1560.0,C0179
2025-04-19,Osaka,P014,C,3,1130,3390.0,C0051
2025-04-19,Osaka,P012,A,3,2560,7680.0,C0284
2025-04-19,Osaka,P014,C,3,3990,11970.0,C0235
2025-04-19,Osaka,P003,A,3,4750,14250.0,C0068
2025-04-19,Osaka,P001,B,2,2070,4140.0,C0284
2025-04-19,Osaka,P007,B,3,4920,14760.0,C0236
2025-04-19,Osaka,P012,A,4,3750,15000.0,C0070
2025-04-19,Osaka,P011,C,2,2320,4640.0,C0193
2025-04-19,Nagoya,P001,B,4,3280,13120.0,C0201
2025-04-19,Nagoya,P013,B,3,3440,10320.0,C0237
2025-04-19,Nagoya,P005,C,4,3890,15560.0,C0055
2025-04-19,Nagoya,P003,A,4,4570,18280.0,C0298
2025-04-19,Nagoya,P002,C,4,4450,17800.0,C0230
2025-04-19,Nagoya,P008,C,3,2710,8130.0,C0009
2025-04-19,Nagoya,P008,C,1,1800,1800.0,C0017
2025-04-19,Nagoya,P007,B,1,4390,4390.0,C0266
2025-04-19,Nagoya,P013,B,2,1650,3300.0,C0151
2025-04-19,Nagoya,P011,C,1,4420,4420.0,C0132
2025-04-19,Nagoya,P013,B,1,2700,2700.0,C0138
2025-04-19,Nagoya,P001,B,3,4720,14160.0,C0162
2025-04-19,Nagoya,P006,A,3,2440,7320.0,C0108
2025-04-20,Tokyo,P009,A,2,2620,5240.0,C0250
2025-04-20,Tokyo,P008,C,1,4420,4420.0,C0222
2025-04-20,Tokyo,P005,C,4,4800,19200.0,C0298
2025-04-20,Tokyo,P006,A,4,4220,16880.0,C0261
2025-04-20,Tokyo,P009,A,2,1900,3800.0,C0290
2025-04-20,Tokyo,P008,C,4,3210,12840.0,C0160
2025-04-20,Tokyo,P002,C,2,3220,6440.0,C0033
2025-04-20,Tokyo,P003,A,3,1990,5970.0,C0210
2025-04-20,Tokyo,P007,B,2,1460,2920.0,C0122
2025-04-20,Tokyo,P009,A,3,2080,6240.0,C0009
2025-04-20,Tokyo,P015,A,4,4610,18440.0,C0087
2025-04-20,Tokyo,P010,B,1,4620,4620.0,C0002
2025-04-20,Tokyo,P008,C,4,3900,15600.0,C0259
2025-04-20,Tokyo,P008,C,1,1030,1030.0,C0046
2025-04-20,Tokyo,P001,B,2,1200,2400.0,C0056
2025-04-20,Tokyo,P007,B,3,3690,11070.0,C0018
2025-04-20,Tokyo,P014,C,3,2390,7170.0,C0115
2025-04-20,Osaka,P007,B,1,2690,2690.0,C0021
2025-04-20,Osaka,P003,A,2,1880,3760.0,C0105
2025-04-20,Osaka,P001,B,3,1460,4380.0,C0065
2025-04-20,Osaka,P015,A,1,2110,2110.0,C0150
2025-04-20,Osaka,P005,C,2,1500,3000.0,C0127
2025-04-20,Osaka,P012,A,3,4690,14070.0,C0210
2025-04-20,Osaka,P012,A,2,3450,6900.0,C0173
2025-04-20,Osaka,P013,B,3,2610,7830.0,C0021
2025-04-20,Osaka,P013,B,2,4190,8380.0,C0203
2025-04-20,Osaka,P001,B,3,2950,8850.0,C0072
2025-04-20,Osaka,P004,B,3,1340,4020.0,C0182
2025-04-20,Osaka,P013,B,1,1030,1030.0,C0019
2025-04-20,Osaka,P011,C,4,4950,19800.0,C0009
2025-04-20,Osaka,P008,C,1,2480,2480.0,C0093
2025-04-20,Osaka,P010,B,4,4210,16840.0,C0020
2025-04-20,Osaka,P004,B,2,2000,4000.0,C0106
2025-04-20,Osaka,P010,B,3,4750,14250.0,C0211
2025-04-20,Osaka,P005,C,1,2500,2500.0,C0240
2025-04-20,Nagoya,P006,A,1,1010,1010.0,C0024
2025-04-20,Nagoya,P010,B,3,3570,10710.0,C0008
2025-04-20,Nagoya,P007,B,1,2340,2340.0,C0187
2025-04-20,Nagoya,P005,C,3,2150,6450.0,C0153
2025-04-20,Nagoya,P007,B,2,1500,3000.0,C0173
2025-04-20,Nagoya,P015,A,3,3980,11940.0,C0241
2025-04-20,Nagoya,P001,B,4,1960,7840.0,C0199
2025-04-20,Nagoya,P015,A,4,2650,10600.0,C0251
2025-04-20,Nagoya,P010,B,1,1950,1950.0,C0287
2025-04-20,Nagoya,P014,C,4,2530,10120.0,C0096
2025-04-20,Nagoya,P013,B,1,4580,4580.0,C0181
2025-04-20,Nagoya,P010,B,2,4910,9820.0,C0225
2025-04-20,Nagoya,P001,B,3,4430,13290.0,C0023
2025-04-20,Nagoya,P012,A,1,3020,3020.0,C0264
2025-04-20,Nagoya,P008,C,1,1080,1080.0,C0221
2025-04-20,Nagoya,P014,C,2,4740,9480.0,C0136
2025-04-20,Nagoya,P001,B,3,4890,14670.0,C0075
2025-04-20,Nagoya,P015,A,3,2580,7740.0,C0208
2025-04-20,Nagoya,P007,B,1,4480,4480.0,C0112
2025-04-21,Tokyo,P012,A,1,3880,3880.0,C0110
2025-04-21,Tokyo,P009,A,2,4110,8220.0,C0057
2025-04-21,Tokyo,P002,C,2,1470,2940.0,C0073
2025-04-21,Tokyo,P010,B,4,3770,15080.0,C0095
2025-04-21,Tokyo,P013,B,2,1720,3440.0,C0227
2025-04-21,Tokyo,P008,C,2,3640,7280.0,C0217
2025-04-21,Tokyo,P004,B,1,3060,3060.0,C0016
2025-04-21,Tokyo,P010,B,2,1850,3700.0,C0179
2025-04-21,Tokyo,P006,A,2,1860,3720.0,C0203
2025-04-21,Tokyo,P014,C,3,1940,5820.0,C0250
2025-04-21,Tokyo,P002,C,2,1140,2280.0,C0254
2025-04-21,Tokyo,P001,B,3,1760,5280.0,C0064
2025-04-21,Tokyo,P010,B,4,1070,4280.0,C0048
2025-04-21,Tokyo,P005,C,4,1230,4920.0,C0054
2025-04-21,Tokyo,P007,B,2,1190,2380.0,C0162
2025-04-21,Osaka,P003,A,3,1220,3660.0,C0219
2025-04-21,Osaka,P004,B,1,1780,1780.0,C0260
2025-04-21,Osaka,P008,C,3,1810,5430.0,C0017
2025-04-21,Osaka,P001,B,2,2300,4600.0,C0230
2025-04-21,Osaka,P012,A,2,2730,5460.0,C0115
2025-04-21,Osaka,P011,C,3,3600,10800.0,C0017
2025-04-21,Osaka,P006,A,4,2360,9440.0,C0053
2025-04-21,Osaka,P003,A,1,4120,4120.0,C0002
2025-04-21,Osaka,P009,A,2,1370,2740.0,C0265
2025-04-21,Osaka,P012,A,4,4740,18960.0,C0273
2025-04-21,Osaka,P011,C,3,3780,11340.0,C0135
2025-04-21,Osaka,P003,A,2,2860,5720.0,C0014
2025-04-21,Osaka,P013,B,4,2670,10680.0,C0149
2025-04-21,Osaka,P013,B,2,3750,7500.0,C0155
2025-04-21,Osaka,P005,C,4,1770,7080.0,C0068
2025-04-21,Osaka,P011,C,3,4810,14430.0,C0213
2025-04-21,Nagoya,P013,B,2,1030,2060.0,C0174
2025-04-21,Nagoya,P003,A,2,2880,5760.0,C0023
2025-04-21,Nagoya,P013,B,3,4860,14580.0,C0139
2025-04-21,Nagoya,P009,A,4,1840,7360.0,C0272
2025-04-21,Nagoya,P003,A,4,3550,14200.0,C0156
2025-04-21,Nagoya,P004,B,3,3210,9630.0,C0295
2025-04-21,Nagoya,P013,B,2,2550,5100.0,C0116
2025-04-21,Nagoya,P006,A,1,1140,1140.0,C0225
2025-04-21,Nagoya,P004,B,2,3790,7580.0,C0182
2025-04-21,Nagoya,P006,A,4,1630,6520.0,C0142
2025-04-22,Tokyo,P008,C,1,4760,4760.0,C0198
2025-04-22,Tokyo,P004,B,3,2390,7170.0,C0156
2025-04-22,Tokyo,P003,A,3,1420,4260.0,C0046
2025-04-22,Tokyo,P009,A,3,2170,6510.0,C0018
2025-04-22,Tokyo,P007,B,4,3830,15320.0,C0018
2025-04-22,Tokyo,P015,A,2,3300,6600.0,C0001
2025-04-22,Tokyo,P005,C,4,2320,9280.0,C0050
2025-04-22,Tokyo,P002,C,4,4250,17000.0,C0014
2025-04-22,Tokyo,P014,C,4,2430,9720.0,C0197
2025-04-22,Tokyo,P004,B,1,3850,3850.0,C0061
2025-04-22,Tokyo,P006,A,2,1600,3200.0,C0248
2025-04-22,Osaka,P013,B,3,1700,5100.0,C0084
2025-04-22,Osaka,P006,A,4,1940,7760.0,C0208
2025-04-22,Osaka,P002,C,4,3580,14320.0,C0129
2025-04-22,Osaka,P006,A,2,1900,3800.0,C0180
2025-04-22,Osaka,P013,B,1,3990,3990.0,C0170
2025-04-22,Osaka,P012,A,4,1150,4600.0,C0007
2025-04-22,Osaka,P014,C,1,3290,3290.0,C0226
2025-04-22,Osaka,P008,C,1,1040,1040.0,C0201
2025-04-22,Osaka,P014,C,2,3170,6340.0,C0280
2025-04-22,Osaka,P013,B,3,3620,10860.0,C0288
2025-04-22,Osaka,P012,A,2,3770,7540.0,C0099
2025-04-22,Osaka,P014,C,1,1900,1900.0,C0104
2025-04-22,Osaka,P004,B,3,3850,11550.0,C0267
2025-04-22,Osaka,P008,C,3,3390,10170.0,C0002
2025-04-22,Osaka,P011,C,1,3180,3180.0,C0299
2025-04-22,Osaka,P012,A,3,2270,6810.0,C0251
2025-04-22,Nagoya,P006,A,1,3320,3320.0,C0190
2025-04-22,Nagoya,P015,A,4,1910,7640.0,C0076
2025-04-22,Nagoya,P015,A,2,2830,5660.0,C0092
2025-04-22,Nagoya,P006,A,3,2160,6480.0,C0124
2025-04-22,Nagoya,P006,A,1,4140,4140.0,C0267
2025-04-22,Nagoya,P008,C,1,3570,3570.0,C0160
2025-04-22,Nagoya,P009,A,3,3870,11610.0,C0013
2025-04-22,Nagoya,P002,C,1,1610,1610.0,C0291
2025-04-22,Nagoya,P011,C,3,3790,11370.0,C0011
2025-04-22,Nagoya,P004,B,4,2850,11400.0,C0153
2025-04-22,Nagoya,P012,A,1,4190,4190.0,C0204
2025-04-22,Nagoya,P007,B,2,1290,2580.0,C0062
2025-04-22,Nagoya,P004,B,4,1450,5800.0,C0088
2025-04-22,Nagoya,P002,C,2,1040,2080.0,C0082
2025-04-22,Nagoya,P011,C,4,2510,10040.0,C0212
2025-04-22,Nagoya,P010,B,4,4210,16840.0,C0069
2025-04-22,Nagoya,P009,A,4,2220,8880.0,C0172
2025-04-22,Nagoya,P007,B,2,1790,3580.0,C0011
2025-04-23,Tokyo,P013,B,3,1960,5880.0,C0006
2025-04-23,Tokyo,P010,B,1,3190,3190.0,C0291
2025-04-23,Tokyo,P001,B,3,4970,14910.0,C0100
2025-04-23,Tokyo,P013,B,4,2940,11760.0,C0092
2025-04-23,Tokyo,P011,C,3,2900,8700.0,C0058
2025-04-23,Tokyo,P012,A,1,1530,1530.0,C0021
2025-04-23,Tokyo,P007,B,1,2340,2340.0,C0073
2025-04-23,Tokyo,P007,B,4,2800,11200.0,C0167
2025-04-23,Tokyo,P003,A,1,4900,4900.0,C0186
2025-04-23,Tokyo,P001,B,3,1040,3120.0,C0024
2025-04-23,Tokyo,P006,A,3,3480,10440.0,C0237
2025-04-23,Tokyo,P003,A,1,3130,3130.0,C0260
2025-04-23,Tokyo,P011,C,3,1370,4110.0,C0263
2025-04-23,Tokyo,P015,A,3,2340,7020.0,C0199
2025-04-23,Tokyo,P010,B,4,1440,5760.0,C0155
2025-04-23,Tokyo,P011,C,2,4360,8720.0,C0020
2025-04-23,Tokyo,P002,C,4,1500,6000.0,C0126
2025-04-23,Osaka,P011,C,1,2420,2420.0,C0295
2025-04-23,Osaka,P006,A,3,4950,14850.0,C0182
2025-04-23,Osaka,P012,A,4,3460,13840.0,C0249
2025-04-23,Osaka,P008,C,4,3560,14240.0,C0102
2025-04-23,Osaka,P009,A,2,2580,5160.0,C0088
2025-04-23,Osaka,P008,C,2,3500,7000.0,C0111
2025-04-23,Osaka,P008,C,1,2540,2540.0,C0107
2025-04-23,Osaka,P015,A,2,1080,2160.0,C0093
2025-04-23,Osaka,P011,C,1,1650,1650.0,C0112
2025-04-23,Osaka,P006,A,2,1130,2260.0,C0216
2025-04-23,Osaka,P004,B,3,3250,9750.0,C0061
2025-04-23,Osaka,P008,C,1,3800,3800.0,C0091
2025-04-23,Nagoya,P003,A,2,2580,5160.0,C0068
2025-04-23,Nagoya,P015,A,2,1720,3440.0,C0164
2025-13-40,Nagoya,P005,C,2,3900,7800.0,C0024
2025-04-23,Nagoya,P008,C,1,1170,1170.0,C0028
2025-04-23,Nagoya,P003,A,2,4740,9480.0,C0271
2025-04-23,Nagoya,P002,C,4,3540,14160.0,C0166
2025-04-23,Nagoya,P012,A,2,2060,4120.0,C0159
2025-04-23,Nagoya,P011,C,3,1670,5010.0,C0281
2025-04-23,Nagoya,P005,C,4,2240,8960.0,C0019
2025-04-23,Nagoya,P015,A,3,1850,5550.0,C0001
2025-04-23,Nagoya,P002,C,1,4700,4700.0,C0053
2025-04-23,Nagoya,P003,A,4,4510,18040.0,C0063
2025-04-23,Nagoya,P010,B,3,3300,9900.0,C0094
2025-04-24,Tokyo,P014,C,3,4610,13830.0,C0034
2025-04-24,Tokyo,P010,B,4,3140,12560.0,C0282
2025-04-24,Tokyo,P006,A,4,4750,19000.0,C0187
2025-04-24,Tokyo,P011,C,3,2260,6780.0,C0161
2025-04-24,Tokyo,P015,A,1,1820,1820.0,C0150
2025-04-24,Tokyo,P006,A,3,2440,7320.0,C0197
2025-04-24,Tokyo,P002,C,2,3770,7540.0,C0141
2025-04-24,Tokyo,P011,C,3,2310,6930.0,C0129
2025-04-24,Tokyo,P015,A,4,1140,4560.0,C0211
2025-04-24,Tokyo,P008,C,1,3530,3530.0,C0007
2025-04-24,Tokyo,P005,C,3,4250,12750.0,C0124
2025-04-24,Tokyo,P013,B,4,2790,11160.0,C0052
2025-04-24,Tokyo,P010,B,1,4570,4570.0,C0117
2025-04-24,Tokyo,P012,A,3,2890,8670.0,C0291
2025-04-24,Tokyo,P012,A,4,1370,5480.0,C0145
2025-04-24,Tokyo,P015,A,4,2810,11240.0,C0022
2025-04-24,Tokyo,P005,C,3,3560,10680.0,C0277
2025-04-24,Osaka,P006,A,2,4840,9680.0,C0050
2025-04-24,Osaka,P004,B,2,1420,2840.0,C0193
2025-04-24,Osaka,P008,C,3,4620,13860.0,C0130
2025-04-24,Osaka,P005,C,2,4200,8400.0,C0158
2025-04-24,Osaka,P003,A,3,3980,11940.0,C0075
2025-04-24,Osaka,P009,A,3,1700,5100.0,C0003
2025-04-24,Osaka,P011,C,3,3850,11550.0,C0113
2025-04-24,Osaka,P008,C,4,1900,7600.0,C0196
2025-04-24,Osaka,P002,C,1,4820,4820.0,C0039
2025-04-24,Osaka,P010,B,3,4230,12690.0,C0164
2025-04-24,Nagoya,P014,C,4,3880,15520.0,C0049
2025-04-24,Nagoya,P003,A,2,3630,7260.0,C0200
2025-04-24,Nagoya,P012,A,1,1690,1690.0,C0045
2025-04-24,Nagoya,P009,A,3,1460,4380.0,C0260
2025-04-24,Nagoya,P005,C,3,4000,12000.0,C0011
2025-04-24,Nagoya,P013,B,4,4830,19320.0,C0042
2025-04-24,Nagoya,P006,A,1,2800,2800.0,C0292
2025-04-24,Nagoya,P012,A,4,2680,10720.0,C0281
2025-04-24,Nagoya,P014,C,4,4250,17000.0,C0195
2025-04-24,Nagoya,P002,C,2,4070,8140.0,C0098
2025-04-24,Nagoya,P003,A,4,2950,11800.0,C0258
2025-04-24,Nagoya,P005,C,2,2370,4740.0,C0112
2025-04-24,Nagoya,P007,B,2,4250,8500.0,C0098
2025-04-24,Nagoya,P007,B,4,2740,10960.0,C0004
2025-04-24,Nagoya,P001,B,2,3590,7180.0,C0282
2025-04-24,Nagoya,P002,C,3,2150,6450.0,C0135
2025-04-25,Tokyo,P005,C,1,1290,1290.0,C0157
2025-04-25,Tokyo,P004,B,2,1360,2720.0,C0015
2025-04-25,Tokyo,P002,C,2,1650,3300.0,C0070
2025-04-25,Tokyo,P005,C,2,1040,2080.0,C0036
2025-04-25,Tokyo,P015,A,3,1490,4470.0,C0085
2025-04-25,Tokyo,P006,A,4,4510,18040.0,C0231
2025-04-25,Tokyo,P002,C,2,2930,5860.0,C0191
2025-04-25,Tokyo,P013,B,2,3220,6440.0,C0079
2025-04-25,Tokyo,P004,B,2,3940,7880.0,C0131
2025-04-25,Tokyo,P011,C,3,2440,7320.0,C0286
2025-04-25,Tokyo,P001,B,4,1030,4120.0,C0115
2025-04-25,Tokyo,P013,B,3,2280,6840.0,C0265
2025-04-25,Tokyo,P003,A,3,3070,9210.0,C0062
2025-04-25,Tokyo,P014,C,4,1030,4120.0,C0026
2025-04-25,Osaka,P007,B,2,3890,7780.0,C0203
2025-04-25,Osaka,P001,B,2,4130,8260.0,C0269
2025-04-25,Osaka,P005,C,1,1610,1610.0,C0102
2025-04-25,Osaka,P007,B,2,1360,2720.0,C0102
2025-04-25,Osaka,P005,C,2,1310,2620.0,C0237
2025-04-25,Osaka,P007,B,2,4620,9240.0,C0223
2025-04-25,Osaka,P003,A,1,1000,1000.0,C0168
2025-04-25,Osaka,P006,A,2,3030,6060.0,C0162
2025-04-25,Osaka,P001,B,1,4150,4150.0,C0286
2025-04-25,Osaka,P013,B,4,2850,11400.0,C0248
2025-04-25,Nagoya,P014,C,1,1580,1580.0,C0121
2025-04-25,Nagoya,P008,C,4,2270,9080.0,C0249
2025-04-25,Nagoya,P014,C,4,1750,7000.0,C0073
2025-04-25,Nagoya,P004,B,3,3740,11220.0,C0122
2025-04-25,Nagoya,P002,C,3,3920,11760.0,C0142
2025-04-25,Nagoya,P005,C,3,3640,10920.0,C0177
2025-04-25,Nagoya,P014,C,2,3430,6860.0,C0256
2025-04-25,Nagoya,P004,B,2,1190,2380.0,C0113
2025-04-25,Nagoya,P001,B,3,1350,4050.0,C0208
2025-04-25,Nagoya,P009,A,4,2390,9560.0,C0104
2025-04-25,Nagoya,P004,B,3,1870,5610.0,C0034
2025-04-25,Nagoya,P015,A,3,1470,4410.0,C0185
2025-04-25,Nagoya,P005,C,1,2880,2880.0,C0236
2025-04-25,Nagoya,P001,B,2,4680,9360.0,C0118
2025-04-25,Nagoya,P002,C,2,3720,7440.0,C0298
2025-04-25,Nagoya,P010,B,1,4230,4230.0,C0234
2025-04-25,Nagoya,P010,B,4,4070,16280.0,C0070
2025-04-25,Nagoya,P007,B,3,2950,8850.0,C0191
2025-04-26,Tokyo,P002,C,3,1150,3450.0,C0153
2025-04-26,Tokyo,P007,B,1,4960,4960.0,C0078
2025-04-26,Tokyo,P001,B,2,4020,8040.0,C0003
2025-04-26,Tokyo,P008,C,2,4460,8920.0,C0001
2025-04-26,Tokyo,P001,B,3,1710,5130.0,C0211
2025-04-26,Tokyo,P005,C,3,1150,3450.0,C0208
2025-04-26,Tokyo,P008,C,1,2060,2060.0,C0018
2025-04-26,Tokyo,P001,B,3,2710,8130.0,C0241
2025-04-26,Tokyo,P004,B,3,3460,10380.0,C0199
2025-04-26,Tokyo,P013,B,3,3980,11940.0,C0222
2025-04-26,Tokyo,P007,B,3,4360,13080.0,C0221
2025-04-26,Tokyo,P010,B,1,2740,2740.0,C0019
2025-04-26,Tokyo,P002,C,2,2850,5700.0,C0158
2025-04-26,Tokyo,P014,C,4,2690,10760.0,C0101
2025-04-26,Tokyo,P011,C,2,4530,9060.0,C0234
2025-04-26,Tokyo,P011,C,1,3480,,C0246
2025-04-26,Tokyo,P002,C,1,3060,3060.0,C0108
2025-04-26,Osaka,P007,B,4,2190,8760.0,C0108
2025-04-26,Osaka,P001,B,1,1940,1940.0,C0229
2025-04-26,Osaka,P006,A,1,2250,2250.0,C0169
2025-04-26,Osaka,P012,A,4,1180,4720.0,C0252
2025-04-26,Osaka,P006,A,4,1150,4600.0,C0188
2025-04-26,Osaka,P014,C,1,4160,4160.0,C0035
2025-04-26,Osaka,P015,A,3,4640,13920.0,C0269
2025-04-26,Osaka,P005,C,2,3760,7520.0,C0053
2025-04-26,Osaka,P005,C,1,4550,4550.0,C0075
2025-04-26,Osaka,P007,B,2,2500,5000.0,C0233
2025-04-26,Osaka,P014,C,3,4340,13020.0,C0034
2025-04-26,Osaka,P015,A,1,1260,1260.0,C0007
2025-04-26,Osaka,P004,B,4,2200,8800.0,C0237
2025-04-26,Osaka,P007,B,1,2890,2890.0,C0070
2025-04-26,Osaka,P005,C,3,4160,12480.0,C0176
2025-04-26,Osaka,P004,B,3,3780,11340.0,C0071
2025-04-26,Osaka,P013,B,4,3410,13640.0,C0089
2025-04-26,Nagoya,P007,B,1,2220,2220.0,C0041
2025-04-26,Nagoya,P003,A,3,1510,4530.0,C0141
2025-04-26,Nagoya,P007,B,1,4320,4320.0,C0295
2025-04-26,Nagoya,P010,B,3,1930,5790.0,C0253
2025-04-26,Nagoya,P012,A,2,3820,7640.0,C0286
2025-04-26,Nagoya,P010,B,1,2320,2320.0,C0056
2025-04-26,Nagoya,P005,C,4,1750,7000.0,C0267
2025-04-26,Nagoya,P005,C,2,3110,6220.0,C0038
2025-04-26,Nagoya,P003,A,2,1230,2460.0,C0226
2025-04-26,Nagoya,P009,A,4,4450,17800.0,C0104
2025-04-26,Nagoya,P013,B,1,2710,2710.0,C0200
2025-04-26,Nagoya,P007,B,3,4430,13290.0,C0127
2025-04-26,Nagoya,P005,C,3,4470,13410.0,C0296
2025-04-27,Tokyo,P004,B,1,3290,3290.0,C0121
2025-04-27,Tokyo,P010,B,4,3190,12760.0,C0107
2025-04-27,Tokyo,P014,C,2,3420,6840.0,C0041
2025-04-27,Tokyo,P008,C,2,1490,2980.0,C0064
2025-04-27,Tokyo,P011,C,1,1520,1520.0,C0018
2025-04-27,Tokyo,P001,B,2,2950,5900.0,C0187
2025-04-27,Tokyo,P009,A,3,4990,14970.0,C0075
2025-04-27,Tokyo,P011,C,1,4390,4390.0,C0109
2025-04-27,Tokyo,P006,A,1,3030,3030.0,C0120
2025-04-27,Tokyo,P015,A,1,2660,2660.0,C0270
2025-04-27,Tokyo,P013,B,4,3100,12400.0,C0262
2025-04-27,Tokyo,P004,B,4,3320,13280.0,C0105
2025-04-27,Tokyo,P004,B,3,1010,3030.0,C0214
2025-04-27,Tokyo,P004,B,2,1770,3540.0,C0140
2025-04-27,Tokyo,P006,A,1,4550,4550.0,C0228
2025-04-27,Tokyo,P006,A,1,4380,4380.0,C0209
2025-04-27,Tokyo,P009,A,3,1030,3090.0,C0142
2025-04-27,Tokyo,P003,A,3,4720,14160.0,C0159
2025-04-27,Osaka,P011,C,4,1150,4600.0,C0093
2025-04-27,Osaka,P005,C,3,2790,8370.0,C0231
2025-04-27,Osaka,P008,C,4,4060,16240.0,C0006
2025-04-27,Osaka,P015,A,4,1170,4680.0,C0118
2025-04-27,Osaka,P015,A,4,2870,11480.0,C0163
2025-04-27,Osaka,P001,B,3,3660,10980.0,C0108
2025-04-27,Osaka,P005,C,4,2790,11160.0,C0079
2025-04-27,Osaka,P006,A,2,2030,4060.0,C0168
2025-04-27,Osaka,P013,B,3,1920,5760.0,C0142
2025-04-27,Osaka,P009,A,3,4020,12060.0,C0146
2025-04-27,Osaka,P005,C,3,1500,4500.0,C0202
2025-04-27,Osaka,P014,C,3,2730,8190.0,C0247
2025-04-27,Osaka,P008,C,3,4400,13200.0,C0058
2025-04-27,Osaka,P012,A,3,3110,9330.0,C0024
2025-04-27,Osaka,P012,A,1,4580,4580.0,C0237
2025-04-27,Osaka,P006,A,2,1100,2200.0,C0149
2025-04-27,Nagoya,P015,A,3,1940,5820.0,C0241
2025-04-27,Nagoya,P001,B,3,1440,4320.0,C0017
2025-04-27,Nagoya,P004,B,2,3900,7800.0,C0267
2025-04-27,Nagoya,P012,A,3,3260,9780.0,C0111
2025-04-27,Nagoya,P004,B,4,3080,12320.0,C0169
2025-04-27,Nagoya,P001,B,2,3720,7440.0,C0149
2025-04-27,Nagoya,P010,B,4,1080,4320.0,C0271
2025-04-27,Nagoya,P013,B,2,4050,8100.0,C0020
2025-04-27,Nagoya,P005,C,1,3540,3540.0,C0256
2025-04-27,Nagoya,P010,B,3,1570,4710.0,C0280
2025-04-28,Tokyo,P008,C,3,4420,13260.0,C0280
2025-04-28,Tokyo,P009,A,3,2660,7980.0,C0170
2025-04-28,Tokyo,P011,C,3,3360,10080.0,C0132
2025-04-28,Tokyo,P003,A,1,2680,2680.0,C0119
2025-04-28,Tokyo,P010,B,4,3800,15200.0,C0241
2025-04-28,Tokyo,P009,A,4,4750,19000.0,C0046
2025-04-28,Tokyo,P010,B,3,4880,14640.0,C0175
2025-04-28,Tokyo,P001,B,1,1510,1510.0,C0061
2025-04-28,Tokyo,P002,C,4,2970,11880.0,C0201
2025-04-28,Tokyo,P015,A,3,2910,8730.0,C0080
2025-04-28,Tokyo,P012,A,3,4020,12060.0,C0007
2025-04-28,Osaka,P002,C,3,3070,9210.0,C0095
2025-04-28,Osaka,P005,C,3,4860,14580.0,C0298
2025-04-28,Osaka,P008,C,3,1330,3990.0,C0283
2025-04-28,Osaka,P001,B,2,3900,7800.0,C0290
2025-04-28,Osaka,P003,A,3,1750,5250.0,C0016
2025-04-28,Osaka,P007,B,3,2050,6150.0,C0291
2025-04-28,Osaka,P010,B,2,2940,5880.0,C0139
2025-04-28,Osaka,P002,C,3,4130,12390.0,C0126
2025-04-28,Osaka,P007,B,4,3440,13760.0,C0090
2025-04-28,Osaka,P001,B,4,3500,14000.0,C0188
2025-04-28,Osaka,P005,C,1,2970,2970.0,C0227
2025-04-28,Nagoya,P008,C,4,1870,7480.0,C0070
2025-04-28,Nagoya,P004,B,4,3110,12440.0,C0275
2025-04-28,Nagoya,P015,A,2,1210,2420.0,C0091
2025-04-28,Nagoya,P009,A,2,1000,2000.0,C0296
2025-04-28,Nagoya,P005,C,3,4780,14340.0,C0163
2025-04-28,Nagoya,P011,C,1,3780,3780.0,C0254
2025-04-28,Nagoya,P014,C,1,1910,1910.0,C0015
2025-04-28,Nagoya,P014,C,2,3120,6240.0,C0143
2025-04-28,Nagoya,P011,C,4,2290,9160.0,C0237
2025-04-28,Nagoya,P005,C,1,1420,1420.0,C0112
2025-04-28,Nagoya,P009,A,4,4390,17560.0,C0158
2025-04-28,Nagoya,P007,B,1,4650,4650.0,C0119
2025-04-29,Tokyo,P010,B,4,4890,19560.0,C0212
2025-04-29,Tokyo,P010,B,1,1060,1060.0,C0164
2025-04-29,Tokyo,P011,C,3,2000,6000.0,C0151
2025-04-29,Tokyo,P013,B,1,2530,2530.0,C0283
2025-04-29,Tokyo,P003,A,2,2870,5740.0,C0206
2025-04-29,Tokyo,P004,B,4,1940,7760.0,C0111
2025-04-29,Tokyo,P009,A,1,4060,4060.0,C0200
2025-04-29,Tokyo,P013,B,2,2590,5180.0,C0269
2025-04-29,Tokyo,P002,C,2,2930,5860.0,C0134
2025-04-29,Tokyo,P007,B,3,1780,5340.0,C0267
2025-04-29,Tokyo,P014,C,1,4890,4890.0,C0079
2025-04-29,Tokyo,P001,B,2,4180,8360.0,C0253
2025-04-29,Tokyo,P010,B,4,2040,8160.0,C0263
2025-04-29,Tokyo,P010,B,1,1510,1510.0,C0080
2025-04-29,Tokyo,P002,C,2,4970,9940.0,C0072
2025-04-29,Tokyo,P010,B,4,2010,8040.0,C0209
2025-04-29,Tokyo,P007,B,2,4800,9600.0,C0197
2025-04-29,Osaka,P013,B,4,4120,16480.0,C0260
2025-04-29,Osaka,P005,C,2,1930,3860.0,C0209
2025-04-29,Osaka,P013,B,3,3390,10170.0,C0231
2025-04-29,Osaka,P003,A,2,3820,7640.0,C0016
2025-04-29,Osaka,P014,C,1,4140,4140.0,C0185
2025-04-29,Osaka,P013,B,4,3060,12240.0,C0227
2025-04-29,Osaka,P006,A,3,4660,13980.0,C0026
2025-04-29,Osaka,P006,A,1,3130,3130.0,C0234
2025-04-29,Osaka,P001,B,3,2660,7980.0,C0235
2025-04-29,Osaka,P004,B,1,1370,1370.0,C0122
2025-04-29,Osaka,P008,C,4,2860,11440.0,C0052
2025-04-29,Osaka,P011,C,1,2380,2380.0,C0196
2025-04-29,Osaka,P004,B,3,2810,8430.0,C0285
2025-04-29,Osaka,P005,C,4,3500,14000.0,C0225
2025-04-29,Nagoya,P001,B,3,2920,8760.0,C0093
2025-04-29,Nagoya,P014,C,2,2730,5460.0,C0217
2025-04-29,Nagoya,P015,A,4,3600,14400.0,C0034
2025-04-29,Nagoya,P002,C,3,3030,9090.0,C0040
2025-04-29,Nagoya,P011,C,4,1260,5040.0,C0247
2025-04-29,Nagoya,P006,A,2,3860,7720.0,C0074
2025-04-29,Nagoya,P003,A,4,2390,9560.0,C0051
2025-04-29,Nagoya,P011,C,1,4100,4100.0,C0022
2025-04-29,Nagoya,P008,C,2,4820,9640.0,C0156
2025-04-29,Nagoya,P014,C,1,2890,2890.0,C0244
2025-04-29,Nagoya,P003,A,4,4090,16360.0,C0203
2025-04-30,Tokyo,P013,B,4,2170,8680.0,C0176
2025-04-30,Tokyo,P001,B,2,1600,3200.0,C0167
2025-04-30,Tokyo,P009,A,3,3700,11100.0,C0277
2025-04-30,Tokyo,P003,A,1,1860,1860.0,C0278
2025-04-30,Tokyo,P002,C,1,1640,1640.0,C0230
2025-04-30,Tokyo,P009,A,4,1810,7240.0,C0118
2025-04-30,Tokyo,P009,A,1,4670,4670.0,C0241
2025-04-30,Tokyo,P003,A,4,2790,11160.0,C0101
2025-04-30,Tokyo,P015,A,3,1900,5700.0,C0243
2025-04-30,Tokyo,P011,C,1,3700,,C0189
2025-04-30,Tokyo,P005,C,2,4350,8700.0,C0053
2025-04-30,Tokyo,P011,C,4,4740,18960.0,C0098
2025-04-30,Osaka,P015,A,2,3270,6540.0,C0154
2025-04-30,Osaka,P008,C,3,2690,8070.0,C0118
2025-04-30,Osaka,P007,B,3,4270,12810.0,C0166
2025-04-30,Osaka,P011,C,2,4090,8180.0,C0118
2025-04-30,Osaka,P007,B,1,2040,2040.0,C0221
2025-04-30,Osaka,P002,C,1,4100,4100.0,C0262
2025-04-30,Osaka,P007,B,2,3030,6060.0,C0231
2025-04-30,Osaka,P008,C,1,2720,2720.0,C0077
2025-04-30,Osaka,P011,C,1,3430,3430.0,C0039
2025-04-30,Osaka,P015,A,3,1550,4650.0,C0287
2025-04-30,Osaka,P009,A,3,1250,3750.0,C0057
2025-04-30,Osaka,P013,B,2,3460,6920.0,C0296
2025-04-30,Nagoya,P006,A,4,1260,5040.0,C0137
2025-04-30,Nagoya,P013,B,1,2210,2210.0,C0142
2025-04-30,Nagoya,P002,C,1,2000,2000.0,C0269
2025-04-30,Nagoya,P004,B,3,2700,8100.0,C0228
2025-04-30,Nagoya,P005,C,4,2480,9920.0,C0237
2025-04-30,Nagoya,P013,B,2,3660,7320.0,C0036
2025-04-30,Nagoya,P008,C,2,4810,9620.0,C0280
2025-04-30,Nagoya,P012,A,4,4900,19600.0,C0230
2025-04-30,Nagoya,P009,A,1,4260,4260.0,C0059
2025-04-30,Nagoya,P003,A,4,1450,5800.0,C0043
2025-04-30,Nagoya,P008,C,3,1180,3540.0,C0114
2025-04-30,Nagoya,P004,B,2,1720,3440.0,C0203
2025-04-30,Nagoya,P008,C,4,1030,4120.0,C0233
2025-04-30,Nagoya,P014,C,2,3790,7580.0,C0132
2025-05-01,Tokyo,P014,C,3,3310,9930.0,C0296
2025-05-01,Tokyo,P008,C,1,3730,3730.0,C0208
2025-05-01,Tokyo,P004,B,3,1250,3750.0,C0096
2025-05-01,Tokyo,P013,B,3,3420,10260.0,C0186
2025-05-01,Tokyo,P003,A,4,2190,8760.0,C0236
2025-05-01,Tokyo,P015,A,1,3530,3530.0,C0013
2025-05-01,Tokyo,P010,B,2,1280,2560.0,C0201
2025-05-01,Tokyo,P015,A,1,4570,4570.0,C0253
2025-05-01,Tokyo,P009,A,4,2230,8920.0,C0216
2025-05-01,Tokyo,P011,C,3,4330,12990.0,C0263
2025-05-01,Tokyo,P012,A,3,4900,14700.0,C0167
2025-05-01,Tokyo,P010,B,1,2280,2280.0,C0271
2025-05-01,Tokyo,P008,C,3,4260,12780.0,C0098
2025-05-01,Tokyo,P004,B,1,1920,1920.0,C0154
2025-05-01,Tokyo,P011,C,2,2770,5540.0,C0067
2025-05-01,Osaka,P008,C,1,3430,3430.0,C0101
2025-05-01,Osaka,P013,B,2,4450,8900.0,C0209
2025-05-01,Osaka,P003,A,4,3880,15520.0,C0137
2025-05-01,Osaka,P003,A,2,3430,6860.0,C0040
2025-05-01,Osaka,P006,A,3,3210,9630.0,C0297
2025-05-01,Osaka,P004,B,4,2700,10800.0,C0067
2025-05-01,Osaka,P015,A,3,3140,9420.0,C0089
2025-05-01,Osaka,P014,C,1,1460,1460.0,C0054
2025-05-01,Osaka,P010,B,1,4180,4180.0,C0059
2025-05-01,Osaka,P011,C,4,4510,18040.0,C0088
2025-05-01,Osaka,P002,C,4,2790,11160.0,C0284
2025-05-01,Osaka,P003,A,3,1470,4410.0,C0146
2025-05-01,Osaka,P001,B,4,3410,13640.0,C0030
2025-05-01,Osaka,P008,C,2,3690,7380.0,C0150
2025-05-01,Osaka,P007,B,4,3070,12280.0,C0244
2025-05-01,Osaka,P014,C,4,4820,19280.0,C0209
2025-05-01,Osaka,P009,A,3,1810,5430.0,C0248
2025-05-01,Osaka,P011,C,4,3800,15200.0,C0144
2025-05-01,Nagoya,P015,A,3,4490,13470.0,C0175
2025-05-01,Nagoya,P008,C,1,1270,1270.0,C0212
2025-05-01,Nagoya,P004,B,1,4100,4100.0,C0186
2025-05-01,Nagoya,P002,C,2,2870,5740.0,C0002
2025-05-01,Nagoya,P010,B,2,4510,9020.0,C0035
2025-05-01,Nagoya,P013,B,1,4050,4050.0,C0234
2025-05-01,Nagoya,P007,B,2,1560,3120.0,C0102
2025-05-01,Nagoya,P011,C,3,1720,,C0004
2025-05-01,Nagoya,P009,A,3,4920,14760.0,C0228
2025-05-01,Nagoya,P009,A,3,3580,10740.0,C0136
2025-05-01,Nagoya,P011,C,1,4320,4320.0,C0258
2025-05-01,Nagoya,P007,B,2,2990,5980.0,C0245
2025-05-02,Tokyo,P006,A,3,3770,11310.0,C0089
2025-05-02,Tokyo,P002,C,3,3550,10650.0,C0230
2025-05-02,Tokyo,P001,B,1,2540,2540.0,C0169
2025-05-02,Tokyo,P001,B,1,2670,2670.0,C0084
2025-05-02,Tokyo,P011,C,1,4550,4550.0,C0051
2025-05-02,Tokyo,P007,B,4,3650,14600.0,C0299
2025-05-02,Tokyo,P001,B,3,1300,3900.0,C0183
2025-05-02,Tokyo,P005,C,4,1490,5960.0,C0269
2025-05-02,Tokyo,P008,C,3,3280,9840.0,C0011
2025-05-02,Tokyo,P005,C,3,4840,14520.0,C0295
2025-05-02,Tokyo,P009,A,2,2910,5820.0,C0139
2025-05-02,Osaka,P006,A,4,2560,10240.0,C0009
2025-05-02,Osaka,P011,C,3,2510,7530.0,C0189
2025-05-02,Osaka,P015,A,4,4150,16600.0,C0175
2025-05-02,Osaka,P001,B,3,4270,12810.0,C0253
2025-05-02,Osaka,P012,A,4,3060,12240.0,C0033
2025-05-02,Osaka,P008,C,2,4340,8680.0,C0233
2025-05-02,Osaka,P007,B,2,1630,3260.0,C0013
2025-05-02,Osaka,P005,C,1,2060,2060.0,C0299
2025-05-02,Osaka,P011,C,3,1710,5130.0,C0252
2025-05-02,Osaka,P010,B,3,2860,8580.0,C0166
2025-05-02,Osaka,P013,B,3,2930,8790.0,C0200
2025-05-02,Osaka,P014,C,2,4600,9200.0,C0182
2025-05-02,Osaka,P003,A,4,3740,14960.0,C0116
2025-05-02,Nagoya,P014,C,4,1170,4680.0,C0191
2025-05-02,Nagoya,P002,C,2,3270,6540.0,C0075
2025-05-02,Nagoya,P008,C,2,3320,6640.0,C0240
2025-05-02,Nagoya,P003,A,4,1880,7520.0,C0010
2025-05-02,Nagoya,P007,B,2,1730,3460.0,C0127
2025-05-02,Nagoya,P014,C,3,3910,11730.0,C0045
2025-05-02,Nagoya,P002,C,2,4090,8180.0,C0265
2025-05-02,Nagoya,P002,C,2,2580,5160.0,C0223
2025-05-02,Nagoya,P004,B,2,4390,8780.0,C0140
2025-05-02,Nagoya,P012,A,3,3380,10140.0,C0078
2025-05-02,Nagoya,P015,A,1,4720,4720.0,C0296
2025-05-02,Nagoya,P008,C,4,3860,15440.0,C0221
2025-05-03,Tokyo,P003,A,1,1120,1120.0,C0250
2025-05-03,Tokyo,P003,A,1,4750,4750.0,C0084
2025-05-03,Tokyo,P013,B,4,3090,12360.0,C0278
2025-05-03,Tokyo,P015,A,1,1580,1580.0,C0111
2025-05-03,Tokyo,P009,A,4,1730,6920.0,C0058
2025-05-03,Tokyo,P005,C,2,4760,9520.0,C0119
2025-05-03,Tokyo,P014,C,1,1400,1400.0,C0241
2025-05-03,Tokyo,P004,B,1,3370,3370.0,C0045
2025-05-03,Tokyo,P001,B,2,3200,6400.0,C0158
2025-05-03,Tokyo,P009,A,1,2160,2160.0,C0103
2025-05-03,Osaka,P009,A,1,3520,3520.0,C0280
2025-05-03,Osaka,P010,B,2,2730,5460.0,C0175
2025-05-03,Osaka,P011,C,2,1150,2300.0,C0211
2025-05-03,Osaka,P010,B,1,3500,3500.0,C0022
2025-05-03,Osaka,P010,B,3,1060,3180.0,C0218
2025-05-03,Osaka,P002,C,2,3810,7620.0,C0107
2025-05-03,Osaka,P015,A,4,4940,19760.0,C0032
2025-05-03,Osaka,P003,A,1,3340,3340.0,C0129
2025-05-03,Osaka,P012,A,2,1790,3580.0,C0195
2025-05-03,Osaka,P010,B,3,2240,6720.0,C0158
2025-05-03,Osaka,P014,C,3,4720,14160.0,C0130
2025-05-03,Osaka,P001,B,4,2840,11360.0,C0013
2025-05-03,Nagoya,P005,C,1,3730,3730.0,C0183
2025-05-03,Nagoya,P005,C,1,1310,1310.0,C0283
2025-05-03,Nagoya,P006,A,1,3840,3840.0,C0261
2025-05-03,Nagoya,P002,C,4,3890,15560.0,C0076
2025-05-03,Nagoya,P012,A,2,3540,7080.0,C0038
2025-05-03,Nagoya,P004,B,4,4220,16880.0,C0004
2025-05-03,Nagoya,P004,B,3,4620,13860.0,C0202
2025-05-03,Nagoya,P011,C,2,1210,2420.0,C0230
2025-05-03,Nagoya,P012,A,2,3020,6040.0,C0071
2025-05-03,Nagoya,P007,B,1,2680,2680.0,C0041
2025-05-03,Nagoya,P010,B,1,3890,3890.0,C0155
2025-05-04,Tokyo,P004,B,2,1970,3940.0,C0189
2025-05-04,Tokyo,P002,C,3,4270,12810.0,C0202
2025-05-04,Tokyo,P003,A,2,3130,6260.0,C0117
2025-05-04,Tokyo,P007,B,4,4330,17320.0,C0090
2025-05-04,Tokyo,P005,C,1,2600,2600.0,C0164
2025-05-04,Tokyo,P011,C,2,1860,3720.0,C0010
2025-05-04,Tokyo,P002,C,1,1820,1820.0,C0208
2025-05-04,Tokyo,P012,A,4,3180,12720.0,C0136
2025-05-04,Tokyo,P014,C,1,3520,3520.0,C0245
2025-05-04,Tokyo,P008,C,2,3480,6960.0,C0298
2025-05-04,Tokyo,P004,B,3,1200,3600.0,C0070
2025-05-04,Tokyo,P012,A,2,1790,3580.0,C0101
2025-05-04,Tokyo,P002,C,4,4770,19080.0,C0032
2025-05-04,Tokyo,P004,B,4,4510,18040.0,C0230
2025-05-04,Tokyo,P011,C,4,2490,9960.0,C0268
2025-05-04,Tokyo,P014,C,1,1290,1290.0,C0156
2025-05-04,Tokyo,P012,A,4,1560,6240.0,C0113
2025-05-04,Tokyo,P012,A,1,3890,3890.0,C0088
2025-05-04,Osaka,P004,B,3,4480,13440.0,C0025
2025-05-04,Osaka,P007,B,1,3730,3730.0,C0234
2025-05-04,Osaka,P015,A,2,2190,4380.0,C0093
2025-05-04,Osaka,P012,A,2,1090,2180.0,C0284
2025-05-04,Osaka,P002,C,4,1640,6560.0,C0161
2025-05-04,Osaka,P005,C,3,2610,7830.0,C0110
2025-05-04,Osaka,P008,C,4,1980,7920.0,C0066
2025-05-04,Osaka,P001,B,3,3710,11130.0,C0183
2025-05-04,Osaka,P001,B,4,4230,16920.0,C0283
2025-05-04,Osaka,P014,C,2,3840,7680.0,C0121
2025-05-04,Nagoya,P005,C,3,4810,14430.0,C0196
2025-05-04,Nagoya,P014,C,4,1470,5880.0,C0289
2025-05-04,Nagoya,P013,B,2,3400,6800.0,C0185
2025-05-04,Nagoya,P012,A,4,1400,5600.0,C0001
2025-05-04,Nagoya,P004,B,3,4390,13170.0,C0196
2025-05-04,Nagoya,P003,A,3,2870,8610.0,C0111
2025-05-04,Nagoya,P012,A,2,3470,6940.0,C0055
2025-05-04,Nagoya,P006,A,3,3490,10470.0,C0275
2025-05-04,Nagoya,P005,C,4,4260,17040.0,C0108
2025-05-04,Nagoya,P003,A,2,3630,7260.0,C0236
2025-05-04,Nagoya,P010,B,3,1400,4200.0,C0152
2025-05-04,Nagoya,P014,C,2,4590,9180.0,C0038
2025-05-04,Nagoya,P015,A,4,3500,14000.0,C0185
2025-05-04,Nagoya,P015,A,2,1650,3300.0,C0275
2025-05-04,Nagoya,P002,C,3,2060,6180.0,C0278
2025-05-05,Tokyo,P008,C,3,2810,8430.0,C0128
2025-05-05,Tokyo,P015,A,2,4830,9660.0,C0195
2025-05-05,Tokyo,P015,A,3,4270,12810.0,C0147
2025-05-05,Tokyo,P007,B,2,1840,3680.0,C0012
2025-05-05,Tokyo,P006,A,4,4750,19000.0,C0207
2025-05-05,Tokyo,P006,A,3,4020,12060.0,C0001
2025-05-05,Tokyo,P014,C,4,4880,19520.0,C0029
2025-05-05,Tokyo,P015,A,3,3220,9660.0,C0054
2025-05-05,Tokyo,P008,C,2,4950,9900.0,C0102
2025-05-05,Tokyo,P004,B,4,1750,7000.0,C0271
2025-05-05,Tokyo,P015,A,2,3750,7500.0,C0239
2025-05-05,Tokyo,P009,A,3,1520,4560.0,C0155
2025-05-05,Tokyo,P008,C,3,4770,14310.0,C0247
2025-05-05,Tokyo,P010,B,2,2610,5220.0,C0007
2025-05-05,Tokyo,P009,A,2,4540,9080.0,C0232
2025-05-05,Tokyo,P014,C,4,2600,10400.0,C0129
2025-05-05,Tokyo,P010,B,2,2110,4220.0,C0212
2025-05-05,Tokyo,P007,B,4,1870,7480.0,C0133
2025-05-05,Tokyo,P008,C,4,3310,13240.0,C0021
2025-05-05,Osaka,P014,C,2,2360,4720.0,C0046
2025-05-05,Osaka,P011,C,1,2470,2470.0,C0213
2025-05-05,Osaka,P014,C,1,2320,2320.0,C0036
2025-05-05,Osaka,P007,B,4,2210,8840.0,C0078
2025-05-05,Osaka,P006,A,4,3180,12720.0,C0183
2025-05-05,Osaka,P012,A,3,3390,10170.0,C0168
2025-05-05,Osaka,P008,C,1,2650,2650.0,C0254
2025-05-05,Osaka,P001,B,4,3260,13040.0,C0105
2025-05-05,Osaka,P002,C,4,1000,4000.0,C0163
2025-05-05,Osaka,P003,A,4,1720,6880.0,C0241
2025-05-05,Osaka,P009,A,1,3880,3880.0,C0263
2025-05-05,Osaka,P004,B,4,4190,16760.0,C0222
2025-05-05,Osaka,P006,A,1,2710,2710.0,C0242
2025-05-05,Nagoya,P010,B,4,2350,9400.0,C0012
2025-05-05,Nagoya,P014,C,3,3260,9780.0,C0172
2025-05-05,Nagoya,P013,B,4,3680,14720.0,C0234
2025-05-05,Nagoya,P005,C,3,4900,14700.0,C0071
2025-05-05,Nagoya,P009,A,3,3060,9180.0,C0290
2025-05-05,Nagoya,P007,B,1,1540,1540.0,C0254
2025-05-05,Nagoya,P011,C,3,2720,8160.0,C0123
2025-05-05,Nagoya,P015,A,3,4860,14580.0,C0240
2025-05-05,Nagoya,P012,A,3,1960,5880.0,C0196
2025-05-05,Nagoya,P011,C,3,1080,3240.0,C0288
2025-05-05,Nagoya,P013,B,2,2970,5940.0,C0037
2025-05-05,Nagoya,P015,A,1,2510,2510.0,C0129
2025-05-05,Nagoya,P004,B,3,4980,14940.0,C0256
2025-05-05,Nagoya,P008,C,1,4450,4450.0,C0077
2025-05-05,Nagoya,P014,C,2,3070,6140.0,C0131
2025-05-06,Tokyo,P003,A,3,2610,7830.0,C0254
2025-05-06,Tokyo,P008,C,4,2180,8720.0,C0099
2025-05-06,Tokyo,P001,B,3,1290,3870.0,C0086
2025-05-06,Tokyo,P014,C,3,3230,9690.0,C0241
2025-05-06,Tokyo,P012,A,4,3660,14640.0,C0135
2025-05-06,Tokyo,P002,C,2,3820,7640.0,C0076
2025-05-06,Tokyo,P011,C,1,1240,1240.0,C0110
2025-05-06,Tokyo,P004,B,4,2510,10040.0,C0126
2025-05-06,Tokyo,P007,B,2,4670,9340.0,C0222
2025-05-06,Tokyo,P003,A,1,1320,1320.0,C0077
2025-05-06,Tokyo,P010,B,4,2920,11680.0,C0025
2025-05-06,Tokyo,P001,B,2,2050,4100.0,C0173
2025-05-06,Tokyo,P002,C,1,3220,3220.0,C0085
2025-05-06,Tokyo,P006,A,1,1200,1200.0,C0104
2025-05-06,Osaka,P014,C,4,2720,10880.0,C0087
2025-05-06,Osaka,P007,B,3,2540,7620.0,C0227
2025-05-06,Osaka,P015,A,2,1460,2920.0,C0037
2025-05-06,Osaka,P014,C,2,2300,4600.0,C0186
2025-05-06,Osaka,P015,A,2,2260,4520.0,C0258
2025-05-06,Osaka,P002,C,4,3080,12320.0,C0007
2025-05-06,Osaka,P004,B,3,4010,12030.0,C0059
2025-05-06,Osaka,P010,B,4,3740,14960.0,C0211
2025-05-06,Osaka,P003,A,3,3830,11490.0,C0034
2025-05-06,Osaka,P005,C,4,4990,19960.0,C0052
2025-05-06,Osaka,P011,C,3,3360,10080.0,C0153
2025-05-06,Osaka,P014,C,2,3350,6700.0,C0201
2025-05-06,Osaka,P009,A,4,1940,7760.0,C0284
2025-05-06,Nagoya,P015,A,2,2910,5820.0,C0013
2025-05-06,Nagoya,P014,C,4,2180,8720.0,C0016
2025-05-06,Nagoya,P011,C,3,3110,9330.0,C0047
2025-05-06,Nagoya,P014,C,2,3890,7780.0,C0257
2025-05-06,Nagoya,P009,A,1,4550,4550.0,C0200
2025-05-06,Nagoya,P014,C,3,4620,13860.0,C0260
2025-05-06,Nagoya,P004,B,1,1640,1640.0,C0240
2025-05-06,Nagoya,P004,B,2,4150,8300.0,C0129
2025-05-06,Nagoya,P001,B,2,1370,2740.0,C0116
2025-05-06,Nagoya,P012,A,3,3690,11070.0,C0032
2025-05-06,Nagoya,P012,A,2,2140,4280.0,C0195
2025-05-06,Nagoya,P003,A,2,2680,5360.0,C0050
2025-05-06,Nagoya,P015,A,2,1160,2320.0,C0133
2025-05-06,Nagoya,P015,A,3,3540,10620.0,C0270
2025-05-06,Nagoya,P002,C,3,2280,6840.0,C0203
2025-05-06,Nagoya,P013,B,1,1630,1630.0,C0286
2025-05-07,Tokyo,P005,C,1,2410,2410.0,C0002
2025-05-07,Tokyo,P004,B,1,1330,1330.0,C0290
2025-05-07,Tokyo,P012,A,4,1960,7840.0,C0087
2025-05-07,Tokyo,P005,C,3,1720,5160.0,C0071
2025-05-07,Tokyo,P015,A,2,4120,8240.0,C0069
2025-05-07,Tokyo,P014,C,3,4440,13320.0,C0155
2025-05-07,Tokyo,P014,C,2,2910,5820.0,C0019
2025-05-07,Tokyo,P003,A,4,2300,9200.0,C0031
2025-05-07,Tokyo,P005,C,2,3860,7720.0,C0028
2025-05-07,Tokyo,P001,B,3,1560,4680.0,C0126
2025-05-07,Tokyo,P011,C,3,1490,4470.0,C0216
2025-05-07,Tokyo,P001,B,1,1430,1430.0,C0154
2025-05-07,Tokyo,P011,C,3,1550,4650.0,C0103
2025-05-07,Tokyo,P003,A,2,1920,3840.0,C0222
2025-05-07,Osaka,P013,B,1,1050,1050.0,C0011
2025-05-07,Osaka,P013,B,4,1840,7360.0,C0263
2025-05-07,Osaka,P008,C,1,2250,2250.0,C0080
2025-05-07,Osaka,P012,A,1,1730,1730.0,C0216
2025-05-07,Osaka,P005,C,2,4230,8460.0,C0279
2025-05-07,Osaka,P009,A,4,4360,17440.0,C0176
2025-05-07,Osaka,P013,B,1,1140,1140.0,C0265
2025-05-07,Osaka,P003,A,3,2680,8040.0,C0236
2025-05-07,Osaka,P010,B,1,2340,2340.0,C0212
2025-05-07,Osaka,P014,C,4,4560,18240.0,C0287
2025-05-07,Osaka,P014,C,3,2340,7020.0,C0152
2025-05-07,Osaka,P012,A,2,4320,8640.0,C0210
2025-05-07,Osaka,P004,B,4,4380,17520.0,C0180
2025-05-07,Osaka,P003,A,1,4350,4350.0,C0006
2025-05-07,Osaka,P008,C,3,1930,5790.0,C0259
2025-05-07,Osaka,P008,C,1,2280,2280.0,C0119
2025-05-07,Osaka,P004,B,4,2440,9760.0,C0151
2025-05-07,Nagoya,P004,B,3,2410,7230.0,C0004
2025-05-07,Nagoya,P007,B,3,1460,4380.0,C0234
2025-05-07,Nagoya,P010,B,2,3360,6720.0,C0091
2025-05-07,Nagoya,P010,B,1,3440,3440.0,C0017
2025-05-07,Nagoya,P001,B,2,1690,3380.0,C0147
2025-05-07,Nagoya,P003,A,1,1390,1390.0,C0266
2025-05-07,Nagoya,P012,A,1,1480,1480.0,C0255
2025-05-07,Nagoya,P011,C,4,1710,6840.0,C0108
2025-05-07,Nagoya,P002,C,2,1650,3300.0,C0002
2025-05-07,Nagoya,P008,C,4,3580,14320.0,C0227
2025-05-07,Nagoya,P013,B,4,1510,6040.0,C0075
2025-05-07,Nagoya,P010,B,4,4090,16360.0,C0218
2025-05-07,Nagoya,P005,C,2,1310,2620.0,C0094
2025-05-07,Nagoya,P003,A,4,1360,5440.0,C0109
2025-05-07,Nagoya,P014,C,4,2500,10000.0,C0140
2025-05-08,Tokyo,P013,B,4,3090,12360.0,C0112
2025-05-08,Tokyo,P006,A,3,4340,13020.0,C0023
2025-05-08,Tokyo,P012,A,2,1580,3160.0,C0029
2025-05-08,Tokyo,P006,A,1,1410,1410.0,C0088
2025-05-08,Tokyo,P013,B,3,1830,5490.0,C0202
2025-05-08,Tokyo,P007,B,3,1980,5940.0,C0019
2025-05-08,Tokyo,P005,C,4,3220,12880.0,C0017
2025-05-08,Tokyo,P015,A,4,3170,12680.0,C0222
2025-05-08,Tokyo,P003,A,3,4650,13950.0,C0132
2025-05-08,Tokyo,P001,B,4,3920,15680.0,C0222
2025-05-08,Tokyo,P010,B,1,1450,1450.0,C0237
2025-05-08,Tokyo,P013,B,1,3320,3320.0,C0150
2025-05-08,Tokyo,P006,A,3,4650,13950.0,C0246
2025-05-08,Tokyo,P003,A,2,4740,9480.0,C0071
2025-05-08,Tokyo,P013,B,2,3080,6160.0,C0075
2025-05-08,Osaka,P008,C,3,2850,8550.0,C0027
2025-05-08,Osaka,P012,A,2,1960,3920.0,C0234
2025-05-08,Osaka,P003,A,3,2890,8670.0,C0240
2025-05-08,Osaka,P001,B,4,1910,7640.0,C0261
2025-05-08,Osaka,P006,A,1,2950,2950.0,C0017
2025-05-08,Osaka,P005,C,3,3240,9720.0,C0212
2025-05-08,Osaka,P014,C,2,3170,6340.0,C0018
2025-05-08,Osaka,P005,C,3,1240,3720.0,C0108
2025-05-08,Osaka,P003,A,4,3240,12960.0,C0193
2025-05-08,Osaka,P011,C,1,1190,1190.0,C0119
2025-05-08,Osaka,P003,A,2,2270,4540.0,C0234
2025-05-08,Osaka,P005,C,1,4830,4830.0,C0015
2025-05-08,Osaka,P004,B,2,1250,2500.0,C0269
2025-05-08,Osaka,P006,A,4,1530,6120.0,C0156
2025-05-08,Osaka,P002,C,1,2620,2620.0,C0258
2025-05-08,Osaka,P005,C,4,1360,5440.0,C0076
2025-05-08,Osaka,P010,B,2,3000,6000.0,C0203
2025-05-08,Osaka,P002,C,3,4450,13350.0,C0230
2025-05-08,Osaka,P005,C,2,4840,9680.0,C0237
2025-05-08,Nagoya,P014,C,2,1510,3020.0,C0069
2025-05-08,Nagoya,P005,C,4,2100,8400.0,C0109
2025-05-08,Nagoya,P013,B,1,3650,3650.0,C0165
2025-05-08,Nagoya,P015,A,2,3080,6160.0,C0255
2025-05-08,Nagoya,P015,A,3,3790,11370.0,C0262
2025-05-08,Nagoya,P015,A,3,2160,6480.0,C0193
2025-05-08,Nagoya,P004,B,3,2770,8310.0,C0296
2025-05-08,Nagoya,P009,A,4,4230,16920.0,C0254
2025-05-08,Nagoya,P003,A,4,2000,8000.0,C0173
2025-05-08,Nagoya,P008,C,2,4930,9860.0,C0262
2025-05-08,Nagoya,P009,A,1,1730,1730.0,C0069
2025-05-08,Nagoya,P015,A,2,1180,2360.0,C0176
2025-05-08,Nagoya,P015,A,3,2770,8310.0,C0053
2025-05-08,Nagoya,P014,C,1,4730,4730.0,C0067
2025-05-08,Nagoya,P003,A,2,1010,2020.0,C0005
2025-05-08,Nagoya,P003,A,3,4250,12750.0,C0075
2025-05-08,Nagoya,P010,B,2,2730,5460.0,C0101
2025-05-08,Nagoya,P014,C,3,3020,9060.0,C0258
2025-05-08,Nagoya,P010,B,1,1750,1750.0,C0102
2025-05-09,Tokyo,P011,C,2,1170,2340.0,C0120
2025-05-09,Tokyo,P013,B,4,4840,19360.0,C0276
2025-05-09,Tokyo,P010,B,4,4820,19280.0,C0190
2025-05-09,Tokyo,P007,B,4,2660,10640.0,C0050
2025-13-40,Tokyo,P002,C,3,1140,3420.0,C0036
2025-05-09,Tokyo,P004,B,3,2910,8730.0,C0153
2025-05-09,Tokyo,P008,C,4,1870,7480.0,C0142
2025-05-09,Tokyo,P010,B,2,1720,3440.0,C0014
2025-05-09,Tokyo,P005,C,2,1780,3560.0,C0082
2025-05-09,Tokyo,P011,C,4,3060,12240.0,C0020
2025-05-09,Osaka,P003,A,1,3270,3270.0,C0128
2025-05-09,Osaka,P005,C,4,1360,5440.0,C0017
2025-05-09,Osaka,P009,A,2,4200,8400.0,C0013
2025-05-09,Osaka,P007,B,1,1160,1160.0,C0139
2025-05-09,Osaka,P012,A,1,4360,4360.0,C0156
2025-05-09,Osaka,P008,C,4,2310,9240.0,C0060
2025-05-09,Osaka,P012,A,1,4480,4480.0,C0247
2025-05-09,Osaka,P015,A,2,3480,6960.0,C0264
2025-05-09,Osaka,P002,C,2,2880,5760.0,C0188
2025-05-09,Osaka,P011,C,4,2950,11800.0,C0052
2025-05-09,Osaka,P003,A,4,2840,11360.0,C0189
2025-05-09,Osaka,P009,A,4,1870,7480.0,C0052
2025-05-09,Osaka,P012,A,2,4260,8520.0,C0039
2025-05-09,Osaka,P005,C,4,4370,17480.0,C0019
2025-05-09,Osaka,P013,B,1,1480,1480.0,C0269
2025-05-09,Osaka,P002,C,2,1540,3080.0,C0179
2025-05-09,Osaka,P001,B,2,2300,4600.0,C0194
2025-05-09,Nagoya,P003,A,2,2830,5660.0,C0106
2025-05-09,Nagoya,P009,A,2,2330,4660.0,C0235
2025-05-09,Nagoya,P004,B,2,1560,3120.0,C0209
2025-05-09,Nagoya,P011,C,3,1670,5010.0,C0136
2025-05-09,Nagoya,P005,C,4,2340,9360.0,C0125
2025-05-09,Nagoya,P007,B,4,3810,15240.0,C0246
2025-05-09,Nagoya,P007,B,4,4480,17920.0,C0157
2025-05-09,Nagoya,P011,C,4,4350,17400.0,C0083
2025-05-09,Nagoya,P011,C,2,1590,3180.0,C0112
2025-05-09,Nagoya,P015,A,4,4140,16560.0,C0297
2025-05-09,Nagoya,P009,A,4,1660,6640.0,C0090
2025-05-09,Nagoya,P003,A,4,3450,13800.0,C0279
2025-05-09,Nagoya,P007,B,2,3700,7400.0,C0170
2025-05-09,Nagoya,P006,A,2,3050,,C0023
2025-05-10,Tokyo,P001,B,1,1790,1790.0,C0023
2025-05-10,Tokyo,P001,B,4,1730,6920.0,C0167
2025-05-10,Tokyo,P002,C,4,1950,7800.0,C0225
2025-05-10,Tokyo,P010,B,4,3510,14040.0,C0153
2025-05-10,Tokyo,P012,A,4,2510,10040.0,C0282
2025-05-10,Tokyo,P015,A,3,4710,14130.0,C0032
2025-05-10,Tokyo,P009,A,3,4710,14130.0,C0037
2025-05-10,Tokyo,P013,B,1,2430,2430.0,C0208
2025-05-10,Tokyo,P005,C,4,4720,18880.0,C0048
2025-05-10,Tokyo,P004,B,1,3840,3840.0,C0266
2025-05-10,Tokyo,P010,B,1,1690,1690.0,C0011
2025-05-10,Osaka,P011,C,1,4390,4390.0,C0076
2025-05-10,Osaka,P008,C,3,3150,9450.0,C0143
2025-05-10,Osaka,P006,A,2,1950,3900.0,C0089
2025-05-10,Osaka,P012,A,4,4390,17560.0,C0099
2025-05-10,Osaka,P005,C,1,2090,2090.0,C0176
2025-05-10,Osaka,P005,C,3,1200,3600.0,C0124
2025-05-10,Osaka,P005,C,2,1100,2200.0,C0126
2025-05-10,Osaka,P012,A,4,2020,8080.0,C0129
2025-05-10,Osaka,P011,C,2,3170,6340.0,C0103
2025-05-10,Osaka,P013,B,3,4840,14520.0,C0234
2025-05-10,Osaka,P006,A,2,1350,2700.0,C0187
2025-05-10,Osaka,P012,A,2,1080,2160.0,C0247
2025-05-10,Osaka,P004,B,3,1210,3630.0,C0019
2025-05-10,Osaka,P014,C,3,1020,,C0031
2025-05-10,Nagoya,P011,C,2,4490,8980.0,C0196
2025-05-10,Nagoya,P010,B,2,3720,7440.0,C0262
2025-05-10,Nagoya,P001,B,3,4510,13530.0,C0130
2025-05-10,Nagoya,P012,A,2,1770,3540.0,C0244
2025-05-10,Nagoya,P005,C,4,2260,9040.0,C0120
2025-05-10,Nagoya,P011,C,2,4230,8460.0,C0012
2025-05-10,Nagoya,P001,B,1,2020,2020.0,C0017
2025-05-10,Nagoya,P006,A,1,4020,4020.0,C0046
2025-05-10,Nagoya,P015,A,4,3770,15080.0,C0239
2025-05-10,Nagoya,P012,A,4,3220,12880.0,C0187
2025-05-10,Nagoya,P008,C,3,2520,7560.0,C0038
2025-05-10,Nagoya,P014,C,3,3810,11430.0,C0084
2025-05-10,Nagoya,P012,A,3,1300,3900.0,C0286
2025-05-10,Nagoya,P015,A,4,2890,11560.0,C0070
2025-05-11,Tokyo,P012,A,4,1410,5640.0,C0205
2025-05-11,Tokyo,P001,B,4,1110,4440.0,C0292
2025-05-11,Tokyo,P003,A,2,3770,7540.0,C0254
2025-05-11,Tokyo,P006,A,4,1060,4240.0,C0141
2025-05-11,Tokyo,P015,A,2,3130,6260.0,C0133
2025-05-11,Tokyo,P006,A,4,3070,12280.0,C0214
2025-05-11,Tokyo,P008,C,4,2880,11520.0,C0239
2025-05-11,Tokyo,P010,B,4,4540,18160.0,C0068
2025-05-11,Tokyo,P005,C,2,2940,5880.0,C0148
2025-13-40,Tokyo,P001,B,4,4430,17720.0,C0180
2025-05-11,Osaka,P013,B,2,2220,4440.0,C0299
2025-05-11,Osaka,P014,C,3,1670,5010.0,C0037
2025-05-11,Osaka,P015,A,2,3720,7440.0,C0106
2025-05-11,Osaka,P008,C,4,3370,13480.0,C0129
2025-05-11,Osaka,P007,B,1,3220,3220.0,C0171
2025-05-11,Osaka,P002,C,2,3570,7140.0,C0017
2025-05-11,Osaka,P015,A,4,3540,14160.0,C0005
2025-05-11,Osaka,P008,C,4,1090,4360.0,C0237
2025-05-11,Osaka,P013,B,1,1920,1920.0,C0217
2025-05-11,Osaka,P014,C,4,3100,12400.0,C0181
2025-05-11,Osaka,P008,C,3,4080,12240.0,C0015
2025-05-11,Osaka,P004,B,1,4180,4180.0,C0218
2025-05-11,Osaka,P001,B,1,2050,2050.0,C0073
2025-05-11,Nagoya,P008,C,2,1650,3300.0,C0195
2025-05-11,Nagoya,P012,A,3,4220,12660.0,C0274
2025-05-11,Nagoya,P013,B,3,1190,3570.0,C0101
2025-05-11,Nagoya,P007,B,3,4380,13140.0,C0192
2025-05-11,Nagoya,P006,A,4,3780,15120.0,C0239
2025-05-11,Nagoya,P009,A,3,2380,7140.0,C0120
2025-05-11,Nagoya,P005,C,2,3610,7220.0,C0115
2025-05-11,Nagoya,P003,A,1,4440,4440.0,C0131
2025-05-11,Nagoya,P009,A,4,1440,5760.0,C0281
2025-05-11,Nagoya,P011,C,3,2720,8160.0,C0212
2025-05-11,Nagoya,P004,B,2,4840,9680.0,C0083
2025-05-11,Nagoya,P011,C,4,3370,13480.0,C0090
2025-05-11,Nagoya,P013,B,4,3170,12680.0,C0035
2025-05-11,Nagoya,P007,B,2,1750,3500.0,C0121
2025-05-11,Nagoya,P003,A,3,2720,8160.0,C0219
2025-05-12,Tokyo,P011,C,3,1640,4920.0,C0133
2025-05-12,Tokyo,P012,A,3,1880,5640.0,C0249
2025-05-12,Tokyo,P003,A,4,3820,15280.0,C0097
2025-05-12,Tokyo,P003,A,4,3090,12360.0,C0242
2025-05-12,Tokyo,P013,B,1,3730,3730.0,C0100
2025-05-12,Tokyo,P014,C,1,1130,1130.0,C0199
2025-05-12,Tokyo,P009,A,3,2050,6150.0,C0148
2025-05-12,Tokyo,P015,A,4,4930,,C0100
2025-05-12,Tokyo,P014,C,2,4740,9480.0,C0259
2025-05-12,Tokyo,P003,A,4,3420,13680.0,C0233
2025-05-12,Tokyo,P009,A,1,4930,4930.0,C0034
2025-05-12,Tokyo,P013,B,1,4140,4140.0,C0127
2025-05-12,Tokyo,P004,B,1,2270,2270.0,C0270
2025-05-12,Tokyo,P012,A,3,3510,10530.0,C0125
2025-05-12,Osaka,P005,C,4,2520,10080.0,C0103
2025-05-12,Osaka,P008,C,3,3850,11550.0,C0230
2025-05-12,Osaka,P002,C,1,4390,4390.0,C0294
2025-05-12,Osaka,P002,C,4,2040,8160.0,C0293
2025-05-12,Osaka,P015,A,3,1760,5280.0,C0236
2025-05-12,Osaka,P002,C,2,3550,7100.0,C0021
2025-05-12,Osaka,P006,A,4,1360,5440.0,C0110
2025-05-12,Osaka,P001,B,3,1310,3930.0,C0085
2025-05-12,Osaka,P008,C,1,1920,1920.0,C0250
2025-05-12,Osaka,P012,A,1,4430,4430.0,C0140
2025-05-12,Osaka,P003,A,4,2340,9360.0,C0098
2025-05-12,Osaka,P003,A,4,2140,8560.0,C0178
2025-05-12,Osaka,P004,B,4,4140,16560.0,C0151
2025-05-12,Osaka,P006,A,3,2980,8940.0,C0282
2025-05-12,Osaka,P011,C,1,4280,4280.0,C0058
2025-05-12,Osaka,P005,C,2,1830,3660.0,C0282
2025-05-12,Osaka,P015,A,1,2280,2280.0,C0111
2025-05-12,Osaka,P011,C,3,3710,11130.0,C0010
2025-05-12,Osaka,P008,C,1,1910,1910.0,C0232
2025-05-12,Nagoya,P001,B,2,3940,7880.0,C0153
2025-05-12,Nagoya,P003,A,4,2520,10080.0,C0213
2025-05-12,Nagoya,P004,B,4,2130,8520.0,C0291
2025-05-12,Nagoya,P006,A,3,3000,9000.0,C0023
2025-05-12,Nagoya,P002,C,2,1770,3540.0,C0183
2025-05-12,Nagoya,P003,A,3,1810,5430.0,C0055
2025-05-12,Nagoya,P006,A,3,2590,7770.0,C0105
2025-05-12,Nagoya,P006,A,2,2610,5220.0,C0250
2025-05-12,Nagoya,P009,A,2,3990,7980.0,C0158
2025-05-12,Nagoya,P015,A,3,1860,5580.0,C0169
2025-05-12,Nagoya,P012,A,1,1800,1800.0,C0180
2025-05-13,Tokyo,P006,A,3,3620,10860.0,C0199
2025-05-13,Tokyo,P003,A,2,4970,9940.0,C0266
2025-05-13,Tokyo,P012,A,1,2660,2660.0,C0016
2025-05-13,Tokyo,P005,C,4,2550,10200.0,C0051
2025-05-13,Tokyo,P011,C,4,3620,14480.0,C0242
2025-05-13,Tokyo,P011,C,3,4550,13650.0,C0097
2025-05-13,Tokyo,P007,B,3,3670,11010.0,C0143
2025-05-13,Tokyo,P007,B,1,3550,3550.0,C0037
2025-05-13,Tokyo,P008,C,2,4100,8200.0,C0143
2025-05-13,Tokyo,P001,B,3,1860,5580.0,C0114
2025-05-13,Tokyo,P005,C,1,4780,4780.0,C0076
2025-05-13,Tokyo,P008,C,4,2450,9800.0,C0281
2025-05-13,Tokyo,P007,B,4,2800,11200.0,C0005
2025-05-13,Tokyo,P014,C,4,4840,19360.0,C0038
2025-05-13,Tokyo,P013,B,2,4360,8720.0,C0289
2025-05-13,Tokyo,P003,A,2,2070,4140.0,C0092
2025-05-13,Tokyo,P009,A,2,3620,7240.0,C0202
2025-05-13,Tokyo,P004,B,1,3980,3980.0,C0055
2025-05-13,Osaka,P010,B,2,1750,3500.0,C0092
2025-05-13,Osaka,P008,C,4,4950,19800.0,C0219
2025-05-13,Osaka,P014,C,3,2630,7890.0,C0246
2025-05-13,Osaka,P005,C,4,4990,19960.0,C0117
2025-05-13,Osaka,P010,B,4,4130,16520.0,C0062
2025-05-13,Osaka,P015,A,3,1160,3480.0,C0036
2025-05-13,Osaka,P011,C,2,1430,2860.0,C0156
2025-05-13,Osaka,P009,A,1,2400,2400.0,C0139
2025-05-13,Osaka,P012,A,3,1340,4020.0,C0184
2025-05-13,Osaka,P014,C,1,4940,4940.0,C0029
2025-05-13,Osaka,P010,B,2,3920,7840.0,C0252
2025-05-13,Nagoya,P014,C,4,2230,8920.0,C0140
2025-05-13,Nagoya,P011,C,1,3300,3300.0,C0159
2025-05-13,Nagoya,P015,A,1,1370,1370.0,C0010
2025-05-13,Nagoya,P009,A,3,3370,10110.0,C0073
2025-05-13,Nagoya,P005,C,2,1180,2360.0,C0225
2025-05-13,Nagoya,P001,B,3,2810,8430.0,C0299
2025-05-13,Nagoya,P011,C,2,3800,7600.0,C0036
2025-05-13,Nagoya,P003,A,2,4430,8860.0,C0246
2025-05-13,Nagoya,P006,A,2,4850,9700.0,C0170
2025-05-13,Nagoya,P002,C,1,4340,4340.0,C0269
2025-05-13,Nagoya,P014,C,1,4290,4290.0,C0034
2025-05-13,Nagoya,P013,B,4,2440,9760.0,C0058
2025-05-13,Nagoya,P011,C,1,3310,3310.0,C0100
2025-05-13,Nagoya,P007,B,4,4970,19880.0,C0121
2025-05-13,Nagoya,P005,C,4,2650,10600.0,C0060
2025-05-13,Nagoya,P014,C,4,2150,8600.0,C0048
2025-05-13,Nagoya,P003,A,3,2230,6690.0,C0187
2025-05-13,Nagoya,P012,A,1,4430,4430.0,C0009
2025-05-14,Tokyo,P011,C,3,4910,14730.0,C0170
2025-05-14,Tokyo,P007,B,3,4040,12120.0,C0201
2025-05-14,Tokyo,P006,A,4,2200,8800.0,C0104
2025-05-14,Tokyo,P005,C,2,1850,3700.0,C0174
2025-05-14,Tokyo,P011,C,2,4690,9380.0,C0142
2025-05-14,Tokyo,P008,C,1,4610,4610.0,C0045
2025-05-14,Tokyo,P003,A,4,3070,12280.0,C0021
2025-05-14,Tokyo,P007,B,3,1040,3120.0,C0226
2025-05-14,Tokyo,P011,C,1,3470,3470.0,C0067
2025-05-14,Tokyo,P012,A,2,1800,3600.0,C0152
2025-05-14,Tokyo,P007,B,2,4510,9020.0,C0195
2025-05-14,Osaka,P004,B,3,1100,3300.0,C0265
2025-05-14,Osaka,P001,B,3,2380,7140.0,C0216
2025-05-14,Osaka,P006,A,1,4790,4790.0,C0230
2025-05-14,Osaka,P001,B,1,3120,3120.0,C0287
2025-05-14,Osaka,P009,A,1,3790,3790.0,C0128
2025-05-14,Osaka,P010,B,2,1030,2060.0,C0006
2025-05-14,Osaka,P010,B,3,2280,6840.0,C0025
2025-05-14,Osaka,P012,A,1,1750,1750.0,C0136
2025-05-14,Osaka,P011,C,4,3500,14000.0,C0288
2025-05-14,Osaka,P010,B,4,1700,6800.0,C0017
2025-05-14,Osaka,P011,C,4,3940,15760.0,C0103
2025-05-14,Osaka,P008,C,1,2360,2360.0,C0205
2025-05-14,Osaka,P003,A,2,2150,4300.0,C0147
2025-05-14,Osaka,P012,A,4,2630,10520.0,C0248
2025-05-14,Nagoya,P014,C,3,3200,9600.0,C0202
2025-05-14,Nagoya,P005,C,3,3830,11490.0,C0183
2025-05-14,Nagoya,P002,C,3,3840,11520.0,C0060
2025-05-14,Nagoya,P012,A,4,3150,12600.0,C0289
2025-05-14,Nagoya,P013,B,2,4530,9060.0,C0280
2025-05-14,Nagoya,P002,C,4,1010,4040.0,C0146
2025-05-14,Nagoya,P015,A,3,2060,6180.0,C0193
2025-05-14,Nagoya,P004,B,1,4640,4640.0,C0015
2025-05-14,Nagoya,P015,A,2,1250,2500.0,C0236
2025-05-14,Nagoya,P001,B,2,1960,3920.0,C0235
2025-05-14,Nagoya,P006,A,3,1280,3840.0,C0208
2025-05-14,Nagoya,P011,C,2,4520,9040.0,C0141
2025-05-14,Nagoya,P011,C,1,4730,4730.0,C0074
2025-05-14,Nagoya,P010,B,1,1170,1170.0,C0038
2025-05-14,Nagoya,P015,A,1,4510,4510.0,C0174
2025-05-14,Nagoya,P002,C,2,2910,5820.0,C0080
2025-05-14,Nagoya,P010,B,4,4530,,C0158
2025-05-15,Tokyo,P014,C,1,3530,3530.0,C0232
2025-05-15,Tokyo,P001,B,3,4650,13950.0,C0081
2025-05-15,Tokyo,P013,B,4,3540,14160.0,C0189
2025-05-15,Tokyo,P009,A,2,2810,5620.0,C0157
2025-05-15,Tokyo,P008,C,4,4070,16280.0,C0104
2025-05-15,Tokyo,P008,C,1,1700,1700.0,C0111
2025-05-15,Tokyo,P001,B,4,1500,6000.0,C0098
2025-05-15,Tokyo,P004,B,1,2470,2470.0,C0216
2025-05-15,Tokyo,P014,C,1,1950,1950.0,C0141
2025-05-15,Tokyo,P005,C,4,1890,7560.0,C0121
2025-05-15,Tokyo,P009,A,2,3460,6920.0,C0240
2025-05-15,Tokyo,P008,C,2,4800,9600.0,C0294
2025-05-15,Tokyo,P015,A,1,4340,4340.0,C0269
2025-05-15,Tokyo,P013,B,3,2460,7380.0,C0218
2025-05-15,Tokyo,P009,A,4,2400,9600.0,C0223
2025-05-15,Tokyo,P012,A,4,1680,6720.0,C0259
2025-05-15,Tokyo,P004,B,4,1150,4600.0,C0067
2025-05-15,Tokyo,P010,B,3,3750,11250.0,C0121
2025-05-15,Osaka,P010,B,3,3030,9090.0,C0113
2025-05-15,Osaka,P014,C,4,1720,6880.0,C0012
2025-05-15,Osaka,P003,A,1,3830,3830.0,C0186
2025-05-15,Osaka,P007,B,3,4230,12690.0,C0249
2025-05-15,Osaka,P007,B,3,3300,9900.0,C0284
2025-05-15,Osaka,P012,A,2,4540,9080.0,C0119
2025-05-15,Osaka,P012,A,4,4230,16920.0,C0033
2025-05-15,Osaka,P004,B,4,1490,5960.0,C0004
2025-05-15,Osaka,P004,B,2,1510,3020.0,C0046
2025-05-15,Osaka,P006,A,3,3170,9510.0,C0239
2025-05-15,Nagoya,P001,B,3,1650,4950.0,C0108
2025-05-15,Nagoya,P006,A,3,2020,6060.0,C0268
2025-05-15,Nagoya,P006,A,4,4800,19200.0,C0153
2025-05-15,Nagoya,P002,C,3,2690,8070.0,C0102
2025-05-15,Nagoya,P007,B,2,2120,4240.0,C0296
2025-05-15,Nagoya,P005,C,2,3850,7700.0,C0067
2025-05-15,Nagoya,P010,B,4,4250,17000.0,C0009
2025-05-15,Nagoya,P007,B,1,3420,3420.0,C0098
2025-05-15,Nagoya,P014,C,1,4400,4400.0,C0103
2025-05-15,Nagoya,P014,C,1,2070,2070.0,C0105
2025-05-15,Nagoya,P015,A,3,4260,12780.0,C0166
2025-05-15,Nagoya,P012,A,3,3670,11010.0,C0251
2025-05-15,Nagoya,P015,A,3,2760,,C0196
2025-05-15,Nagoya,P012,A,4,3790,15160.0,C0286
2025-05-15,Nagoya,P011,C,4,4000,16000.0,C0265
2025-05-15,Nagoya,P003,A,4,2390,9560.0,C0239
2025-05-15,Nagoya,P006,A,2,3990,7980.0,C0162
2025-05-15,Nagoya,P011,C,1,4330,4330.0,C0123
2025-05-15,Nagoya,P012,A,2,3380,6760.0,C0176
2025-05-16,Tokyo,P008,C,3,4340,13020.0,C0266
2025-05-16,Tokyo,P006,A,3,1690,5070.0,C0268
2025-05-16,Tokyo,P014,C,4,2940,11760.0,C0108
2025-05-16,Tokyo,P012,A,3,1840,5520.0,C0162
2025-05-16,Tokyo,P010,B,2,2480,4960.0,C0072
2025-05-16,Tokyo,P007,B,1,2200,2200.0,C0056
2025-05-16,Tokyo,P006,A,3,2510,7530.0,C0043
2025-05-16,Tokyo,P013,B,2,3330,6660.0,C0157
2025-05-16,Tokyo,P008,C,2,4020,8040.0,C0256
2025-05-16,Tokyo,P014,C,2,2360,4720.0,C0025
2025-05-16,Tokyo,P007,B,4,2040,8160.0,C0253
2025-05-16,Osaka,P010,B,3,4020,12060.0,C0030
2025-05-16,Osaka,P002,C,1,4060,4060.0,C0130
2025-05-16,Osaka,P004,B,1,2950,2950.0,C0120
2025-05-16,Osaka,P003,A,1,4010,4010.0,C0234
2025-05-16,Osaka,P004,B,2,2010,4020.0,C0123
2025-05-16,Osaka,P002,C,4,3880,15520.0,C0270
2025-05-16,Osaka,P005,C,4,3070,12280.0,C0060
2025-05-16,Osaka,P005,C,4,4090,16360.0,C0216
2025-05-16,Osaka,P004,B,3,4760,14280.0,C0015
2025-05-16,Osaka,P005,C,1,1410,1410.0,C0299
2025-05-16,Osaka,P004,B,1,1290,1290.0,C0294
2025-05-16,Osaka,P008,C,4,2000,8000.0,C0192
2025-05-16,Osaka,P014,C,3,3060,9180.0,C0063
2025-05-16,Osaka,P004,B,3,2800,8400.0,C0014
2025-05-16,Osaka,P003,A,2,1710,3420.0,C0166
2025-05-16,Osaka,P005,C,2,1430,2860.0,C0151
2025-05-16,Osaka,P003,A,3,4750,14250.0,C0273
2025-05-16,Nagoya,P013,B,4,3720,14880.0,C0077
2025-05-16,Nagoya,P008,C,4,3670,14680.0,C0109
2025-05-16,Nagoya,P003,A,1,2500,2500.0,C0241
2025-05-16,Nagoya,P009,A,1,4670,4670.0,C0122
2025-05-16,Nagoya,P006,A,4,2500,10000.0,C0185
2025-05-16,Nagoya,P014,C,3,3450,10350.0,C0106
2025-05-16,Nagoya,P014,C,1,2100,2100.0,C0297
2025-05-16,Nagoya,P008,C,1,2650,2650.0,C0077
2025-05-16,Nagoya,P008,C,1,2590,2590.0,C0272
2025-05-16,Nagoya,P002,C,4,1310,5240.0,C0137
2025-05-16,Nagoya,P011,C,4,2000,8000.0,C0016
2025-05-16,Nagoya,P012,A,4,3260,13040.0,C0019
2025-05-16,Nagoya,P008,C,2,2800,5600.0,C0017
2025-05-16,Nagoya,P005,C,4,1180,4720.0,C0274
2025-05-16,Nagoya,P008,C,3,4730,14190.0,C0066
2025-05-16,Nagoya,P015,A,2,2390,4780.0,C0135
2025-05-17,Tokyo,P005,C,4,1080,4320.0,C0200
2025-05-17,Tokyo,P010,B,3,3450,10350.0,C0224
2025-05-17,Tokyo,P014,C,1,2900,2900.0,C0169
2025-05-17,Tokyo,P006,A,4,3040,12160.0,C0178
2025-05-17,Tokyo,P003,A,2,3500,7000.0,C0129
2025-05-17,Tokyo,P012,A,1,1610,1610.0,C0102
2025-05-17,Tokyo,P005,C,4,4470,17880.0,C0142
2025-05-17,Tokyo,P008,C,2,3120,6240.0,C0212
2025-05-17,Tokyo,P011,C,4,3310,13240.0,C0102
2025-05-17,Tokyo,P002,C,3,4210,12630.0,C0166
2025-05-17,Tokyo,P014,C,2,1210,2420.0,C0190
2025-05-17,Tokyo,P002,C,1,3800,3800.0,C0130
2025-05-17,Tokyo,P010,B,3,2530,7590.0,C0183
2025-05-17,Tokyo,P009,A,3,3810,11430.0,C0114
2025-05-17,Tokyo,P008,C,3,1560,4680.0,C0064
2025-05-17,Tokyo,P002,C,1,2750,2750.0,C0281
2025-05-17,Osaka,P012,A,3,1810,5430.0,C0108
2025-05-17,Osaka,P012,A,4,4850,19400.0,C0117
2025-05-17,Osaka,P008,C,3,1220,3660.0,C0035
2025-05-17,Osaka,P001,B,3,1890,5670.0,C0210
2025-05-17,Osaka,P006,A,4,1460,5840.0,C0098
2025-05-17,Osaka,P004,B,2,3240,6480.0,C0051
2025-05-17,Osaka,P011,C,4,1170,4680.0,C0026
2025-05-17,Osaka,P015,A,3,4670,14010.0,C0211
2025-05-17,Osaka,P011,C,1,3040,3040.0,C0110
2025-05-17,Osaka,P013,B,1,1070,1070.0,C0167
2025-05-17,Osaka,P015,A,4,3370,13480.0,C0129
2025-05-17,Osaka,P005,C,4,1730,6920.0,C0038
2025-05-17,Osaka,P008,C,2,2980,5960.0,C0270
2025-05-17,Osaka,P005,C,4,1840,7360.0,C0097
2025-05-17,Osaka,P001,B,3,4430,13290.0,C0265
2025-05-17,Osaka,P003,A,4,1560,6240.0,C0188
2025-05-17,Osaka,P011,C,1,1440,1440.0,C0022
2025-05-17,Osaka,P011,C,3,1470,4410.0,C0150
2025-05-17,Osaka,P012,A,1,3420,3420.0,C0088
2025-05-17,Nagoya,P006,A,2,2980,5960.0,C0062
2025-05-17,Nagoya,P006,A,3,2540,7620.0,C0197
2025-05-17,Nagoya,P002,C,1,4460,4460.0,C0139
2025-05-17,Nagoya,P010,B,3,1580,4740.0,C0291
2025-05-17,Nagoya,P007,B,4,2660,10640.0,C0122
2025-05-17,Nagoya,P010,B,1,3430,3430.0,C0295
2025-05-17,Nagoya,P010,B,1,3790,3790.0,C0010
2025-05-17,Nagoya,P002,C,2,2210,4420.0,C0002
2025-05-17,Nagoya,P001,B,4,2810,11240.0,C0060
2025-05-17,Nagoya,P007,B,3,3930,11790.0,C0087
2025-05-17,Nagoya,P003,A,4,3520,14080.0,C0294
2025-05-17,Nagoya,P005,C,1,2520,2520.0,C0099
2025-05-18,Tokyo,P011,C,1,3350,3350.0,C0103
2025-05-18,Tokyo,P010,B,2,3140,6280.0,C0215
2025-05-18,Tokyo,P005,C,1,3820,3820.0,C0284
2025-05-18,Tokyo,P007,B,4,1730,6920.0,C0245
2025-05-18,Tokyo,P015,A,2,1590,3180.0,C0199
2025-05-18,Tokyo,P014,C,1,3560,3560.0,C0261
2025-05-18,Tokyo,P001,B,3,1300,3900.0,C0053
2025-05-18,Tokyo,P008,C,2,1340,2680.0,C0240
2025-05-18,Tokyo,P004,B,4,1700,6800.0,C0156
2025-05-18,Tokyo,P011,C,2,2660,5320.0,C0225
2025-05-18,Tokyo,P001,B,4,3750,15000.0,C0229
2025-05-18,Tokyo,P007,B,2,3280,6560.0,C0192
2025-05-18,Tokyo,P014,C,4,1210,4840.0,C0046
2025-05-18,Tokyo,P015,A,2,3320,6640.0,C0017
2025-05-18,Tokyo,P002,C,2,3860,7720.0,C0231
2025-05-18,Tokyo,P014,C,1,1800,1800.0,C0163
2025-05-18,Tokyo,P009,A,1,2780,2780.0,C0269
2025-05-18,Osaka,P013,B,2,3090,6180.0,C0192
2025-05-18,Osaka,P011,C,3,1410,4230.0,C0089
2025-05-18,Osaka,P013,B,1,3860,3860.0,C0156
2025-05-18,Osaka,P002,C,1,4920,4920.0,C0010
2025-05-18,Osaka,P001,B,1,3510,3510.0,C0277
2025-05-18,Osaka,P003,A,4,3870,15480.0,C0069
2025-05-18,Osaka,P002,C,2,1320,2640.0,C0034
2025-05-18,Osaka,P007,B,4,4970,19880.0,C0188
2025-05-18,Osaka,P005,C,2,3450,6900.0,C0052
2025-05-18,Osaka,P008,C,4,4360,17440.0,C0018
2025-05-18,Osaka,P005,C,2,3210,6420.0,C0056
2025-05-18,Nagoya,P014,C,2,2620,5240.0,C0132
2025-05-18,Nagoya,P001,B,4,4110,16440.0,C0100
2025-05-18,Nagoya,P009,A,2,1910,3820.0,C0091
2025-05-18,Nagoya,P002,C,4,3610,14440.0,C0279
2025-05-18,Nagoya,P001,B,3,3240,9720.0,C0187
2025-05-18,Nagoya,P015,A,2,1560,3120.0,C0004
2025-05-18,Nagoya,P008,C,1,1560,1560.0,C0045
2025-05-18,Nagoya,P005,C,1,2940,2940.0,C0196
2025-05-18,Nagoya,P005,C,1,3280,3280.0,C0026
2025-05-18,Nagoya,P012,A,2,2630,5260.0,C0075
2025-05-18,Nagoya,P005,C,1,3230,3230.0,C0044
2025-05-18,Nagoya,P011,C,2,3260,6520.0,C0161
2025-05-18,Nagoya,P010,B,4,3240,12960.0,C0255
2025-05-18,Nagoya,P004,B,4,2370,9480.0,C0188
2025-05-18,Nagoya,P008,C,4,2080,8320.0,C0156
2025-05-18,Nagoya,P003,A,3,1140,3420.0,C0124
2025-05-18,Nagoya,P001,B,2,2930,5860.0,C0100
2025-05-18,Nagoya,P006,A,1,3850,3850.0,C0239
2025-05-18,Nagoya,P007,B,1,1240,1240.0,C0202
2025-05-19,Tokyo,P013,B,2,2980,5960.0,C0049
2025-05-19,Tokyo,P002,C,4,2710,10840.0,C0149
2025-05-19,Tokyo,P006,A,2,4940,9880.0,C0245
2025-05-19,Tokyo,P011,C,2,3880,7760.0,C0102
2025-05-19,Tokyo,P008,C,1,3830,3830.0,C0019
2025-05-19,Tokyo,P011,C,3,1260,3780.0,C0152
2025-05-19,Tokyo,P004,B,2,1050,2100.0,C0216
2025-05-19,Tokyo,P008,C,2,4500,9000.0,C0193
2025-05-19,Tokyo,P010,B,1,3000,3000.0,C0210
2025-05-19,Tokyo,P014,C,3,1680,5040.0,C0203
2025-05-19,Tokyo,P002,C,2,4660,9320.0,C0240
2025-05-19,Tokyo,P014,C,2,3730,7460.0,C0210
2025-05-19,Tokyo,P004,B,4,4870,19480.0,C0033
2025-05-19,Tokyo,P012,A,2,3690,7380.0,C0166
2025-05-19,Tokyo,P004,B,1,3050,3050.0,C0251
2025-05-19,Tokyo,P013,B,2,4440,8880.0,C0107
2025-05-19,Tokyo,P009,A,2,3090,6180.0,C0159
2025-05-19,Tokyo,P011,C,2,3110,6220.0,C0195
2025-05-19,Tokyo,P007,B,3,1340,4020.0,C0261
2025-05-19,Osaka,P014,C,4,4790,19160.0,C0008
2025-05-19,Osaka,P004,B,1,2670,2670.0,C0271
2025-05-19,Osaka,P012,A,3,4390,13170.0,C0002
2025-05-19,Osaka,P012,A,2,3760,7520.0,C0229
2025-05-19,Osaka,P011,C,2,3440,6880.0,C0141
2025-05-19,Osaka,P010,B,2,2570,5140.0,C0061
2025-05-19,Osaka,P006,A,3,4480,13440.0,C0031
2025-05-19,Osaka,P003,A,3,3810,11430.0,C0051
2025-05-19,Osaka,P005,C,1,1210,1210.0,C0043
2025-05-19,Osaka,P011,C,4,2990,11960.0,C0053
2025-05-19,Osaka,P014,C,2,1610,3220.0,C0042
2025-05-19,Nagoya,P012,A,2,2780,5560.0,C0102
2025-05-19,Nagoya,P015,A,3,3650,10950.0,C0131
2025-05-19,Nagoya,P008,C,4,3620,14480.0,C0244
2025-05-19,Nagoya,P001,B,4,4800,19200.0,C0200
2025-05-19,Nagoya,P015,A,3,2100,6300.0,C0182
2025-05-19,Nagoya,P010,B,1,1800,1800.0,C0088
2025-05-19,Nagoya,P009,A,1,4080,4080.0,C0033
2025-05-19,Nagoya,P015,A,3,2350,7050.0,C0112
2025-05-19,Nagoya,P011,C,1,3860,3860.0,C0166
2025-05-19,Nagoya,P004,B,4,3510,14040.0,C0049
2025-05-19,Nagoya,P010,B,2,4050,8100.0,C0148
2025-05-19,Nagoya,P015,A,4,1160,4640.0,C0123
2025-05-19,Nagoya,P004,B,2,1580,3160.0,C0161
2025-05-20,Tokyo,P010,B,2,4970,9940.0,C0263
2025-05-20,Tokyo,P010,B,2,3860,7720.0,C0200
2025-05-20,Tokyo,P003,A,2,4960,9920.0,C0096
2025-05-20,Tokyo,P001,B,4,4730,18920.0,C0197
2025-05-20,Tokyo,P010,B,2,2430,4860.0,C0274
2025-05-20,Tokyo,P013,B,2,2250,4500.0,C0057
2025-05-20,Tokyo,P001,B,2,3210,6420.0,C0202
2025-05-20,Tokyo,P013,B,2,1660,3320.0,C0253
2025-05-20,Tokyo,P012,A,3,1150,3450.0,C0140
2025-05-20,Tokyo,P010,B,4,3030,12120.0,C0139
2025-05-20,Tokyo,P006,A,2,1060,2120.0,C0032
2025-05-20,Osaka,P006,A,4,2580,10320.0,C0299
2025-05-20,Osaka,P003,A,1,3350,3350.0,C0240
2025-05-20,Osaka,P003,A,3,1890,5670.0,C0221
2025-05-20,Osaka,P009,A,3,2070,6210.0,C0087
2025-05-20,Osaka,P010,B,2,3760,7520.0,C0047
2025-05-20,Osaka,P005,C,1,1340,1340.0,C0079
2025-05-20,Osaka,P008,C,1,1370,1370.0,C0263
2025-05-20,Osaka,P008,C,3,3900,11700.0,C0031
2025-05-20,Osaka,P010,B,4,2790,11160.0,C0258
2025-05-20,Osaka,P015,A,3,1400,4200.0,C0185
2025-05-20,Osaka,P014,C,3,4200,12600.0,C0161
2025-05-20,Osaka,P007,B,4,1610,6440.0,C0134
2025-05-20,Osaka,P003,A,3,4680,14040.0,C0299
2025-05-20,Osaka,P004,B,3,4490,13470.0,C0250
2025-05-20,Osaka,P008,C,1,2840,2840.0,C0233
2025-05-20,Osaka,P010,B,2,1860,3720.0,C0195
2025-05-20,Osaka,P007,B,2,4750,9500.0,C0003
2025-05-20,Nagoya,P014,C,4,2210,8840.0,C0298
2025-05-20,Nagoya,P004,B,1,2220,2220.0,C0159
2025-05-20,Nagoya,P001,B,1,4160,4160.0,C0186
2025-05-20,Nagoya,P010,B,4,1910,7640.0,C0269
2025-05-20,Nagoya,P006,A,4,4130,16520.0,C0064
2025-05-20,Nagoya,P004,B,3,3010,9030.0,C0071
2025-05-20,Nagoya,P004,B,4,4010,16040.0,C0058
2025-05-20,Nagoya,P011,C,1,2780,2780.0,C0004
2025-05-20,Nagoya,P010,B,1,1940,1940.0,C0057
2025-05-20,Nagoya,P003,A,1,3210,3210.0,C0260
2025-05-20,Nagoya,P005,C,4,3170,12680.0,C0077
2025-05-20,Nagoya,P001,B,4,1090,4360.0,C0127
2025-05-21,Tokyo,P012,A,4,2290,9160.0,C0094
2025-05-21,Tokyo,P009,A,3,2520,7560.0,C0110
2025-05-21,Tokyo,P003,A,2,3340,6680.0,C0220
2025-05-21,Tokyo,P012,A,3,4010,12030.0,C0178
2025-05-21,Tokyo,P006,A,2,3070,6140.0,C0092
2025-05-21,Tokyo,P012,A,1,1210,1210.0,C0147
2025-05-21,Tokyo,P002,C,1,2500,2500.0,C0002
2025-05-21,Tokyo,P004,B,3,2490,7470.0,C0269
2025-05-21,Tokyo,P002,C,3,3360,10080.0,C0193
2025-05-21,Tokyo,P011,C,1,4160,4160.0,C0100
2025-05-21,Osaka,P005,C,2,3800,7600.0,C0280
2025-05-21,Osaka,P014,C,3,3150,9450.0,C0158
2025-05-21,Osaka,P015,A,1,4810,4810.0,C0195
2025-05-21,Osaka,P010,B,3,4240,12720.0,C0205
2025-05-21,Osaka,P002,C,4,3910,15640.0,C0274
2025-05-21,Osaka,P015,A,4,1170,4680.0,C0189
2025-05-21,Osaka,P015,A,4,3190,12760.0,C0273
2025-05-21,Osaka,P014,C,1,4530,4530.0,C0191
2025-05-21,Osaka,P009,A,1,4670,4670.0,C0089
2025-05-21,Osaka,P007,B,2,4870,9740.0,C0145
2025-05-21,Osaka,P002,C,1,4920,4920.0,C0071
2025-05-21,Osaka,P012,A,1,4580,4580.0,C0195
2025-05-21,Osaka,P004,B,4,2190,8760.0,C0299
2025-05-21,Osaka,P009,A,2,1230,2460.0,C0078
2025-05-21,Osaka,P001,B,4,1400,5600.0,C0034
2025-05-21,Osaka,P002,C,4,4880,19520.0,C0214
2025-05-21,Nagoya,P008,C,4,1380,5520.0,C0238
2025-05-21,Nagoya,P001,B,4,3170,12680.0,C0266
2025-05-21,Nagoya,P007,B,4,4370,17480.0,C0098
2025-05-21,Nagoya,P010,B,2,2720,5440.0,C0240
2025-05-21,Nagoya,P004,B,1,2920,2920.0,C0246
2025-05-21,Nagoya,P003,A,2,3660,7320.0,C0143
2025-05-21,Nagoya,P010,B,3,4240,12720.0,C0262
2025-05-21,Nagoya,P007,B,2,2110,4220.0,C0133
2025-05-21,Nagoya,P013,B,3,3760,11280.0,C0126
2025-05-21,Nagoya,P011,C,3,3110,9330.0,C0280
2025-05-22,Tokyo,P003,A,1,4810,4810.0,C0121
2025-05-22,Tokyo,P005,C,4,3400,13600.0,C0040
2025-05-22,Tokyo,P002,C,4,4050,16200.0,C0106
2025-05-22,Tokyo,P013,B,1,4470,4470.0,C0024
2025-05-22,Tokyo,P010,B,4,3470,13880.0,C0233
2025-05-22,Tokyo,P006,A,2,2060,4120.0,C0035
2025-05-22,Tokyo,P005,C,1,4020,4020.0,C0064
2025-05-22,Tokyo,P003,A,3,3150,9450.0,C0065
2025-05-22,Tokyo,P011,C,1,4140,4140.0,C0010
2025-05-22,Tokyo,P009,A,3,2490,7470.0,C0207
2025-05-22,Tokyo,P006,A,3,1890,5670.0,C0171
2025-05-22,Tokyo,P012,A,4,2440,9760.0,C0142
2025-05-22,Tokyo,P008,C,4,4850,19400.0,C0194
2025-05-22,Tokyo,P013,B,1,4030,4030.0,C0243
2025-05-22,Tokyo,P011,C,3,4590,13770.0,C0196
2025-05-22,Tokyo,P013,B,1,3660,3660.0,C0131
2025-05-22,Tokyo,P014,C,4,4370,17480.0,C0065
2025-05-22,Tokyo,P008,C,1,4910,4910.0,C0077
2025-05-22,Osaka,P008,C,4,4280,17120.0,C0233
2025-05-22,Osaka,P010,B,1,4670,4670.0,C0019
2025-05-22,Osaka,P007,B,2,2560,5120.0,C0293
2025-05-22,Osaka,P004,B,3,1870,5610.0,C0273
2025-05-22,Osaka,P012,A,2,1320,2640.0,C0046
2025-05-22,Osaka,P004,B,2,4540,9080.0,C0036
2025-05-22,Osaka,P009,A,2,1180,2360.0,C0186
2025-05-22,Osaka,P011,C,4,3020,12080.0,C0098
2025-05-22,Osaka,P013,B,1,3720,3720.0,C0283
2025-05-22,Osaka,P001,B,4,1820,7280.0,C0144
2025-05-22,Osaka,P004,B,1,3800,3800.0,C0145
2025-05-22,Osaka,P008,C,2,3980,7960.0,C0289
2025-05-22,Osaka,P008,C,1,2300,2300.0,C0149
2025-05-22,Osaka,P002,C,1,1810,1810.0,C0291
2025-05-22,Osaka,P007,B,4,3200,12800.0,C0152
2025-05-22,Osaka,P015,A,3,1950,5850.0,C0085
2025-05-22,Nagoya,P001,B,1,1290,1290.0,C0214
2025-05-22,Nagoya,P007,B,1,3960,3960.0,C0197
2025-05-22,Nagoya,P011,C,1,4490,4490.0,C0054
2025-05-22,Nagoya,P009,A,3,1870,5610.0,C0113
2025-05-22,Nagoya,P001,B,2,3700,7400.0,C0093
2025-05-22,Nagoya,P009,A,4,1930,7720.0,C0087
2025-05-22,Nagoya,P002,C,3,1810,5430.0,C0256
2025-05-22,Nagoya,P005,C,3,1750,5250.0,C0097
2025-05-22,Nagoya,P003,A,3,1110,3330.0,C0025
2025-05-22,Nagoya,P008,C,3,2310,6930.0,C0129
2025-05-22,Nagoya,P007,B,4,2780,11120.0,C0254
2025-05-22,Nagoya,P004,B,1,2610,2610.0,C0025
2025-05-22,Nagoya,P011,C,2,2460,4920.0,C0160
2025-05-22,Nagoya,P002,C,2,4880,9760.0,C0188
2025-05-22,Nagoya,P009,A,3,2870,8610.0,C0281
2025-05-22,Nagoya,P014,C,2,4690,9380.0,C0025
2025-05-23,Tokyo,P005,C,3,3420,10260.0,C0142
2025-05-23,Tokyo,P004,B,3,2070,6210.0,C0149
2025-05-23,Tokyo,P006,A,4,3980,15920.0,C0053
2025-13-40,Tokyo,P015,A,3,2400,7200.0,C0159
2025-05-23,Tokyo,P003,A,1,2680,2680.0,C0234
2025-05-23,Tokyo,P006,A,2,4960,9920.0,C0296
2025-05-23,Tokyo,P007,B,1,3710,3710.0,C0214
2025-05-23,Tokyo,P014,C,4,3510,14040.0,C0033
2025-13-40,Tokyo,P004,B,3,3420,10260.0,C0131
2025-05-23,Tokyo,P007,B,3,2680,8040.0,C0047
2025-05-23,Tokyo,P015,A,2,2110,4220.0,C0021
2025-05-23,Tokyo,P008,C,4,1630,6520.0,C0074
2025-05-23,Tokyo,P003,A,1,3410,3410.0,C0090
2025-05-23,Osaka,P007,B,3,1350,4050.0,C0099
2025-05-23,Osaka,P007,B,1,2670,2670.0,C0141
2025-05-23,Osaka,P007,B,3,4180,12540.0,C0231
2025-05-23,Osaka,P001,B,3,4610,13830.0,C0261
2025-05-23,Osaka,P005,C,4,4200,16800.0,C0110
2025-05-23,Osaka,P014,C,3,4000,12000.0,C0224
2025-05-23,Osaka,P012,A,4,4420,17680.0,C0127
2025-05-23,Osaka,P009,A,3,4420,13260.0,C0118
2025-05-23,Osaka,P005,C,3,4810,14430.0,C0273
2025-05-23,Osaka,P003,A,4,4150,16600.0,C0047
2025-05-23,Osaka,P001,B,1,4710,4710.0,C0226
2025-05-23,Osaka,P009,A,3,2650,7950.0,C0271
2025-05-23,Osaka,P003,A,2,1800,3600.0,C0254
2025-05-23,Osaka,P009,A,3,4670,14010.0,C0059
2025-05-23,Osaka,P015,A,1,4010,4010.0,C0211
2025-05-23,Osaka,P013,B,1,4830,4830.0,C0238
2025-05-23,Osaka,P002,C,3,4260,12780.0,C0143
2025-05-23,Nagoya,P005,C,3,4930,14790.0,C0182
2025-05-23,Nagoya,P011,C,4,4110,16440.0,C0120
2025-05-23,Nagoya,P012,A,2,3330,6660.0,C0091
2025-05-23,Nagoya,P015,A,3,3330,9990.0,C0136
2025-05-23,Nagoya,P008,C,4,2090,8360.0,C0248
2025-05-23,Nagoya,P005,C,1,3940,3940.0,C0212
2025-05-23,Nagoya,P006,A,3,3910,11730.0,C0236
2025-05-23,Nagoya,P015,A,4,2750,11000.0,C0069
2025-05-23,Nagoya,P002,C,3,3660,10980.0,C0207
2025-05-23,Nagoya,P001,B,3,4140,12420.0,C0216
2025-05-23,Nagoya,P008,C,1,2950,2950.0,C0193
2025-05-23,Nagoya,P009,A,3,3060,9180.0,C0166
2025-05-23,Nagoya,P005,C,3,2120,6360.0,C0147
2025-05-24,Tokyo,P011,C,4,3530,14120.0,C0041
2025-05-24,Tokyo,P011,C,2,1190,2380.0,C0058
2025-05-24,Tokyo,P015,A,2,1800,3600.0,C0040
2025-05-24,Tokyo,P010,B,4,2410,9640.0,C0031
2025-05-24,Tokyo,P006,A,3,1450,4350.0,C0081
2025-05-24,Tokyo,P001,B,2,1680,3360.0,C0060
2025-05-24,Tokyo,P002,C,3,2950,8850.0,C0284
2025-05-24,Tokyo,P006,A,1,1810,1810.0,C0285
2025-05-24,Tokyo,P009,A,2,3610,7220.0,C0167
2025-05-24,Tokyo,P002,C,3,1470,4410.0,C0060
2025-05-24,Tokyo,P011,C,2,1880,3760.0,C0021
2025-05-24,Tokyo,P009,A,3,1810,5430.0,C0125
2025-05-24,Tokyo,P006,A,4,4160,16640.0,C0082
2025-05-24,Tokyo,P008,C,4,2380,9520.0,C0043
2025-05-24,Osaka,P010,B,4,2230,8920.0,C0018
2025-05-24,Osaka,P003,A,2,1370,2740.0,C0011
2025-05-24,Osaka,P010,B,4,1930,7720.0,C0157
2025-05-24,Osaka,P009,A,3,4910,14730.0,C0265
2025-05-24,Osaka,P005,C,4,1130,4520.0,C0288
2025-05-24,Osaka,P003,A,1,1470,1470.0,C0037
2025-05-24,Osaka,P007,B,3,3970,11910.0,C0005
2025-05-24,Osaka,P005,C,1,1580,1580.0,C0224
2025-05-24,Osaka,P010,B,1,2200,2200.0,C0277
2025-05-24,Osaka,P009,A,1,4730,4730.0,C0060
2025-05-24,Osaka,P005,C,3,3040,9120.0,C0021
2025-05-24,Osaka,P013,B,1,3760,3760.0,C0100
2025-05-24,Nagoya,P014,C,4,4680,18720.0,C0162
2025-05-24,Nagoya,P001,B,3,2840,8520.0,C0215
2025-05-24,Nagoya,P004,B,3,2760,8280.0,C0201
2025-05-24,Nagoya,P007,B,2,1850,3700.0,C0248
2025-05-24,Nagoya,P002,C,1,2700,2700.0,C0047
2025-05-24,Nagoya,P014,C,2,1960,3920.0,C0076
2025-05-24,Nagoya,P003,A,3,2920,8760.0,C0070
2025-05-24,Nagoya,P014,C,3,2610,7830.0,C0154
2025-05-24,Nagoya,P010,B,1,4230,4230.0,C0078
2025-05-24,Nagoya,P001,B,3,4500,13500.0,C0220
2025-05-24,Nagoya,P005,C,2,3380,6760.0,C0070
2025-05-24,Nagoya,P013,B,2,1860,3720.0,C0029
2025-05-24,Nagoya,P011,C,1,4220,4220.0,C0291
2025-05-24,Nagoya,P002,C,1,4730,4730.0,C0038
2025-05-24,Nagoya,P007,B,4,1550,6200.0,C0199
2025-05-24,Nagoya,P006,A,2,4720,9440.0,C0195
2025-05-24,Nagoya,P005,C,4,3320,13280.0,C0030
2025-05-25,Tokyo,P004,B,3,4440,13320.0,C0012
2025-05-25,Tokyo,P012,A,4,4970,19880.0,C0198
2025-05-25,Tokyo,P005,C,1,4770,4770.0,C0124
2025-05-25,Tokyo,P006,A,3,3860,11580.0,C0242
2025-05-25,Tokyo,P014,C,4,1680,6720.0,C0051
2025-05-25,Tokyo,P004,B,3,3320,9960.0,C0257
2025-05-25,Tokyo,P013,B,4,1310,5240.0,C0208
2025-05-25,Tokyo,P013,B,4,2370,9480.0,C0233
2025-05-25,Tokyo,P007,B,1,2350,2350.0,C0076
2025-05-25,Tokyo,P014,C,1,1520,1520.0,C0174
2025-05-25,Tokyo,P009,A,3,1590,4770.0,C0150
2025-05-25,Tokyo,P014,C,1,4190,4190.0,C0038
2025-05-25,Tokyo,P004,B,4,2190,8760.0,C0157
2025-05-25,Osaka,P010,B,2,2770,5540.0,C0245
2025-05-25,Osaka,P009,A,3,4220,12660.0,C0128
2025-05-25,Osaka,P013,B,3,4530,13590.0,C0137
2025-05-25,Osaka,P009,A,1,1440,1440.0,C0033
2025-05-25,Osaka,P010,B,2,2150,4300.0,C0181
2025-05-25,Osaka,P006,A,1,3220,3220.0,C0165
2025-05-25,Osaka,P003,A,2,1940,3880.0,C0208
2025-05-25,Osaka,P004,B,1,2060,2060.0,C0141
2025-05-25,Osaka,P012,A,1,4520,4520.0,C0099
2025-05-25,Osaka,P006,A,1,2100,2100.0,C0141
2025-05-25,Osaka,P010,B,4,3090,12360.0,C0030
2025-05-25,Osaka,P006,A,3,3550,10650.0,C0175
2025-05-25,Osaka,P008,C,3,4970,14910.0,C0180
2025-05-25,Nagoya,P006,A,2,3840,7680.0,C0257
2025-05-25,Nagoya,P012,A,3,4110,12330.0,C0010
2025-05-25,Nagoya,P005,C,1,3610,3610.0,C0226
2025-05-25,Nagoya,P003,A,1,2980,2980.0,C0290
2025-05-25,Nagoya,P001,B,4,1770,7080.0,C0081
2025-05-25,Nagoya,P010,B,3,4490,13470.0,C0002
2025-05-25,Nagoya,P001,B,2,3230,6460.0,C0078
2025-05-25,Nagoya,P010,B,2,4720,9440.0,C0054
2025-05-25,Nagoya,P010,B,3,1410,4230.0,C0181
2025-05-25,Nagoya,P003,A,3,3540,10620.0,C0022
2025-05-25,Nagoya,P004,B,2,4710,9420.0,C0067
2025-05-25,Nagoya,P014,C,3,4790,14370.0,C0249
2025-05-25,Nagoya,P005,C,3,3860,11580.0,C0024
2025-05-25,Nagoya,P010,B,2,1140,2280.0,C0260
2025-05-25,Nagoya,P004,B,4,1820,7280.0,C0162
2025-05-26,Tokyo,P014,C,4,4080,16320.0,C0253
2025-05-26,Tokyo,P012,A,2,4680,9360.0,C0159
2025-05-26,Tokyo,P006,A,1,3830,3830.0,C0083
2025-05-26,Tokyo,P010,B,1,3530,3530.0,C0193
2025-05-26,Tokyo,P008,C,3,4970,14910.0,C0251
2025-05-26,Tokyo,P007,B,4,4810,19240.0,C0048
2025-05-26,Tokyo,P006,A,3,3050,9150.0,C0041
2025-05-26,Tokyo,P008,C,2,3950,7900.0,C0155
2025-05-26,Tokyo,P003,A,1,2140,2140.0,C0047
2025-05-26,Tokyo,P014,C,2,3530,7060.0,C0039
2025-05-26,Tokyo,P007,B,4,3570,14280.0,C0087
2025-05-26,Tokyo,P012,A,3,1940,5820.0,C0298
2025-05-26,Tokyo,P015,A,3,1130,3390.0,C0124
2025-05-26,Osaka,P014,C,3,1880,5640.0,C0153
2025-05-26,Osaka,P003,A,2,3140,6280.0,C0153
2025-05-26,Osaka,P007,B,2,4180,8360.0,C0152
2025-05-26,Osaka,P001,B,3,3470,10410.0,C0209
2025-05-26,Osaka,P011,C,1,4880,4880.0,C0297
2025-05-26,Osaka,P003,A,1,1980,1980.0,C0289
2025-05-26,Osaka,P014,C,2,3520,7040.0,C0073
2025-05-26,Osaka,P001,B,1,1300,1300.0,C0254
2025-05-26,Osaka,P012,A,1,3260,3260.0,C0062
2025-05-26,Osaka,P009,A,4,4510,18040.0,C0250
2025-05-26,Osaka,P004,B,1,1640,1640.0,C0039
2025-05-26,Osaka,P010,B,3,4520,13560.0,C0028
2025-05-26,Osaka,P004,B,3,3720,11160.0,C0128
2025-05-26,Osaka,P003,A,2,1680,3360.0,C0161
2025-05-26,Osaka,P014,C,1,1470,1470.0,C0221
2025-05-26,Nagoya,P015,A,4,2610,10440.0,C0109
2025-05-26,Nagoya,P006,A,2,4350,8700.0,C0240
2025-05-26,Nagoya,P004,B,1,3160,3160.0,C0195
2025-05-26,Nagoya,P011,C,2,2920,5840.0,C0032
2025-05-26,Nagoya,P007,B,3,2210,6630.0,C0096
2025-05-26,Nagoya,P007,B,4,3410,13640.0,C0275
2025-05-26,Nagoya,P001,B,4,1170,4680.0,C0097
2025-05-26,Nagoya,P007,B,1,4950,4950.0,C0267
2025-05-26,Nagoya,P009,A,2,4040,8080.0,C0212
2025-05-26,Nagoya,P008,C,4,1770,7080.0,C0084
2025-05-27,Tokyo,P002,C,1,3490,3490.0,C0256
2025-05-27,Tokyo,P009,A,2,2080,4160.0,C0031
2025-05-27,Tokyo,P009,A,1,4160,4160.0,C0123
2025-05-27,Tokyo,P006,A,1,1960,1960.0,C0004
2025-05-27,Tokyo,P011,C,2,4140,8280.0,C0170
2025-05-27,Tokyo,P015,A,4,1590,6360.0,C0035
2025-05-27,Tokyo,P014,C,2,4060,8120.0,C0188
2025-05-27,Tokyo,P011,C,2,2250,4500.0,C0166
2025-05-27,Tokyo,P001,B,2,3030,6060.0,C0062
2025-05-27,Tokyo,P005,C,4,2150,8600.0,C0270
2025-05-27,Osaka,P011,C,1,1820,1820.0,C0280
2025-05-27,Osaka,P001,B,3,3380,10140.0,C0251
2025-05-27,Osaka,P014,C,2,3010,6020.0,C0190
2025-05-27,Osaka,P015,A,3,1480,4440.0,C0277
2025-05-27,Osaka,P008,C,1,1760,1760.0,C0062
2025-05-27,Osaka,P011,C,4,2760,11040.0,C0030
2025-05-27,Osaka,P014,C,3,3280,9840.0,C0019
2025-05-27,Osaka,P015,A,1,3440,3440.0,C0179
2025-05-27,Osaka,P008,C,3,2590,7770.0,C0172
2025-05-27,Osaka,P006,A,2,3710,7420.0,C0222
2025-05-27,Osaka,P003,A,4,1380,5520.0,C0083
2025-05-27,Osaka,P006,A,2,2400,4800.0,C0097
2025-05-27,Osaka,P007,B,4,4300,17200.0,C0105
2025-05-27,Osaka,P004,B,3,1230,3690.0,C0134
2025-05-27,Osaka,P004,B,3,1310,3930.0,C0248
2025-05-27,Osaka,P005,C,3,3280,9840.0,C0143
2025-05-27,Osaka,P007,B,2,4090,8180.0,C0155
2025-05-27,Osaka,P004,B,2,2750,5500.0,C0253
2025-05-27,Osaka,P015,A,2,2580,5160.0,C0039
2025-05-27,Nagoya,P004,B,4,3130,12520.0,C0067
2025-05-27,Nagoya,P014,C,4,2200,8800.0,C0036
2025-05-27,Nagoya,P004,B,2,2620,5240.0,C0246
2025-05-27,Nagoya,P015,A,3,4380,13140.0,C0038
2025-05-27,Nagoya,P003,A,4,3450,13800.0,C0071
2025-05-27,Nagoya,P012,A,1,4070,4070.0,C0265
2025-05-27,Nagoya,P008,C,3,3920,11760.0,C0264
2025-05-27,Nagoya,P009,A,2,1800,3600.0,C0107
2025-05-27,Nagoya,P001,B,3,2470,7410.0,C0213
2025-05-27,Nagoya,P001,B,2,2580,5160.0,C0027
2025-05-27,Nagoya,P013,B,3,4370,13110.0,C0240
2025-05-27,Nagoya,P001,B,4,1270,5080.0,C0261
2025-05-27,Nagoya,P011,C,4,2990,11960.0,C0048
2025-05-27,Nagoya,P003,A,1,4220,4220.0,C0160
2025-05-27,Nagoya,P004,B,1,1310,1310.0,C0078
2025-05-28,Tokyo,P014,C,3,4980,14940.0,C0118
2025-05-28,Tokyo,P005,C,3,1530,4590.0,C0273
2025-05-28,Tokyo,P012,A,1,1740,1740.0,C0188
2025-05-28,Tokyo,P012,A,1,3980,3980.0,C0142
2025-05-28,Tokyo,P011,C,2,2810,5620.0,C0117
2025-05-28,Tokyo,P003,A,1,1670,1670.0,C0240
2025-05-28,Tokyo,P007,B,2,4420,8840.0,C0266
2025-05-28,Tokyo,P004,B,2,2640,5280.0,C0252
2025-05-28,Tokyo,P011,C,3,1940,5820.0,C0116
2025-05-28,Tokyo,P001,B,3,4670,14010.0,C0236
2025-05-28,Tokyo,P005,C,2,4830,9660.0,C0128
2025-05-28,Tokyo,P013,B,3,2990,8970.0,C0175
2025-05-28,Tokyo,P004,B,2,2210,4420.0,C0227
2025-05-28,Tokyo,P010,B,2,4290,8580.0,C0136
2025-05-28,Tokyo,P015,A,3,4540,13620.0,C0296
2025-05-28,Tokyo,P005,C,2,4340,8680.0,C0070
2025-05-28,Tokyo,P012,A,1,4470,4470.0,C0207
2025-05-28,Osaka,P007,B,3,2550,7650.0,C0119
2025-05-28,Osaka,P004,B,1,4560,4560.0,C0225
2025-05-28,Osaka,P007,B,4,3430,13720.0,C0180
2025-05-28,Osaka,P002,C,3,1430,4290.0,C0205
2025-05-28,Osaka,P002,C,3,2460,7380.0,C0040
2025-05-28,Osaka,P008,C,1,1970,1970.0,C0267
2025-05-28,Osaka,P006,A,2,1020,2040.0,C0090
2025-05-28,Osaka,P006,A,3,1470,4410.0,C0279
2025-05-28,Osaka,P002,C,3,1010,3030.0,C0246
2025-05-28,Osaka,P011,C,4,4720,18880.0,C0250
2025-05-28,Osaka,P010,B,4,1380,5520.0,C0193
2025-05-28,Osaka,P015,A,2,4900,9800.0,C0152
2025-05-28,Osaka,P008,C,2,1430,2860.0,C0263
2025-05-28,Osaka,P011,C,2,4840,9680.0,C0055
2025-05-28,Osaka,P012,A,2,3490,6980.0,C0012
2025-05-28,Nagoya,P011,C,4,2380,9520.0,C0022
2025-05-28,Nagoya,P001,B,1,2190,2190.0,C0249
2025-05-28,Nagoya,P003,A,1,1120,1120.0,C0115
2025-05-28,Nagoya,P010,B,2,2980,5960.0,C0073
2025-05-28,Nagoya,P013,B,1,1800,1800.0,C0170
2025-05-28,Nagoya,P013,B,2,1270,2540.0,C0165
2025-05-28,Nagoya,P005,C,2,4680,9360.0,C0282
2025-05-28,Nagoya,P004,B,3,3160,9480.0,C0288
2025-05-28,Nagoya,P015,A,2,1100,2200.0,C0001
2025-05-28,Nagoya,P001,B,4,3950,15800.0,C0248
2025-05-28,Nagoya,P003,A,1,1680,1680.0,C0187
2025-05-28,Nagoya,P001,B,3,4550,13650.0,C0044
2025-05-28,Nagoya,P012,A,3,4770,14310.0,C0073
2025-05-28,Nagoya,P004,B,1,3820,3820.0,C0260
2025-05-28,Nagoya,P001,B,2,3890,7780.0,C0234
2025-05-28,Nagoya,P014,C,3,4680,14040.0,C0298
2025-05-29,Tokyo,P007,B,2,2710,5420.0,C0285
2025-05-29,Tokyo,P005,C,4,3500,14000.0,C0019
2025-05-29,Tokyo,P008,C,1,3910,3910.0,C0134
2025-05-29,Tokyo,P006,A,1,1520,1520.0,C0229
2025-05-29,Tokyo,P013,B,2,4310,8620.0,C0166
2025-05-29,Tokyo,P006,A,2,3760,7520.0,C0272
2025-05-29,Tokyo,P008,C,2,4040,8080.0,C0158
2025-05-29,Tokyo,P006,A,2,3140,6280.0,C0042
2025-05-29,Tokyo,P001,B,3,1690,5070.0,C0159
2025-05-29,Tokyo,P012,A,1,2520,2520.0,C0293
2025-05-29,Tokyo,P001,B,4,1670,6680.0,C0271
2025-05-29,Tokyo,P007,B,1,3870,,C0045
2025-05-29,Tokyo,P006,A,3,3980,11940.0,C0126
2025-05-29,Tokyo,P013,B,2,2360,4720.0,C0101
2025-05-29,Tokyo,P013,B,3,1500,4500.0,C0225
2025-05-29,Tokyo,P007,B,2,1390,2780.0,C0299
2025-05-29,Tokyo,P001,B,4,1250,5000.0,C0152
2025-05-29,Tokyo,P002,C,2,4340,8680.0,C0177
2025-05-29,Tokyo,P009,A,1,4780,4780.0,C0113
2025-05-29,Osaka,P014,C,3,3930,11790.0,C0056
2025-05-29,Osaka,P007,B,3,1700,5100.0,C0116
2025-05-29,Osaka,P013,B,4,4290,17160.0,C0280
2025-05-29,Osaka,P015,A,1,4420,4420.0,C0186
2025-05-29,Osaka,P013,B,3,1490,4470.0,C0169
2025-05-29,Osaka,P012,A,1,3010,3010.0,C0196
2025-05-29,Osaka,P007,B,4,1500,6000.0,C0104
2025-05-29,Osaka,P015,A,3,1720,5160.0,C0035
2025-05-29,Osaka,P009,A,4,1190,4760.0,C0033
2025-05-29,Osaka,P006,A,1,1480,1480.0,C0090
2025-05-29,Osaka,P010,B,4,2220,8880.0,C0210
2025-05-29,Osaka,P013,B,1,4410,4410.0,C0055
2025-05-29,Osaka,P011,C,4,4380,17520.0,C0121
2025-05-29,Osaka,P010,B,1,2780,2780.0,C0289
2025-05-29,Osaka,P003,A,1,3800,3800.0,C0153
2025-05-29,Nagoya,P004,B,1,3940,3940.0,C0107
2025-05-29,Nagoya,P012,A,2,2580,5160.0,C0069
2025-05-29,Nagoya,P010,B,2,4630,9260.0,C0123
2025-05-29,Nagoya,P013,B,2,2650,5300.0,C0136
2025-05-29,Nagoya,P007,B,2,4540,9080.0,C0211
2025-05-29,Nagoya,P001,B,1,1090,1090.0,C0207
2025-05-29,Nagoya,P004,B,2,4310,8620.0,C0040
2025-05-29,Nagoya,P003,A,1,2140,2140.0,C0027
2025-05-29,Nagoya,P010,B,3,1730,5190.0,C0157
2025-05-29,Nagoya,P005,C,1,2860,2860.0,C0209
2025-05-29,Nagoya,P004,B,4,4960,19840.0,C0017
2025-05-29,Nagoya,P003,A,2,4390,8780.0,C0043
2025-05-29,Nagoya,P008,C,3,1510,4530.0,C0013
2025-05-29,Nagoya,P002,C,1,3000,3000.0,C0281
2025-05-30,Tokyo,P004,B,1,4920,4920.0,C0287
2025-05-30,Tokyo,P010,B,2,1630,3260.0,C0278
2025-05-30,Tokyo,P001,B,1,3710,3710.0,C0055
2025-05-30,Tokyo,P002,C,3,1100,3300.0,C0081
2025-05-30,Tokyo,P010,B,1,4030,4030.0,C0029
2025-05-30,Tokyo,P010,B,1,3920,3920.0,C0226
2025-05-30,Tokyo,P012,A,2,1940,3880.0,C0293
2025-05-30,Tokyo,P011,C,1,1110,1110.0,C0106
2025-05-30,Tokyo,P010,B,2,4230,8460.0,C0150
2025-05-30,Tokyo,P015,A,4,2880,11520.0,C0250
2025-05-30,Tokyo,P007,B,1,2230,2230.0,C0123
2025-05-30,Tokyo,P015,A,4,1580,6320.0,C0001
2025-05-30,Tokyo,P008,C,3,3940,11820.0,C0078
2025-05-30,Osaka,P007,B,2,2680,5360.0,C0283
2025-05-30,Osaka,P006,A,3,4560,13680.0,C0006
2025-05-30,Osaka,P009,A,3,4610,13830.0,C0019
2025-05-30,Osaka,P011,C,4,2400,9600.0,C0224
2025-05-30,Osaka,P008,C,3,2550,7650.0,C0053
2025-05-30,Osaka,P013,B,1,1750,1750.0,C0265
2025-05-30,Osaka,P015,A,3,3320,9960.0,C0108
2025-05-30,Osaka,P010,B,3,3060,9180.0,C0196
2025-05-30,Osaka,P009,A,4,3670,14680.0,C0116
2025-05-30,Osaka,P010,B,1,1850,1850.0,C0248
2025-05-30,Osaka,P009,A,1,2410,2410.0,C0295
2025-05-30,Osaka,P010,B,4,3190,12760.0,C0013
2025-05-30,Osaka,P003,A,1,3930,3930.0,C0227
2025-05-30,Osaka,P007,B,3,3200,9600.0,C0222
2025-05-30,Osaka,P011,C,2,3610,7220.0,C0096
2025-05-30,Osaka,P012,A,4,1820,7280.0,C0200
2025-05-30,Osaka,P002,C,2,3670,7340.0,C0083
2025-05-30,Osaka,P004,B,2,1450,2900.0,C0188
2025-05-30,Nagoya,P005,C,2,4870,9740.0,C0297
2025-05-30,Nagoya,P002,C,1,3920,3920.0,C0090
2025-05-30,Nagoya,P010,B,4,1650,6600.0,C0289
2025-05-30,Nagoya,P001,B,1,3030,3030.0,C0264
2025-05-30,Nagoya,P009,A,1,1990,1990.0,C0228
2025-05-30,Nagoya,P009,A,1,3000,3000.0,C0122
2025-05-30,Nagoya,P001,B,1,4740,4740.0,C0211
2025-05-30,Nagoya,P002,C,1,2380,2380.0,C0140
2025-05-30,Nagoya,P007,B,3,1690,5070.0,C0014
2025-05-30,Nagoya,P011,C,4,1670,6680.0,C0108
2025-05-30,Nagoya,P010,B,1,4430,4430.0,C0068
2025-05-31,Tokyo,P006,A,3,1790,5370.0,C0030
2025-05-31,Tokyo,P008,C,4,3530,14120.0,C0226
2025-05-31,Tokyo,P007,B,1,2700,2700.0,C0296
2025-05-31,Tokyo,P012,A,3,2200,6600.0,C0180
2025-05-31,Tokyo,P010,B,3,4570,13710.0,C0204
2025-05-31,Tokyo,P004,B,1,3470,3470.0,C0259
2025-05-31,Tokyo,P015,A,3,3110,9330.0,C0244
2025-05-31,Tokyo,P015,A,1,2240,2240.0,C0100
2025-05-31,Tokyo,P009,A,2,2240,4480.0,C0008
2025-05-31,Tokyo,P001,B,2,4980,9960.0,C0089
2025-05-31,Tokyo,P004,B,2,4890,9780.0,C0199
2025-05-31,Tokyo,P010,B,1,4610,4610.0,C0059
2025-05-31,Tokyo,P015,A,4,3270,13080.0,C0260
2025-05-31,Tokyo,P015,A,3,4060,12180.0,C0177
2025-05-31,Tokyo,P008,C,2,3610,7220.0,C0080
2025-05-31,Osaka,P005,C,1,4730,4730.0,C0077
2025-05-31,Osaka,P012,A,2,2350,4700.0,C0069
2025-05-31,Osaka,P013,B,3,2790,8370.0,C0197
2025-05-31,Osaka,P013,B,3,2870,8610.0,C0268
2025-05-31,Osaka,P014,C,4,1360,5440.0,C0267
2025-05-31,Osaka,P003,A,3,3630,10890.0,C0062
2025-05-31,Osaka,P001,B,4,4560,18240.0,C0053
2025-05-31,Osaka,P010,B,1,3260,3260.0,C0095
2025-05-31,Osaka,P012,A,3,2990,8970.0,C0204
2025-05-31,Osaka,P008,C,1,3380,3380.0,C0233
2025-05-31,Osaka,P008,C,1,1030,1030.0,C0089
2025-05-31,Nagoya,P005,C,4,2320,9280.0,C0128
2025-05-31,Nagoya,P012,A,3,1160,3480.0,C0023
2025-05-31,Nagoya,P003,A,4,1080,4320.0,C0022
2025-05-31,Nagoya,P012,A,3,4930,14790.0,C0066
2025-05-31,Nagoya,P010,B,1,3360,3360.0,C0032
2025-05-31,Nagoya,P014,C,2,2010,4020.0,C0295
2025-05-31,Nagoya,P001,B,4,3030,12120.0,C0206
2025-05-31,Nagoya,P004,B,4,2800,11200.0,C0126
2025-05-31,Nagoya,P007,B,2,2270,4540.0,C0042
2025-05-31,Nagoya,P008,C,2,2520,5040.0,C0295
2025-05-31,Nagoya,P002,C,4,4460,17840.0,C0007
2025-05-31,Nagoya,P011,C,1,1160,1160.0,C0258
2025-05-31,Nagoya,P002,C,2,1380,2760.0,C0043
2025-05-31,Nagoya,P001,B,4,1230,4920.0,C0228
2025-05-31,Nagoya,P003,A,4,4390,17560.0,C0189
2025-05-31,Nagoya,P013,B,2,4130,8260.0,C0067
2025-05-31,Nagoya,P010,B,4,3890,15560.0,C0081
2025-06-01,Tokyo,P014,C,4,3950,15800.0,C0219
2025-06-01,Tokyo,P012,A,3,1530,4590.0,C0241
2025-06-01,Tokyo,P003,A,3,2350,7050.0,C0064
2025-06-01,Tokyo,P005,C,1,2750,2750.0,C0126
2025-06-01,Tokyo,P007,B,1,3420,3420.0,C0051
2025-06-01,Tokyo,P013,B,1,1220,1220.0,C0090
2025-06-01,Tokyo,P007,B,4,3100,12400.0,C0114
2025-06-01,Tokyo,P013,B,1,4580,4580.0,C0121
2025-06-01,Tokyo,P005,C,2,1030,2060.0,C0202
2025-06-01,Tokyo,P009,A,3,3600,10800.0,C0009
2025-06-01,Tokyo,P014,C,3,3760,11280.0,C0011
2025-06-01,Tokyo,P012,A,3,2470,7410.0,C0280
2025-06-01,Tokyo,P010,B,4,4280,17120.0,C0062
2025-06-01,Tokyo,P015,A,3,1750,5250.0,C0238
2025-06-01,Tokyo,P007,B,4,1690,6760.0,C0078
2025-06-01,Tokyo,P006,A,2,3520,7040.0,C0067
2025-06-01,Tokyo,P011,C,1,2320,2320.0,C0198
2025-06-01,Osaka,P007,B,3,1990,5970.0,C0289
2025-06-01,Osaka,P013,B,4,2980,11920.0,C0103
2025-06-01,Osaka,P015,A,3,4170,12510.0,C0055
2025-06-01,Osaka,P014,C,3,4090,12270.0,C0247
2025-06-01,Osaka,P002,C,1,1260,1260.0,C0193
2025-06-01,Osaka,P014,C,1,1550,1550.0,C0146
2025-06-01,Osaka,P006,A,1,3430,3430.0,C0271
2025-06-01,Osaka,P004,B,1,1900,1900.0,C0056
2025-06-01,Osaka,P007,B,1,2440,2440.0,C0036
2025-06-01,Osaka,P011,C,2,1300,2600.0,C0014
2025-06-01,Osaka,P008,C,3,1690,5070.0,C0097
2025-06-01,Osaka,P010,B,2,1460,2920.0,C0117
2025-06-01,Nagoya,P014,C,4,2240,8960.0,C0071
2025-06-01,Nagoya,P003,A,3,4670,14010.0,C0082
2025-06-01,Nagoya,P010,B,1,4660,4660.0,C0090
2025-06-01,Nagoya,P002,C,4,4780,19120.0,C0119
2025-06-01,Nagoya,P014,C,1,2080,2080.0,C0161
2025-06-01,Nagoya,P010,B,2,4190,8380.0,C0237
2025-06-01,Nagoya,P002,C,4,1630,6520.0,C0158
2025-06-01,Nagoya,P007,B,2,1510,3020.0,C0103
2025-06-01,Nagoya,P001,B,4,1570,6280.0,C0145
2025-06-01,Nagoya,P004,B,1,2560,2560.0,C0290
2025-06-01,Nagoya,P008,C,4,4300,17200.0,C0131
2025-06-02,Tokyo,P006,A,3,3720,11160.0,C0177
2025-06-02,Tokyo,P013,B,1,2990,2990.0,C0199
2025-06-02,Tokyo,P005,C,4,2200,8800.0,C0091
2025-06-02,Tokyo,P005,C,3,1470,4410.0,C0043
2025-06-02,Tokyo,P012,A,1,1410,1410.0,C0079
2025-06-02,Tokyo,P006,A,1,4330,4330.0,C0036
2025-06-02,Tokyo,P007,B,1,2170,2170.0,C0014
2025-06-02,Tokyo,P015,A,4,1500,6000.0,C0059
2025-06-02,Tokyo,P014,C,2,1240,2480.0,C0041
2025-06-02,Tokyo,P007,B,3,3520,10560.0,C0046
2025-06-02,Tokyo,P006,A,2,3130,6260.0,C0097
2025-06-02,Tokyo,P004,B,4,3270,13080.0,C0142
2025-06-02,Tokyo,P003,A,1,4180,4180.0,C0290
2025-06-02,Tokyo,P009,A,1,2920,2920.0,C0084
2025-06-02,Tokyo,P001,B,1,2990,2990.0,C0128
2025-06-02,Tokyo,P009,A,3,2060,6180.0,C0086
2025-06-02,Tokyo,P011,C,1,1300,1300.0,C0256
2025-06-02,Tokyo,P004,B,1,3950,3950.0,C0160
2025-06-02,Tokyo,P003,A,4,1980,7920.0,C0203
2025-06-02,Osaka,P013,B,3,3810,11430.0,C0016
2025-06-02,Osaka,P015,A,1,2010,2010.0,C0134
2025-06-02,Osaka,P005,C,3,1210,3630.0,C0136
2025-06-02,Osaka,P006,A,3,3070,9210.0,C0227
2025-06-02,Osaka,P003,A,4,2560,10240.0,C0105
2025-06-02,Osaka,P009,A,1,4250,4250.0,C0079
2025-06-02,Osaka,P014,C,1,4450,4450.0,C0118
2025-06-02,Osaka,P010,B,4,1510,6040.0,C0104
2025-06-02,Osaka,P015,A,1,1410,1410.0,C0157
2025-06-02,Osaka,P001,B,4,4610,18440.0,C0057
2025-06-02,Osaka,P003,A,4,3080,12320.0,C0247
2025-06-02,Osaka,P015,A,2,2010,4020.0,C0186
2025-06-02,Osaka,P010,B,2,2190,4380.0,C0079
2025-06-02,Osaka,P008,C,2,2830,5660.0,C0029
2025-06-02,Osaka,P014,C,3,4670,14010.0,C0248
2025-06-02,Osaka,P010,B,2,3610,7220.0,C0170
2025-06-02,Nagoya,P004,B,1,1500,1500.0,C0053
2025-06-02,Nagoya,P010,B,1,1530,1530.0,C0119
2025-06-02,Nagoya,P012,A,2,2080,4160.0,C0086
2025-06-02,Nagoya,P013,B,2,2470,4940.0,C0232
2025-06-02,Nagoya,P006,A,2,4000,8000.0,C0098
2025-06-02,Nagoya,P008,C,3,1800,5400.0,C0039
2025-06-02,Nagoya,P013,B,2,2360,4720.0,C0177
2025-06-02,Nagoya,P002,C,1,2660,2660.0,C0290
2025-06-02,Nagoya,P009,A,3,3430,10290.0,C0258
2025-06-02,Nagoya,P013,B,1,3160,3160.0,C0164
2025-06-02,Nagoya,P004,B,4,2040,8160.0,C0250
2025-06-02,Nagoya,P002,C,3,3940,11820.0,C0151
2025-06-02,Nagoya,P002,C,1,3420,3420.0,C0258
2025-06-02,Nagoya,P009,A,1,4140,4140.0,C0138
2025-06-02,Nagoya,P002,C,2,1810,3620.0,C0295
2025-06-02,Nagoya,P014,C,1,3280,3280.0,C0003
2025-06-02,Nagoya,P007,B,1,3990,3990.0,C0022
2025-06-02,Nagoya,P014,C,1,2050,2050.0,C0265
2025-06-02,Nagoya,P014,C,1,1430,1430.0,C0256
2025-06-03,Tokyo,P008,C,1,1610,1610.0,C0080
2025-06-03,Tokyo,P011,C,1,3560,3560.0,C0241
2025-06-03,Tokyo,P003,A,4,4940,19760.0,C0089
2025-06-03,Tokyo,P002,C,2,2030,4060.0,C0084
2025-06-03,Tokyo,P014,C,1,2260,2260.0,C0236
2025-06-03,Tokyo,P001,B,1,2200,,C0290
2025-06-03,Tokyo,P013,B,4,4450,17800.0,C0036
2025-06-03,Tokyo,P007,B,3,1660,4980.0,C0297
2025-06-03,Tokyo,P010,B,4,2030,8120.0,C0214
2025-06-03,Tokyo,P002,C,1,3560,3560.0,C0021
2025-06-03,Tokyo,P005,C,4,2990,11960.0,C0113
2025-06-03,Tokyo,P005,C,3,4810,14430.0,C0222
2025-06-03,Tokyo,P006,A,2,1410,2820.0,C0043
2025-06-03,Tokyo,P005,C,2,4960,9920.0,C0261
2025-06-03,Tokyo,P002,C,2,1220,2440.0,C0019
2025-06-03,Tokyo,P006,A,4,1740,6960.0,C0204
2025-06-03,Tokyo,P006,A,3,4470,13410.0,C0248
2025-06-03,Tokyo,P013,B,2,1190,2380.0,C0295
2025-06-03,Tokyo,P015,A,4,2900,11600.0,C0084
2025-06-03,Osaka,P006,A,2,2100,4200.0,C0285
2025-06-03,Osaka,P010,B,1,3550,3550.0,C0211
2025-06-03,Osaka,P008,C,4,4860,19440.0,C0130
2025-06-03,Osaka,P008,C,1,4130,4130.0,C0279
2025-06-03,Osaka,P010,B,1,3070,3070.0,C0238
2025-06-03,Osaka,P001,B,3,3620,10860.0,C0161
2025-06-03,Osaka,P010,B,4,1490,5960.0,C0171
2025-06-03,Osaka,P012,A,4,2860,11440.0,C0299
2025-06-03,Osaka,P005,C,2,4290,8580.0,C0132
2025-06-03,Osaka,P006,A,3,3480,10440.0,C0291
2025-06-03,Osaka,P010,B,1,1210,1210.0,C0290
2025-06-03,Nagoya,P004,B,1,1420,1420.0,C0060
2025-06-03,Nagoya,P012,A,3,3390,10170.0,C0004
2025-06-03,Nagoya,P011,C,4,4690,18760.0,C0119
2025-06-03,Nagoya,P010,B,2,4550,9100.0,C0276
2025-06-03,Nagoya,P004,B,2,1940,3880.0,C0184
2025-06-03,Nagoya,P005,C,3,4920,14760.0,C0261
2025-06-03,Nagoya,P003,A,1,4250,4250.0,C0025
2025-06-03,Nagoya,P007,B,4,2790,11160.0,C0003
2025-06-03,Nagoya,P015,A,3,2320,6960.0,C0183
2025-06-03,Nagoya,P010,B,3,4840,14520.0,C0235
2025-06-03,Nagoya,P004,B,4,4850,19400.0,C0015
2025-06-03,Nagoya,P005,C,3,4510,13530.0,C0215
2025-06-03,Nagoya,P009,A,2,1380,2760.0,C0267
2025-06-03,Nagoya,P008,C,2,4910,9820.0,C0050
2025-06-04,Tokyo,P013,B,2,4770,9540.0,C0257
2025-06-04,Tokyo,P002,C,2,4000,8000.0,C0147
2025-06-04,Tokyo,P004,B,1,1020,1020.0,C0054
2025-06-04,Tokyo,P004,B,2,4410,8820.0,C0153
2025-06-04,Tokyo,P003,A,1,1520,1520.0,C0094
2025-06-04,Tokyo,P012,A,1,2620,2620.0,C0134
2025-06-04,Tokyo,P003,A,1,1920,1920.0,C0046
2025-06-04,Tokyo,P012,A,4,3490,13960.0,C0227
2025-06-04,Tokyo,P012,A,4,1390,5560.0,C0299
2025-06-04,Tokyo,P007,B,3,4180,12540.0,C0148
2025-06-04,Tokyo,P004,B,1,1670,1670.0,C0026
2025-06-04,Tokyo,P006,A,4,2330,9320.0,C0179
2025-06-04,Osaka,P009,A,4,2260,9040.0,C0145
2025-06-04,Osaka,P015,A,3,2590,7770.0,C0037
2025-06-04,Osaka,P015,A,3,1220,3660.0,C0167
2025-06-04,Osaka,P015,A,4,1780,7120.0,C0124
2025-06-04,Osaka,P015,A,4,3240,12960.0,C0091
2025-06-04,Osaka,P012,A,3,3090,9270.0,C0278
2025-06-04,Osaka,P006,A,3,1170,3510.0,C0213
2025-06-04,Osaka,P009,A,4,2330,9320.0,C0277
2025-06-04,Osaka,P009,A,1,1640,1640.0,C0059
2025-06-04,Osaka,P005,C,3,4470,13410.0,C0298
2025-06-04,Osaka,P011,C,2,3450,6900.0,C0099
2025-06-04,Nagoya,P009,A,4,1250,5000.0,C0034
2025-06-04,Nagoya,P003,A,1,1590,1590.0,C0039
2025-06-04,Nagoya,P001,B,2,3880,7760.0,C0047
2025-06-04,Nagoya,P005,C,4,1670,6680.0,C0296
2025-06-04,Nagoya,P008,C,3,2290,6870.0,C0098
2025-06-04,Nagoya,P006,A,1,2260,2260.0,C0268
2025-06-04,Nagoya,P001,B,3,3750,11250.0,C0043
2025-06-04,Nagoya,P002,C,3,1870,5610.0,C0293
2025-06-04,Nagoya,P003,A,1,2320,2320.0,C0100
2025-06-04,Nagoya,P003,A,3,2380,7140.0,C0158
2025-06-04,Nagoya,P004,B,1,1240,1240.0,C0016
2025-06-04,Nagoya,P014,C,2,2220,4440.0,C0174
2025-06-05,Tokyo,P010,B,3,4160,12480.0,C0037
2025-06-05,Tokyo,P001,B,4,2480,9920.0,C0019
2025-06-05,Tokyo,P009,A,2,4800,9600.0,C0283
2025-06-05,Tokyo,P009,A,1,3990,3990.0,C0061
2025-06-05,Tokyo,P013,B,3,2410,7230.0,C0293
2025-06-05,Tokyo,P008,C,2,1750,3500.0,C0194
2025-06-05,Tokyo,P005,C,1,1470,1470.0,C0192
2025-06-05,Tokyo,P014,C,2,1860,3720.0,C0184
2025-06-05,Tokyo,P003,A,1,3550,3550.0,C0157
2025-06-05,Tokyo,P001,B,1,1790,1790.0,C0204
2025-06-05,Osaka,P012,A,1,4390,4390.0,C0063
2025-06-05,Osaka,P015,A,4,2830,11320.0,C0235
2025-06-05,Osaka,P011,C,4,1070,4280.0,C0026
2025-06-05,Osaka,P014,C,4,3460,13840.0,C0094
2025-06-05,Osaka,P007,B,2,2730,5460.0,C0188
2025-06-05,Osaka,P012,A,2,4330,8660.0,C0028
2025-06-05,Osaka,P013,B,3,3040,9120.0,C0113
2025-06-05,Osaka,P006,A,2,4780,9560.0,C0009
2025-06-05,Osaka,P010,B,4,3170,12680.0,C0192
2025-06-05,Osaka,P009,A,3,3510,10530.0,C0271
2025-06-05,Osaka,P011,C,4,3210,12840.0,C0232
2025-06-05,Osaka,P014,C,1,4430,4430.0,C0206
2025-06-05,Osaka,P007,B,4,1670,6680.0,C0209
2025-06-05,Osaka,P009,A,4,3480,13920.0,C0158
2025-06-05,Osaka,P008,C,3,4560,13680.0,C0235
2025-06-05,Osaka,P002,C,3,2140,6420.0,C0050
2025-06-05,Nagoya,P013,B,4,2570,10280.0,C0128
2025-06-05,Nagoya,P012,A,1,1210,1210.0,C0126
2025-06-05,Nagoya,P010,B,2,1840,3680.0,C0156
2025-06-05,Nagoya,P015,A,2,2600,5200.0,C0094
2025-06-05,Nagoya,P005,C,3,2490,7470.0,C0186
2025-06-05,Nagoya,P001,B,3,1420,4260.0,C0113
2025-06-05,Nagoya,P014,C,2,3790,7580.0,C0106
2025-06-05,Nagoya,P014,C,4,4630,18520.0,C0119
2025-06-05,Nagoya,P005,C,3,4260,12780.0,C0157
2025-06-05,Nagoya,P012,A,4,4000,16000.0,C0111
2025-06-05,Nagoya,P004,B,2,3300,6600.0,C0252
2025-06-05,Nagoya,P005,C,1,2260,2260.0,C0178
2025-06-05,Nagoya,P004,B,2,2020,4040.0,C0295
2025-06-05,Nagoya,P008,C,3,3080,9240.0,C0004
2025-06-05,Nagoya,P004,B,4,3040,12160.0,C0211
2025-06-05,Nagoya,P012,A,3,3300,9900.0,C0071
2025-06-05,Nagoya,P004,B,1,2190,2190.0,C0188
2025-06-05,Nagoya,P014,C,2,3400,6800.0,C0258
2025-06-06,Tokyo,P004,B,2,3550,7100.0,C0087
2025-06-06,Tokyo,P004,B,3,3540,10620.0,C0076
2025-06-06,Tokyo,P001,B,4,2560,10240.0,C0190
2025-06-06,Tokyo,P003,A,2,3420,6840.0,C0038
2025-06-06,Tokyo,P005,C,3,4080,12240.0,C0106
2025-06-06,Tokyo,P002,C,1,3220,3220.0,C0208
2025-06-06,Tokyo,P009,A,2,1080,2160.0,C0068
2025-06-06,Tokyo,P001,B,2,2230,4460.0,C0022
2025-06-06,Tokyo,P010,B,2,4850,9700.0,C0125
2025-06-06,Tokyo,P002,C,3,3810,11430.0,C0278
2025-06-06,Tokyo,P011,C,2,3670,7340.0,C0239
2025-06-06,Tokyo,P008,C,4,4860,19440.0,C0226
2025-06-06,Tokyo,P008,C,2,4350,8700.0,C0261
2025-06-06,Tokyo,P004,B,1,4220,4220.0,C0071
2025-06-06,Tokyo,P015,A,1,4640,4640.0,C0203
2025-06-06,Tokyo,P005,C,1,4380,4380.0,C0036
2025-06-06,Osaka,P012,A,3,1500,4500.0,C0103
2025-06-06,Osaka,P010,B,3,2440,7320.0,C0124
2025-06-06,Osaka,P002,C,1,4870,4870.0,C0070
2025-06-06,Osaka,P014,C,1,4950,4950.0,C0128
2025-06-06,Osaka,P013,B,4,2400,9600.0,C0221
2025-06-06,Osaka,P006,A,4,4830,19320.0,C0242
2025-06-06,Osaka,P011,C,2,1430,2860.0,C0152
2025-06-06,Osaka,P002,C,3,4470,13410.0,C0034
2025-06-06,Osaka,P014,C,3,1180,3540.0,C0216
2025-06-06,Osaka,P001,B,3,3020,9060.0,C0224
2025-06-06,Nagoya,P002,C,2,4040,8080.0,C0286
2025-06-06,Nagoya,P004,B,2,4500,9000.0,C0094
2025-06-06,Nagoya,P004,B,4,2960,11840.0,C0175
2025-06-06,Nagoya,P008,C,3,2070,6210.0,C0219
2025-06-06,Nagoya,P006,A,3,1740,5220.0,C0004
2025-06-06,Nagoya,P009,A,1,4650,4650.0,C0287
2025-06-06,Nagoya,P005,C,2,3030,6060.0,C0062
2025-06-06,Nagoya,P013,B,1,2800,2800.0,C0057
2025-06-06,Nagoya,P013,B,1,2780,2780.0,C0250
2025-06-06,Nagoya,P007,B,1,1620,1620.0,C0181
2025-06-06,Nagoya,P002,C,2,3440,6880.0,C0114
2025-06-06,Nagoya,P013,B,3,1540,4620.0,C0245
2025-06-06,Nagoya,P014,C,1,2430,2430.0,C0119
2025-06-07,Tokyo,P007,B,4,3600,14400.0,C0268
2025-06-07,Tokyo,P006,A,3,1420,4260.0,C0083
2025-06-07,Tokyo,P009,A,1,4840,4840.0,C0082
2025-06-07,Tokyo,P003,A,4,1360,5440.0,C0098
2025-06-07,Tokyo,P003,A,3,4370,13110.0,C0059
2025-06-07,Tokyo,P007,B,2,3760,7520.0,C0106
2025-06-07,Tokyo,P008,C,3,1040,3120.0,C0171
2025-06-07,Tokyo,P009,A,4,3040,12160.0,C0270
2025-06-07,Tokyo,P006,A,3,4600,13800.0,C0046
2025-06-07,Tokyo,P009,A,4,3220,12880.0,C0267
2025-06-07,Tokyo,P007,B,4,3510,14040.0,C0144
2025-06-07,Tokyo,P004,B,1,2150,2150.0,C0226
2025-06-07,Tokyo,P008,C,2,2860,5720.0,C0104
2025-06-07,Tokyo,P013,B,2,2880,5760.0,C0168
2025-06-07,Osaka,P006,A,1,3750,3750.0,C0168
2025-06-07,Osaka,P010,B,3,3030,9090.0,C0284
2025-06-07,Osaka,P001,B,1,4740,4740.0,C0266
2025-06-07,Osaka,P007,B,3,2790,8370.0,C0299
2025-06-07,Osaka,P007,B,4,2460,9840.0,C0115
2025-06-07,Osaka,P011,C,2,1050,2100.0,C0052
2025-06-07,Osaka,P014,C,2,1400,2800.0,C0281
2025-06-07,Osaka,P015,A,2,3510,7020.0,C0226
2025-06-07,Osaka,P001,B,2,3240,6480.0,C0165
2025-06-07,Osaka,P005,C,1,4810,4810.0,C0184
2025-06-07,Osaka,P012,A,2,3020,6040.0,C0133
2025-06-07,Osaka,P007,B,3,4980,14940.0,C0233
2025-06-07,Osaka,P011,C,1,3050,3050.0,C0286
2025-06-07,Osaka,P006,A,3,2290,6870.0,C0058
2025-06-07,Osaka,P011,C,2,3350,6700.0,C0178
2025-06-07,Osaka,P013,B,4,3210,12840.0,C0016
2025-06-07,Nagoya,P014,C,2,3250,6500.0,C0229
2025-06-07,Nagoya,P007,B,2,2920,5840.0,C0255
2025-06-07,Nagoya,P008,C,2,3380,6760.0,C0208
2025-06-07,Nagoya,P014,C,4,4130,16520.0,C0230
2025-06-07,Nagoya,P007,B,2,3250,6500.0,C0212
2025-06-07,Nagoya,P008,C,1,1050,1050.0,C0018
2025-06-07,Nagoya,P007,B,4,4150,16600.0,C0242
2025-06-07,Nagoya,P011,C,1,4530,4530.0,C0284
2025-06-07,Nagoya,P013,B,2,1850,3700.0,C0271
2025-06-07,Nagoya,P003,A,4,4860,19440.0,C0270
2025-06-07,Nagoya,P008,C,4,4320,17280.0,C0292
2025-06-07,Nagoya,P006,A,3,4260,12780.0,C0068
2025-06-07,Nagoya,P004,B,2,2440,4880.0,C0225
2025-06-07,Nagoya,P015,A,1,2300,2300.0,C0279
2025-06-07,Nagoya,P009,A,1,3410,3410.0,C0262
2025-06-08,Tokyo,P008,C,3,4360,13080.0,C0169
2025-06-08,Tokyo,P015,A,4,2680,10720.0,C0146
2025-06-08,Tokyo,P011,C,1,1900,1900.0,C0072
2025-06-08,Tokyo,P013,B,4,4270,17080.0,C0032
2025-06-08,Tokyo,P005,C,2,1090,2180.0,C0078
2025-06-08,Tokyo,P007,B,4,1680,6720.0,C0258
2025-06-08,Tokyo,P013,B,1,2040,2040.0,C0138
2025-06-08,Tokyo,P015,A,4,4880,19520.0,C0094
2025-06-08,Tokyo,P014,C,4,3390,13560.0,C0047
2025-06-08,Tokyo,P005,C,1,4220,4220.0,C0094
2025-06-08,Tokyo,P011,C,2,4900,9800.0,C0232
2025-06-08,Tokyo,P006,A,2,1230,2460.0,C0041
2025-06-08,Tokyo,P015,A,4,4350,17400.0,C0193
2025-06-08,Osaka,P002,C,3,2320,6960.0,C0001
2025-06-08,Osaka,P001,B,3,4360,13080.0,C0109
2025-06-08,Osaka,P015,A,2,3930,7860.0,C0074
2025-06-08,Osaka,P010,B,2,4110,8220.0,C0136
2025-06-08,Osaka,P001,B,1,2400,2400.0,C0140
2025-06-08,Osaka,P005,C,3,4850,14550.0,C0213
2025-06-08,Osaka,P005,C,3,4860,14580.0,C0073
2025-06-08,Osaka,P004,B,1,4360,4360.0,C0249
2025-06-08,Osaka,P007,B,4,3600,14400.0,C0293
2025-06-08,Osaka,P014,C,4,2560,10240.0,C0190
2025-06-08,Osaka,P003,A,4,2270,9080.0,C0134
2025-06-08,Osaka,P009,A,4,3920,15680.0,C0286
2025-06-08,Nagoya,P012,A,3,2660,7980.0,C0274
2025-06-08,Nagoya,P006,A,3,2160,6480.0,C0145
2025-06-08,Nagoya,P006,A,2,4280,8560.0,C0230
2025-06-08,Nagoya,P011,C,1,1990,1990.0,C0066
2025-06-08,Nagoya,P011,C,4,2510,10040.0,C0099
2025-06-08,Nagoya,P009,A,4,2480,9920.0,C0084
2025-06-08,Nagoya,P008,C,4,3910,15640.0,C0155
2025-06-08,Nagoya,P011,C,1,4010,4010.0,C0030
2025-06-08,Nagoya,P006,A,2,3760,7520.0,C0072
2025-06-08,Nagoya,P004,B,4,2900,11600.0,C0222
2025-06-08,Nagoya,P009,A,3,3740,11220.0,C0200
2025-06-08,Nagoya,P014,C,4,2210,8840.0,C0051
2025-06-08,Nagoya,P013,B,2,2240,4480.0,C0034
2025-06-08,Nagoya,P009,A,3,4310,12930.0,C0224
2025-06-08,Nagoya,P011,C,3,4450,13350.0,C0295
2025-06-08,Nagoya,P013,B,2,2100,4200.0,C0001
2025-06-08,Nagoya,P015,A,3,4740,14220.0,C0236
2025-06-09,Tokyo,P003,A,1,4160,4160.0,C0091
2025-06-09,Tokyo,P006,A,4,2920,11680.0,C0285
2025-06-09,Tokyo,P009,A,4,1500,6000.0,C0119
2025-06-09,Tokyo,P003,A,1,4960,4960.0,C0155
2025-06-09,Tokyo,P006,A,2,1960,3920.0,C0037
2025-06-09,Tokyo,P014,C,1,2530,2530.0,C0046
2025-06-09,Tokyo,P014,C,1,2570,2570.0,C0226
2025-06-09,Tokyo,P009,A,2,3250,6500.0,C0131
2025-06-09,Tokyo,P005,C,3,2460,7380.0,C0288
2025-06-09,Tokyo,P007,B,4,1930,7720.0,C0194
2025-06-09,Tokyo,P009,A,3,2840,8520.0,C0216
2025-06-09,Tokyo,P001,B,3,4010,12030.0,C0149
2025-06-09,Tokyo,P001,B,3,4120,12360.0,C0138
2025-06-09,Tokyo,P002,C,2,4970,9940.0,C0081
2025-06-09,Osaka,P006,A,3,2710,8130.0,C0115
2025-06-09,Osaka,P009,A,3,2990,8970.0,C0078
2025-06-09,Osaka,P002,C,3,2350,7050.0,C0184
2025-06-09,Osaka,P006,A,4,3820,15280.0,C0121
2025-06-09,Osaka,P005,C,3,1030,3090.0,C0018
2025-06-09,Osaka,P002,C,2,2980,5960.0,C0088
2025-06-09,Osaka,P003,A,2,2970,5940.0,C0089
2025-06-09,Osaka,P009,A,2,4730,9460.0,C0297
2025-06-09,Osaka,P010,B,3,1120,3360.0,C0187
2025-06-09,Osaka,P006,A,2,4170,8340.0,C0013
2025-06-09,Osaka,P004,B,4,4690,18760.0,C0154
2025-06-09,Osaka,P008,C,4,1360,5440.0,C0144
2025-06-09,Osaka,P004,B,2,4620,9240.0,C0179
2025-06-09,Osaka,P015,A,3,4450,13350.0,C0051
2025-06-09,Osaka,P005,C,2,4070,8140.0,C0154
2025-06-09,Nagoya,P003,A,2,1610,3220.0,C0209
2025-06-09,Nagoya,P013,B,4,1940,7760.0,C0132
2025-06-09,Nagoya,P008,C,2,2810,5620.0,C0066
2025-06-09,Nagoya,P002,C,2,1360,2720.0,C0019
2025-06-09,Nagoya,P008,C,4,3160,12640.0,C0007
2025-06-09,Nagoya,P013,B,3,2210,6630.0,C0082
2025-06-09,Nagoya,P014,C,2,1560,3120.0,C0085
2025-06-09,Nagoya,P004,B,2,2380,4760.0,C0164
2025-06-09,Nagoya,P005,C,3,2970,8910.0,C0282
2025-06-09,Nagoya,P013,B,2,1160,2320.0,C0175
2025-06-09,Nagoya,P006,A,4,2620,10480.0,C0087
2025-06-09,Nagoya,P006,A,4,1450,5800.0,C0287
2025-06-10,Tokyo,P013,B,3,3270,9810.0,C0062
2025-06-10,Tokyo,P011,C,3,2920,8760.0,C0137
2025-06-10,Tokyo,P009,A,2,4890,9780.0,C0013
2025-06-10,Tokyo,P004,B,4,4170,16680.0,C0105
2025-06-10,Tokyo,P008,C,1,1700,1700.0,C0283
2025-06-10,Tokyo,P010,B,1,4160,4160.0,C0121
2025-06-10,Tokyo,P009,A,4,4340,17360.0,C0041
2025-06-10,Tokyo,P006,A,2,4650,9300.0,C0234
2025-06-10,Tokyo,P010,B,1,4210,4210.0,C0168
2025-06-10,Tokyo,P005,C,2,2780,5560.0,C0089
2025-06-10,Tokyo,P014,C,4,1200,4800.0,C0280
2025-06-10,Tokyo,P007,B,4,4120,16480.0,C0180
2025-06-10,Osaka,P011,C,4,2690,10760.0,C0222
2025-06-10,Osaka,P015,A,4,1590,6360.0,C0149
2025-06-10,Osaka,P008,C,3,3580,10740.0,C0254
2025-06-10,Osaka,P008,C,3,4590,13770.0,C0031
2025-06-10,Osaka,P010,B,2,4620,9240.0,C0166
2025-06-10,Osaka,P010,B,4,1960,7840.0,C0163
2025-06-10,Osaka,P012,A,4,1910,7640.0,C0251
2025-06-10,Osaka,P003,A,2,4420,8840.0,C0185
2025-06-10,Osaka,P009,A,3,4870,14610.0,C0068
2025-06-10,Osaka,P005,C,2,4380,8760.0,C0165
2025-06-10,Osaka,P011,C,4,4560,18240.0,C0138
2025-06-10,Osaka,P007,B,1,1320,1320.0,C0146
2025-06-10,Osaka,P012,A,4,2630,10520.0,C0171
2025-06-10,Osaka,P013,B,2,1630,3260.0,C0276
2025-06-10,Osaka,P009,A,1,2000,2000.0,C0098
2025-06-10,Osaka,P004,B,2,4250,8500.0,C0221
2025-06-10,Osaka,P014,C,4,2240,8960.0,C0018
2025-06-10,Nagoya,P012,A,2,3880,7760.0,C0137
2025-06-10,Nagoya,P014,C,3,4600,13800.0,C0075
2025-06-10,Nagoya,P012,A,3,1760,5280.0,C0070
2025-06-10,Nagoya,P005,C,1,4740,4740.0,C0064
2025-06-10,Nagoya,P009,A,3,3150,9450.0,C0188
2025-06-10,Nagoya,P014,C,4,4490,17960.0,C0138
2025-06-10,Nagoya,P011,C,1,4520,4520.0,C0059
2025-06-10,Nagoya,P002,C,4,4030,16120.0,C0042
2025-06-10,Nagoya,P015,A,1,1190,1190.0,C0286
2025-06-10,Nagoya,P004,B,1,4170,4170.0,C0182
2025-06-10,Nagoya,P008,C,4,1340,5360.0,C0277
2025-06-11,Tokyo,P010,B,2,2170,4340.0,C0096
2025-06-11,Tokyo,P009,A,4,1440,5760.0,C0198
2025-06-11,Tokyo,P013,B,3,4920,14760.0,C0005
2025-06-11,Tokyo,P006,A,2,3140,6280.0,C0096
2025-06-11,Tokyo,P004,B,4,1930,7720.0,C0286
2025-06-11,Tokyo,P001,B,2,3430,6860.0,C0291
2025-06-11,Tokyo,P012,A,1,3990,3990.0,C0098
2025-06-11,Tokyo,P013,B,4,1760,7040.0,C0108
2025-06-11,Tokyo,P013,B,4,3410,13640.0,C0066
2025-06-11,Tokyo,P006,A,4,3390,13560.0,C0061
2025-06-11,Tokyo,P005,C,1,2870,2870.0,C0134
2025-06-11,Tokyo,P009,A,4,3600,14400.0,C0176
2025-06-11,Osaka,P010,B,4,1030,4120.0,C0105
2025-06-11,Osaka,P001,B,1,1260,1260.0,C0178
2025-06-11,Osaka,P013,B,4,1940,7760.0,C0210
2025-06-11,Osaka,P005,C,2,3430,6860.0,C0204
2025-06-11,Osaka,P009,A,1,2640,2640.0,C0086
2025-06-11,Osaka,P001,B,1,2790,2790.0,C0031
2025-06-11,Osaka,P012,A,1,1940,1940.0,C0295
2025-06-11,Osaka,P011,C,3,1060,3180.0,C0014
2025-06-11,Osaka,P014,C,4,4800,19200.0,C0242
2025-06-11,Osaka,P001,B,4,2830,11320.0,C0208
2025-06-11,Osaka,P007,B,3,4360,13080.0,C0292
2025-06-11,Osaka,P009,A,2,3440,6880.0,C0150
2025-06-11,Osaka,P004,B,3,1300,3900.0,C0121
2025-06-11,Nagoya,P014,C,3,4910,14730.0,C0249
2025-06-11,Nagoya,P004,B,4,2340,9360.0,C0189
2025-06-11,Nagoya,P004,B,3,3710,11130.0,C0274
2025-06-11,Nagoya,P015,A,4,3230,12920.0,C0264
2025-06-11,Nagoya,P002,C,4,1810,7240.0,C0121
2025-06-11,Nagoya,P014,C,3,4390,13170.0,C0206
2025-06-11,Nagoya,P010,B,1,4980,4980.0,C0191
2025-06-11,Nagoya,P011,C,2,4800,9600.0,C0135
2025-06-11,Nagoya,P003,A,1,3790,3790.0,C0223
2025-06-11,Nagoya,P004,B,3,4990,14970.0,C0160
2025-06-11,Nagoya,P015,A,1,2610,2610.0,C0167
2025-06-11,Nagoya,P006,A,1,2830,2830.0,C0102
2025-06-11,Nagoya,P004,B,2,2670,5340.0,C0265
2025-06-11,Nagoya,P008,C,2,2550,5100.0,C0179
2025-06-11,Nagoya,P005,C,4,2670,10680.0,C0128
2025-06-11,Nagoya,P001,B,4,2880,11520.0,C0041
2025-06-12,Tokyo,P006,A,4,1370,5480.0,C0037
2025-06-12,Tokyo,P009,A,2,4820,9640.0,C0225
2025-06-12,Tokyo,P010,B,2,3500,7000.0,C0175
2025-06-12,Tokyo,P005,C,2,4720,9440.0,C0161
2025-06-12,Tokyo,P008,C,4,2060,8240.0,C0066
2025-06-12,Tokyo,P015,A,4,2690,10760.0,C0283
2025-06-12,Tokyo,P006,A,3,1130,3390.0,C0209
2025-06-12,Tokyo,P003,A,1,4230,4230.0,C0062
2025-06-12,Tokyo,P008,C,4,4810,19240.0,C0133
2025-06-12,Tokyo,P002,C,2,3460,6920.0,C0101
2025-06-12,Tokyo,P011,C,4,3480,13920.0,C0187
2025-06-12,Osaka,P003,A,3,4720,14160.0,C0207
2025-06-12,Osaka,P012,A,4,2540,10160.0,C0101
2025-06-12,Osaka,P015,A,2,3930,7860.0,C0191
2025-06-12,Osaka,P002,C,2,2300,4600.0,C0054
2025-06-12,Osaka,P012,A,4,4860,19440.0,C0059
2025-06-12,Osaka,P007,B,1,1250,1250.0,C0185
2025-06-12,Osaka,P013,B,1,3560,3560.0,C0011
2025-06-12,Osaka,P013,B,1,2740,2740.0,C0037
2025-06-12,Osaka,P007,B,2,3150,6300.0,C0248
2025-06-12,Osaka,P015,A,2,4690,9380.0,C0128
2025-06-12,Osaka,P002,C,3,3890,11670.0,C0091
2025-06-12,Osaka,P009,A,2,1580,3160.0,C0116
2025-06-12,Osaka,P007,B,2,4660,9320.0,C0117
2025-06-12,Osaka,P010,B,1,2250,2250.0,C0265
2025-06-12,Osaka,P014,C,4,1220,4880.0,C0258
2025-06-12,Nagoya,P001,B,1,4000,4000.0,C0177
2025-06-12,Nagoya,P009,A,4,1370,5480.0,C0025
2025-06-12,Nagoya,P014,C,3,4100,12300.0,C0157
2025-06-12,Nagoya,P003,A,3,4850,14550.0,C0036
2025-06-12,Nagoya,P002,C,2,2810,5620.0,C0189
2025-06-12,Nagoya,P003,A,4,1600,6400.0,C0060
2025-06-12,Nagoya,P015,A,2,3280,6560.0,C0131
2025-06-12,Nagoya,P004,B,3,4100,12300.0,C0004
2025-06-12,Nagoya,P014,C,1,4670,4670.0,C0288
2025-06-12,Nagoya,P014,C,3,4620,13860.0,C0258
2025-06-12,Nagoya,P010,B,4,2360,9440.0,C0250
2025-06-12,Nagoya,P014,C,3,1480,4440.0,C0065
2025-06-13,Tokyo,P008,C,2,4300,8600.0,C0085
2025-06-13,Tokyo,P003,A,3,1550,4650.0,C0271
2025-06-13,Tokyo,P002,C,2,4790,9580.0,C0166
2025-06-13,Tokyo,P013,B,2,4010,8020.0,C0212
2025-06-13,Tokyo,P008,C,1,4880,4880.0,C0015
2025-06-13,Tokyo,P006,A,3,4070,12210.0,C0160
2025-06-13,Tokyo,P007,B,2,4900,9800.0,C0100
2025-06-13,Tokyo,P013,B,1,3630,3630.0,C0204
2025-06-13,Tokyo,P011,C,2,3760,7520.0,C0134
2025-06-13,Tokyo,P009,A,4,3680,14720.0,C0221
2025-06-13,Tokyo,P015,A,1,3350,3350.0,C0197
2025-06-13,Osaka,P002,C,4,1770,7080.0,C0123
2025-06-13,Osaka,P011,C,2,1500,3000.0,C0202
2025-06-13,Osaka,P005,C,4,4590,18360.0,C0105
2025-06-13,Osaka,P012,A,1,4710,4710.0,C0074
2025-06-13,Osaka,P014,C,4,2250,9000.0,C0247
2025-06-13,Osaka,P010,B,3,2510,7530.0,C0070
2025-06-13,Osaka,P011,C,1,2390,2390.0,C0043
2025-06-13,Osaka,P001,B,1,1370,1370.0,C0281
2025-06-13,Osaka,P012,A,4,1330,5320.0,C0299
2025-06-13,Osaka,P009,A,4,4430,17720.0,C0079
2025-06-13,Osaka,P012,A,3,2650,7950.0,C0148
2025-06-13,Osaka,P004,B,1,4690,4690.0,C0219
2025-06-13,Osaka,P009,A,3,2620,7860.0,C0075
2025-06-13,Osaka,P015,A,4,1860,7440.0,C0240
2025-06-13,Osaka,P007,B,3,1430,4290.0,C0144
2025-06-13,Osaka,P002,C,4,2590,10360.0,C0079
2025-06-13,Nagoya,P015,A,2,3870,7740.0,C0207
2025-06-13,Nagoya,P008,C,4,1510,6040.0,C0263
2025-06-13,Nagoya,P007,B,1,4950,4950.0,C0232
2025-06-13,Nagoya,P013,B,1,4000,4000.0,C0209
2025-06-13,Nagoya,P014,C,2,4700,9400.0,C0212
2025-06-13,Nagoya,P004,B,1,4610,4610.0,C0193
2025-06-13,Nagoya,P002,C,1,4310,4310.0,C0051
2025-06-13,Nagoya,P004,B,3,4450,13350.0,C0101
2025-06-13,Nagoya,P010,B,3,3400,10200.0,C0205
2025-06-13,Nagoya,P004,B,3,1010,3030.0,C0219
2025-06-13,Nagoya,P012,A,4,1110,4440.0,C0273
2025-06-13,Nagoya,P007,B,1,3130,3130.0,C0171
2025-06-13,Nagoya,P007,B,3,3170,9510.0,C0065
2025-06-13,Nagoya,P010,B,2,1470,2940.0,C0080
2025-06-13,Nagoya,P014,C,3,2270,6810.0,C0110
2025-06-13,Nagoya,P013,B,3,4090,12270.0,C0183
2025-06-14,Tokyo,P010,B,2,2000,4000.0,C0014
2025-06-14,Tokyo,P012,A,4,3650,14600.0,C0146
2025-06-14,Tokyo,P002,C,3,1800,5400.0,C0187
2025-06-14,Tokyo,P005,C,4,4740,18960.0,C0071
2025-06-14,Tokyo,P005,C,4,1070,4280.0,C0155
2025-06-14,Tokyo,P003,A,2,1120,2240.0,C0043
2025-06-14,Tokyo,P007,B,1,4180,4180.0,C0173
2025-06-14,Tokyo,P007,B,2,4350,8700.0,C0253
2025-06-14,Tokyo,P001,B,3,2870,8610.0,C0235
2025-06-14,Tokyo,P012,A,3,3690,11070.0,C0064
2025-06-14,Tokyo,P013,B,3,2090,6270.0,C0070
2025-06-14,Tokyo,P008,C,2,3700,7400.0,C0122
2025-06-14,Tokyo,P003,A,2,4260,8520.0,C0249
2025-06-14,Tokyo,P005,C,4,1370,5480.0,C0295
2025-06-14,Tokyo,P012,A,1,3820,3820.0,C0148
2025-06-14,Tokyo,P014,C,1,4560,4560.0,C0261
2025-06-14,Tokyo,P005,C,2,3560,7120.0,C0072
2025-06-14,Tokyo,P015,A,1,1970,1970.0,C0150
2025-06-14,Tokyo,P008,C,1,4640,4640.0,C0072
2025-06-14,Osaka,P008,C,4,1000,4000.0,C0146
2025-06-14,Osaka,P014,C,4,1680,6720.0,C0186
2025-06-14,Osaka,P013,B,3,3620,10860.0,C0232
2025-06-14,Osaka,P007,B,1,3550,3550.0,C0188
2025-06-14,Osaka,P013,B,4,2350,9400.0,C0286
2025-06-14,Osaka,P001,B,4,1540,6160.0,C0194
2025-06-14,Osaka,P011,C,3,4960,14880.0,C0166
2025-06-14,Osaka,P002,C,3,2160,6480.0,C0184
2025-06-14,Osaka,P006,A,1,3550,3550.0,C0027
2025-06-14,Osaka,P005,C,3,4520,13560.0,C0094
2025-06-14,Osaka,P005,C,2,3300,6600.0,C0058
2025-06-14,Nagoya,P013,B,1,4850,4850.0,C0160
2025-06-14,Nagoya,P010,B,3,4780,14340.0,C0199
2025-06-14,Nagoya,P014,C,2,1870,3740.0,C0193
2025-06-14,Nagoya,P003,A,1,1840,1840.0,C0082
2025-06-14,Nagoya,P002,C,3,3330,9990.0,C0060
2025-06-14,Nagoya,P005,C,4,4650,18600.0,C0037
2025-06-14,Nagoya,P010,B,2,2430,4860.0,C0180
2025-06-14,Nagoya,P015,A,3,4810,14430.0,C0246
2025-06-14,Nagoya,P012,A,4,4160,16640.0,C0077
2025-06-14,Nagoya,P015,A,4,3400,13600.0,C0213
2025-06-14,Nagoya,P014,C,1,1250,1250.0,C0298
2025-06-14,Nagoya,P009,A,3,3010,9030.0,C0155
2025-06-14,Nagoya,P001,B,2,1340,2680.0,C0130
2025-06-14,Nagoya,P001,B,4,2170,8680.0,C0222
2025-06-14,Nagoya,P001,B,1,2690,2690.0,C0236
2025-06-15,Tokyo,P009,A,3,3750,11250.0,C0202
2025-06-15,Tokyo,P012,A,1,2710,2710.0,C0252
2025-06-15,Tokyo,P007,B,1,3660,3660.0,C0091
2025-06-15,Tokyo,P008,C,3,3780,11340.0,C0279
2025-06-15,Tokyo,P011,C,4,1070,4280.0,C0235
2025-06-15,Tokyo,P007,B,3,1340,4020.0,C0158
2025-06-15,Tokyo,P001,B,3,1860,5580.0,C0044
2025-06-15,Tokyo,P002,C,2,4830,9660.0,C0295
2025-06-15,Tokyo,P002,C,4,3350,13400.0,C0097
2025-06-15,Tokyo,P015,A,1,1720,1720.0,C0069
2025-06-15,Tokyo,P003,A,2,1560,3120.0,C0067
2025-06-15,Tokyo,P006,A,3,4430,13290.0,C0023
2025-06-15,Tokyo,P010,B,1,4960,4960.0,C0083
2025-06-15,Tokyo,P013,B,4,2290,9160.0,C0097
2025-06-15,Tokyo,P005,C,2,2760,5520.0,C0197
2025-06-15,Tokyo,P007,B,4,2860,11440.0,C0092
2025-06-15,Tokyo,P005,C,3,1560,4680.0,C0086
2025-06-15,Tokyo,P005,C,3,1510,4530.0,C0135
2025-06-15,Osaka,P014,C,2,4920,9840.0,C0182
2025-06-15,Osaka,P012,A,1,4660,4660.0,C0078
2025-06-15,Osaka,P003,A,1,3610,3610.0,C0188
2025-06-15,Osaka,P003,A,4,2100,8400.0,C0183
2025-06-15,Osaka,P008,C,3,3960,11880.0,C0278
2025-06-15,Osaka,P011,C,4,4470,17880.0,C0108
2025-06-15,Osaka,P009,A,1,4700,4700.0,C0290
2025-06-15,Osaka,P014,C,3,4390,13170.0,C0238
2025-06-15,Osaka,P004,B,2,3120,6240.0,C0126
2025-06-15,Osaka,P012,A,3,4900,14700.0,C0236
2025-06-15,Osaka,P001,B,2,2300,4600.0,C0190
2025-06-15,Osaka,P006,A,4,2150,8600.0,C0131
2025-06-15,Osaka,P013,B,2,1180,2360.0,C0100
2025-06-15,Osaka,P006,A,3,3840,11520.0,C0165
2025-06-15,Osaka,P007,B,3,1570,4710.0,C0055
2025-06-15,Osaka,P010,B,4,3090,12360.0,C0019
2025-06-15,Nagoya,P005,C,3,4590,13770.0,C0295
2025-06-15,Nagoya,P002,C,1,3580,3580.0,C0228
2025-06-15,Nagoya,P013,B,3,1630,4890.0,C0214
2025-06-15,Nagoya,P011,C,2,3550,7100.0,C0064
2025-06-15,Nagoya,P013,B,1,4350,4350.0,C0251
2025-06-15,Nagoya,P011,C,4,4650,18600.0,C0049
2025-06-15,Nagoya,P009,A,3,4770,14310.0,C0221
2025-06-15,Nagoya,P009,A,3,1570,4710.0,C0095
2025-06-15,Nagoya,P007,B,4,4440,17760.0,C0193
2025-06-15,Nagoya,P002,C,3,2830,8490.0,C0195
2025-06-15,Nagoya,P007,B,3,1870,5610.0,C0044
2025-06-15,Nagoya,P004,B,4,1300,,C0086
2025-06-15,Nagoya,P006,A,4,2430,9720.0,C0268
2025-06-15,Nagoya,P015,A,3,2370,7110.0,C0179
2025-06-15,Nagoya,P011,C,1,4330,4330.0,C0131
2025-06-15,Nagoya,P013,B,3,4440,13320.0,C0025
2025-06-15,Nagoya,P001,B,1,4490,4490.0,C0298
2025-06-15,Nagoya,P015,A,2,2050,4100.0,C0105
2025-06-15,Nagoya,P013,B,2,3180,6360.0,C0194
2025-06-16,Tokyo,P008,C,3,4160,12480.0,C0057
2025-06-16,Tokyo,P008,C,1,1060,1060.0,C0193
2025-06-16,Tokyo,P008,C,2,1220,2440.0,C0283
2025-06-16,Tokyo,P013,B,4,1450,5800.0,C0005
2025-06-16,Tokyo,P004,B,1,2830,2830.0,C0193
2025-06-16,Tokyo,P003,A,2,3150,6300.0,C0095
2025-06-16,Tokyo,P007,B,3,4810,14430.0,C0093
2025-06-16,Tokyo,P002,C,4,3300,13200.0,C0142
2025-06-16,Tokyo,P011,C,4,1510,6040.0,C0258
2025-06-16,Tokyo,P010,B,3,4450,13350.0,C0091
2025-06-16,Tokyo,P012,A,3,4740,14220.0,C0140
2025-06-16,Tokyo,P011,C,2,2570,5140.0,C0113
2025-06-16,Tokyo,P014,C,4,1900,7600.0,C0259
2025-06-16,Osaka,P002,C,4,1640,6560.0,C0261
2025-06-16,Osaka,P007,B,4,2930,11720.0,C0026
2025-06-16,Osaka,P012,A,3,2200,6600.0,C0062
2025-06-16,Osaka,P013,B,4,2190,8760.0,C0210
2025-06-16,Osaka,P004,B,1,3650,3650.0,C0250
2025-06-16,Osaka,P014,C,2,1570,3140.0,C0163
2025-06-16,Osaka,P011,C,4,1440,5760.0,C0197
2025-06-16,Osaka,P008,C,3,1370,4110.0,C0006
2025-06-16,Osaka,P010,B,1,3450,3450.0,C0008
2025-06-16,Osaka,P013,B,2,2800,5600.0,C0104
2025-06-16,Osaka,P007,B,3,3580,10740.0,C0207
2025-06-16,Osaka,P015,A,1,4480,4480.0,C0180
2025-06-16,Osaka,P005,C,4,3820,15280.0,C0056
2025-06-16,Osaka,P003,A,3,3910,11730.0,C0014
2025-06-16,Osaka,P010,B,3,4870,14610.0,C0222
2025-06-16,Nagoya,P001,B,4,2330,9320.0,C0166
2025-06-16,Nagoya,P014,C,4,1900,7600.0,C0072
2025-06-16,Nagoya,P011,C,4,3440,13760.0,C0017
2025-06-16,Nagoya,P003,A,3,3960,11880.0,C0269
2025-06-16,Nagoya,P008,C,2,1440,2880.0,C0234
2025-06-16,Nagoya,P015,A,1,2960,2960.0,C0107
2025-06-16,Nagoya,P012,A,4,1870,7480.0,C0285
2025-06-16,Nagoya,P003,A,4,3960,15840.0,C0049
2025-06-16,Nagoya,P011,C,2,2090,4180.0,C0026
2025-06-16,Nagoya,P012,A,4,3010,12040.0,C0233
2025-06-16,Nagoya,P006,A,3,4140,12420.0,C0129
2025-06-16,Nagoya,P010,B,1,3020,3020.0,C0255
2025-06-16,Nagoya,P012,A,2,3170,,C0186
2025-06-16,Nagoya,P015,A,4,4270,17080.0,C0226
2025-06-16,Nagoya,P006,A,2,2850,5700.0,C0128
2025-06-16,Nagoya,P015,A,4,4580,18320.0,C0182
2025-06-16,Nagoya,P003,A,1,2090,2090.0,C0195
2025-06-16,Nagoya,P006,A,3,4510,13530.0,C0100
2025-06-16,Nagoya,P014,C,3,4200,12600.0,C0018
2025-06-17,Tokyo,P014,C,4,3280,13120.0,C0010
2025-06-17,Tokyo,P001,B,2,4590,9180.0,C0113
2025-06-17,Tokyo,P014,C,3,1530,4590.0,C0168
2025-06-17,Tokyo,P006,A,1,3700,3700.0,C0062
2025-06-17,Tokyo,P014,C,4,4120,16480.0,C0023
2025-06-17,Tokyo,P015,A,2,3930,7860.0,C0058
2025-06-17,Tokyo,P012,A,2,3820,7640.0,C0083
2025-06-17,Tokyo,P014,C,3,2800,8400.0,C0137
2025-06-17,Tokyo,P001,B,2,4150,8300.0,C0249
2025-06-17,Tokyo,P015,A,1,2000,2000.0,C0230
2025-06-17,Tokyo,P006,A,1,2120,2120.0,C0275
2025-06-17,Tokyo,P013,B,1,4360,4360.0,C0167
2025-06-17,Osaka,P010,B,3,3300,9900.0,C0220
2025-06-17,Osaka,P013,B,3,1440,4320.0,C0028
2025-06-17,Osaka,P007,B,2,4450,8900.0,C0010
2025-06-17,Osaka,P014,C,1,2990,2990.0,C0127
2025-06-17,Osaka,P009,A,1,4050,4050.0,C0041
2025-06-17,Osaka,P012,A,3,4550,13650.0,C0293
2025-06-17,Osaka,P013,B,2,2650,5300.0,C0199
2025-06-17,Osaka,P010,B,4,2930,11720.0,C0139
2025-06-17,Osaka,P002,C,1,4280,4280.0,C0296
2025-06-17,Osaka,P010,B,2,1230,2460.0,C0013
2025-06-17,Osaka,P011,C,3,2130,6390.0,C0057
2025-06-17,Osaka,P002,C,3,3420,10260.0,C0100
2025-06-17,Osaka,P011,C,4,3060,12240.0,C0079
2025-06-17,Osaka,P001,B,4,3300,13200.0,C0104
2025-06-17,Osaka,P001,B,4,4700,18800.0,C0144
2025-06-17,Osaka,P005,C,3,4480,13440.0,C0176
2025-06-17,Osaka,P001,B,1,1380,1380.0,C0123
2025-06-17,Osaka,P007,B,3,4030,12090.0,C0034
2025-06-17,Nagoya,P004,B,3,1840,5520.0,C0107
2025-06-17,Nagoya,P013,B,1,2930,2930.0,C0175
2025-06-17,Nagoya,P009,A,2,2510,5020.0,C0272
2025-06-17,Nagoya,P004,B,2,2450,4900.0,C0229
2025-06-17,Nagoya,P013,B,4,1330,5320.0,C0030
2025-06-17,Nagoya,P006,A,2,1250,2500.0,C0268
2025-06-17,Nagoya,P014,C,2,4070,8140.0,C0169
2025-06-17,Nagoya,P010,B,4,1360,5440.0,C0070
2025-06-17,Nagoya,P007,B,4,3360,13440.0,C0119
2025-06-17,Nagoya,P001,B,3,2070,6210.0,C0099
2025-06-17,Nagoya,P015,A,3,1550,4650.0,C0015
2025-06-17,Nagoya,P006,A,1,2710,2710.0,C0125
2025-06-17,Nagoya,P014,C,2,2100,4200.0,C0185
2025-06-17,Nagoya,P010,B,1,1330,1330.0,C0051
2025-06-17,Nagoya,P012,A,1,4970,4970.0,C0132
2025-06-17,Nagoya,P015,A,1,2690,2690.0,C0042
2025-06-17,Nagoya,P013,B,3,1300,3900.0,C0223
2025-06-17,Nagoya,P014,C,3,4230,12690.0,C0083
2025-06-17,Nagoya,P007,B,4,3430,13720.0,C0183
2025-06-18,Tokyo,P010,B,1,1850,1850.0,C0233
2025-06-18,Tokyo,P004,B,3,2890,8670.0,C0186
2025-06-18,Tokyo,P004,B,2,3750,7500.0,C0052
2025-06-18,Tokyo,P005,C,4,1600,6400.0,C0173
2025-06-18,Tokyo,P003,A,3,1500,4500.0,C0172
2025-06-18,Tokyo,P007,B,3,1010,3030.0,C0155
2025-06-18,Tokyo,P009,A,1,2190,2190.0,C0212
2025-06-18,Tokyo,P009,A,3,4740,14220.0,C0122
2025-06-18,Tokyo,P014,C,4,3300,13200.0,C0064
2025-06-18,Tokyo,P007,B,1,3790,3790.0,C0082
2025-06-18,Tokyo,P014,C,3,2950,8850.0,C0056
2025-06-18,Tokyo,P002,C,3,4060,12180.0,C0080
2025-06-18,Tokyo,P001,B,2,4050,8100.0,C0174
2025-06-18,Tokyo,P002,C,1,1420,1420.0,C0227
2025-06-18,Tokyo,P012,A,2,3750,7500.0,C0007
2025-06-18,Tokyo,P009,A,2,4280,8560.0,C0147
2025-06-18,Tokyo,P013,B,3,2830,8490.0,C0284
2025-06-18,Osaka,P007,B,2,3580,7160.0,C0052
2025-06-18,Osaka,P006,A,4,4580,18320.0,C0125
2025-06-18,Osaka,P006,A,4,1800,7200.0,C0019
2025-06-18,Osaka,P002,C,1,4510,4510.0,C0013
2025-06-18,Osaka,P005,C,3,3430,10290.0,C0249
2025-06-18,Osaka,P015,A,2,1930,3860.0,C0028
2025-06-18,Osaka,P014,C,2,4590,9180.0,C0105
2025-06-18,Osaka,P012,A,3,3850,11550.0,C0195
2025-06-18,Osaka,P005,C,1,1040,1040.0,C0126
2025-06-18,Osaka,P014,C,3,3690,11070.0,C0078
2025-06-18,Osaka,P008,C,2,1540,3080.0,C0184
2025-06-18,Osaka,P006,A,2,3380,6760.0,C0010
2025-06-18,Osaka,P015,A,1,3710,3710.0,C0233
2025-06-18,Osaka,P003,A,1,2640,2640.0,C0245
2025-06-18,Osaka,P010,B,2,4390,8780.0,C0142
2025-06-18,Osaka,P014,C,4,1680,6720.0,C0115
2025-06-18,Osaka,P001,B,1,1090,1090.0,C0032
2025-06-18,Osaka,P001,B,3,2630,7890.0,C0141
2025-06-18,Osaka,P012,A,4,3130,12520.0,C0137
2025-06-18,Nagoya,P007,B,2,2190,4380.0,C0057
2025-06-18,Nagoya,P003,A,3,4320,12960.0,C0127
2025-06-18,Nagoya,P002,C,3,4600,13800.0,C0158
2025-06-18,Nagoya,P001,B,1,3080,3080.0,C0258
2025-06-18,Nagoya,P001,B,4,4110,16440.0,C0016
2025-06-18,Nagoya,P004,B,1,3260,3260.0,C0053
2025-06-18,Nagoya,P014,C,1,3590,3590.0,C0236
2025-06-18,Nagoya,P003,A,2,4180,8360.0,C0028
2025-06-18,Nagoya,P007,B,2,1050,2100.0,C0136
2025-06-18,Nagoya,P008,C,2,4240,8480.0,C0029
2025-06-18,Nagoya,P007,B,1,4030,4030.0,C0167
2025-06-18,Nagoya,P011,C,1,2820,2820.0,C0016
2025-06-18,Nagoya,P005,C,4,3900,15600.0,C0024
2025-06-18,Nagoya,P006,A,4,1680,6720.0,C0227
2025-06-18,Nagoya,P005,C,2,4500,9000.0,C0202
2025-06-18,Nagoya,P005,C,1,1930,1930.0,C0125
2025-06-19,Tokyo,P014,C,1,3160,3160.0,C0293
2025-06-19,Tokyo,P006,A,3,1290,3870.0,C0219
2025-06-19,Tokyo,P015,A,4,1590,6360.0,C0106
2025-06-19,Tokyo,P011,C,4,2610,10440.0,C0288
2025-06-19,Tokyo,P004,B,3,2980,8940.0,C0213
2025-06-19,Tokyo,P009,A,2,4260,8520.0,C0252
2025-06-19,Tokyo,P013,B,1,2690,2690.0,C0225
2025-06-19,Tokyo,P014,C,2,3960,7920.0,C0170
2025-06-19,Tokyo,P004,B,4,2770,11080.0,C0181
2025-06-19,Tokyo,P005,C,1,2810,2810.0,C0217
2025-06-19,Tokyo,P005,C,4,4000,16000.0,C0192
2025-06-19,Osaka,P013,B,3,4300,12900.0,C0214
2025-06-19,Osaka,P013,B,1,2370,2370.0,C0266
2025-06-19,Osaka,P008,C,1,4390,4390.0,C0197
2025-06-19,Osaka,P014,C,1,1580,1580.0,C0153
2025-06-19,Osaka,P003,A,3,2380,7140.0,C0063
2025-06-19,Osaka,P012,A,1,4490,4490.0,C0046
2025-06-19,Osaka,P009,A,4,1450,5800.0,C0278
2025-06-19,Osaka,P005,C,3,4420,13260.0,C0070
2025-06-19,Osaka,P006,A,4,1410,5640.0,C0033
2025-06-19,Osaka,P005,C,3,4220,12660.0,C0169
2025-06-19,Osaka,P008,C,4,1680,6720.0,C0270
2025-06-19,Osaka,P005,C,2,4810,9620.0,C0194
2025-06-19,Osaka,P007,B,2,2760,5520.0,C0237
2025-06-19,Osaka,P003,A,1,2210,2210.0,C0145
2025-06-19,Osaka,P013,B,1,4140,4140.0,C0272
2025-06-19,Osaka,P007,B,4,4570,18280.0,C0239
2025-06-19,Osaka,P006,A,2,4450,8900.0,C0133
2025-06-19,Osaka,P001,B,3,2380,7140.0,C0280
2025-06-19,Nagoya,P002,C,4,4790,19160.0,C0227
2025-06-19,Nagoya,P005,C,3,4470,13410.0,C0244
2025-06-19,Nagoya,P007,B,3,2540,7620.0,C0077
2025-06-19,Nagoya,P011,C,2,1890,3780.0,C0198
2025-06-19,Nagoya,P005,C,3,2440,7320.0,C0265
2025-06-19,Nagoya,P013,B,2,3840,7680.0,C0054
2025-06-19,Nagoya,P015,A,1,4460,4460.0,C0253
2025-06-19,Nagoya,P003,A,1,3940,3940.0,C0260
2025-06-19,Nagoya,P011,C,1,3580,3580.0,C0118
2025-06-19,Nagoya,P014,C,4,4190,16760.0,C0122
2025-06-19,Nagoya,P005,C,4,1460,5840.0,C0030
2025-06-19,Nagoya,P001,B,3,1300,3900.0,C0175
2025-06-19,Nagoya,P003,A,4,2720,10880.0,C0028
2025-06-19,Nagoya,P011,C,2,2040,4080.0,C0198
2025-06-19,Nagoya,P015,A,4,2740,10960.0,C0254
2025-06-19,Nagoya,P004,B,4,4760,19040.0,C0155
2025-06-19,Nagoya,P008,C,3,1290,3870.0,C0257
2025-06-19,Nagoya,P012,A,4,1460,5840.0,C0240
2025-06-20,Tokyo,P013,B,4,4510,18040.0,C0274
2025-06-20,Tokyo,P002,C,2,2170,4340.0,C0154
2025-06-20,Tokyo,P015,A,3,3170,9510.0,C0241
2025-06-20,Tokyo,P003,A,3,3010,9030.0,C0061
2025-06-20,Tokyo,P010,B,4,4310,17240.0,C0253
2025-06-20,Tokyo,P013,B,2,1190,2380.0,C0289
2025-06-20,Tokyo,P007,B,3,1080,3240.0,C0266
2025-06-20,Tokyo,P014,C,4,1690,6760.0,C0253
2025-06-20,Tokyo,P010,B,1,3280,3280.0,C0143
2025-06-20,Tokyo,P010,B,1,3250,3250.0,C0203
2025-06-20,Tokyo,P011,C,4,3500,14000.0,C0210
2025-06-20,Tokyo,P002,C,4,2460,9840.0,C0164
2025-06-20,Tokyo,P009,A,4,2300,9200.0,C0115
2025-06-20,Osaka,P010,B,2,2370,4740.0,C0248
2025-06-20,Osaka,P013,B,1,2590,2590.0,C0231
2025-06-20,Osaka,P002,C,1,1630,1630.0,C0158
2025-06-20,Osaka,P007,B,2,1540,3080.0,C0191
2025-06-20,Osaka,P013,B,1,3660,3660.0,C0238
2025-06-20,Osaka,P009,A,3,1660,4980.0,C0287
2025-06-20,Osaka,P015,A,3,4610,13830.0,C0182
2025-06-20,Osaka,P010,B,4,1150,4600.0,C0066
2025-06-20,Osaka,P004,B,3,1960,5880.0,C0117
2025-06-20,Osaka,P008,C,3,3060,9180.0,C0008
2025-06-20,Osaka,P011,C,2,1450,2900.0,C0195
2025-06-20,Osaka,P005,C,2,4860,9720.0,C0072
2025-06-20,Osaka,P014,C,2,4730,9460.0,C0255
2025-06-20,Osaka,P013,B,1,4160,4160.0,C0110
2025-06-20,Osaka,P014,C,4,3440,13760.0,C0273
2025-06-20,Osaka,P008,C,1,4490,4490.0,C0159
2025-06-20,Osaka,P001,B,1,3890,3890.0,C0277
2025-06-20,Nagoya,P007,B,2,2670,5340.0,C0097
2025-06-20,Nagoya,P005,C,1,3270,3270.0,C0066
2025-06-20,Nagoya,P003,A,2,4190,8380.0,C0172
2025-06-20,Nagoya,P008,C,3,3260,9780.0,C0149
2025-06-20,Nagoya,P013,B,3,1740,5220.0,C0245
2025-06-20,Nagoya,P003,A,1,2680,2680.0,C0118
2025-06-20,Nagoya,P012,A,3,1230,3690.0,C0150
2025-06-20,Nagoya,P012,A,3,3000,9000.0,C0185
2025-06-20,Nagoya,P009,A,1,3250,3250.0,C0202
2025-06-20,Nagoya,P001,B,3,1990,5970.0,C0003
2025-06-20,Nagoya,P012,A,2,2640,5280.0,C0187
2025-06-20,Nagoya,P009,A,3,4770,14310.0,C0195
2025-06-20,Nagoya,P001,B,1,2790,2790.0,C0142
2025-06-20,Nagoya,P006,A,1,1420,1420.0,C0044
2025-06-20,Nagoya,P015,A,2,4840,9680.0,C0101
2025-06-20,Nagoya,P005,C,2,4780,9560.0,C0169
2025-06-21,Tokyo,P005,C,4,1610,6440.0,C0250
2025-06-21,Tokyo,P014,C,1,3230,3230.0,C0180
2025-06-21,Tokyo,P012,A,4,1240,4960.0,C0096
2025-06-21,Tokyo,P015,A,2,1980,3960.0,C0189
2025-06-21,Tokyo,P003,A,1,4190,4190.0,C0036
2025-06-21,Tokyo,P014,C,1,1420,1420.0,C0222
2025-06-21,Tokyo,P003,A,2,2400,4800.0,C0152
2025-06-21,Tokyo,P008,C,1,1930,1930.0,C0059
2025-06-21,Tokyo,P001,B,3,2880,8640.0,C0033
2025-06-21,Tokyo,P005,C,3,2140,6420.0,C0120
2025-06-21,Osaka,P011,C,3,2520,7560.0,C0145
2025-06-21,Osaka,P013,B,4,1220,4880.0,C0251
2025-06-21,Osaka,P014,C,4,2070,8280.0,C0150
2025-06-21,Osaka,P001,B,1,3240,3240.0,C0062
2025-06-21,Osaka,P004,B,2,2830,5660.0,C0046
2025-06-21,Osaka,P013,B,3,4160,12480.0,C0277
2025-06-21,Osaka,P010,B,2,4910,9820.0,C0170
2025-06-21,Osaka,P007,B,2,1150,2300.0,C0286
2025-06-21,Osaka,P013,B,3,1880,5640.0,C0278
2025-06-21,Osaka,P003,A,1,1280,1280.0,C0087
2025-06-21,Osaka,P005,C,4,2300,9200.0,C0286
2025-06-21,Osaka,P005,C,3,3370,10110.0,C0248
2025-06-21,Osaka,P012,A,4,4750,19000.0,C0036
2025-06-21,Osaka,P002,C,2,1600,3200.0,C0148
2025-06-21,Osaka,P009,A,2,1390,2780.0,C0289
2025-06-21,Osaka,P006,A,4,3490,13960.0,C0198
2025-06-21,Osaka,P012,A,2,1870,3740.0,C0299
2025-06-21,Nagoya,P005,C,3,2570,7710.0,C0258
2025-06-21,Nagoya,P008,C,2,3760,7520.0,C0225
2025-06-21,Nagoya,P006,A,4,1930,7720.0,C0072
2025-06-21,Nagoya,P013,B,3,1140,3420.0,C0202
2025-06-21,Nagoya,P005,C,2,2690,5380.0,C0136
2025-06-21,Nagoya,P014,C,2,2180,4360.0,C0232
2025-06-21,Nagoya,P009,A,1,3520,3520.0,C0150
2025-06-21,Nagoya,P009,A,1,2910,2910.0,C0194
2025-06-21,Nagoya,P011,C,3,4990,14970.0,C0150
2025-06-21,Nagoya,P007,B,3,2310,6930.0,C0095
2025-06-21,Nagoya,P011,C,2,3990,7980.0,C0223
2025-06-21,Nagoya,P015,A,1,2450,2450.0,C0231
2025-06-21,Nagoya,P007,B,3,3940,11820.0,C0265
2025-06-21,Nagoya,P004,B,2,2880,5760.0,C0152
2025-06-21,Nagoya,P014,C,1,1980,1980.0,C0273
2025-06-21,Nagoya,P010,B,3,1990,5970.0,C0187
2025-06-22,Tokyo,P011,C,1,2130,2130.0,C0193
2025-06-22,Tokyo,P010,B,4,4200,16800.0,C0005
2025-06-22,Tokyo,P002,C,2,4830,9660.0,C0143
2025-06-22,Tokyo,P014,C,1,4850,4850.0,C0019
2025-06-22,Tokyo,P013,B,4,2170,8680.0,C0090
2025-06-22,Tokyo,P009,A,3,1480,4440.0,C0071
2025-06-22,Tokyo,P012,A,4,1610,6440.0,C0266
2025-06-22,Tokyo,P014,C,4,1960,7840.0,C0201
2025-06-22,Tokyo,P003,A,1,1280,1280.0,C0148
2025-06-22,Tokyo,P011,C,1,1740,1740.0,C0083
2025-06-22,Tokyo,P003,A,4,1670,6680.0,C0084
2025-06-22,Tokyo,P005,C,1,4760,4760.0,C0063
2025-06-22,Tokyo,P008,C,3,2040,6120.0,C0141
2025-06-22,Osaka,P008,C,1,2750,2750.0,C0110
2025-06-22,Osaka,P006,A,1,4990,4990.0,C0009
2025-06-22,Osaka,P003,A,1,4910,4910.0,C0096
2025-06-22,Osaka,P007,B,4,1200,4800.0,C0021
2025-06-22,Osaka,P003,A,3,4910,14730.0,C0186
2025-06-22,Osaka,P014,C,4,2100,8400.0,C0056
2025-06-22,Osaka,P003,A,4,3670,14680.0,C0259
2025-06-22,Osaka,P008,C,4,4570,18280.0,C0242
2025-06-22,Osaka,P013,B,1,3970,3970.0,C0284
2025-06-22,Osaka,P005,C,4,2400,9600.0,C0064
2025-06-22,Osaka,P011,C,1,2920,2920.0,C0280
2025-06-22,Nagoya,P003,A,4,4100,16400.0,C0139
2025-06-22,Nagoya,P007,B,4,3890,15560.0,C0272
2025-06-22,Nagoya,P002,C,3,3900,11700.0,C0011
2025-06-22,Nagoya,P008,C,1,4600,4600.0,C0204
2025-06-22,Nagoya,P003,A,3,1430,4290.0,C0241
2025-06-22,Nagoya,P003,A,3,1310,3930.0,C0048
2025-06-22,Nagoya,P015,A,2,1490,2980.0,C0210
2025-06-22,Nagoya,P004,B,3,4230,12690.0,C0205
2025-06-22,Nagoya,P004,B,1,1880,1880.0,C0189
2025-06-22,Nagoya,P011,C,3,2590,7770.0,C0019
2025-06-22,Nagoya,P013,B,3,3550,10650.0,C0032
2025-06-23,Tokyo,P005,C,3,4140,12420.0,C0260
2025-06-23,Tokyo,P008,C,2,2630,5260.0,C0221
2025-06-23,Tokyo,P005,C,2,4140,8280.0,C0163
2025-06-23,Tokyo,P008,C,3,2150,6450.0,C0019
2025-06-23,Tokyo,P012,A,2,2300,4600.0,C0029
2025-06-23,Tokyo,P014,C,3,2090,6270.0,C0182
2025-06-23,Tokyo,P007,B,2,2240,4480.0,C0023
2025-06-23,Tokyo,P015,A,4,4480,17920.0,C0095
2025-06-23,Tokyo,P015,A,2,4290,8580.0,C0031
2025-06-23,Tokyo,P005,C,3,4870,14610.0,C0080
2025-06-23,Tokyo,P007,B,4,2880,11520.0,C0205
2025-06-23,Tokyo,P007,B,1,2130,2130.0,C0170
2025-06-23,Osaka,P004,B,4,1060,4240.0,C0074
2025-06-23,Osaka,P010,B,3,1810,5430.0,C0018
2025-06-23,Osaka,P014,C,3,3290,9870.0,C0018
2025-06-23,Osaka,P004,B,1,4910,4910.0,C0231
2025-06-23,Osaka,P009,A,3,1660,4980.0,C0296
2025-06-23,Osaka,P008,C,3,4830,14490.0,C0029
2025-06-23,Osaka,P007,B,1,2700,,C0080
2025-06-23,Osaka,P007,B,3,2120,6360.0,C0016
2025-06-23,Osaka,P003,A,3,3310,9930.0,C0293
2025-06-23,Osaka,P014,C,1,3940,3940.0,C0028
2025-06-23,Nagoya,P012,A,2,4990,9980.0,C0002
2025-06-23,Nagoya,P008,C,2,4940,9880.0,C0201
2025-06-23,Nagoya,P012,A,2,4570,9140.0,C0252
2025-06-23,Nagoya,P012,A,2,4680,9360.0,C0201
2025-06-23,Nagoya,P001,B,4,1080,4320.0,C0205
2025-06-23,Nagoya,P004,B,4,3910,15640.0,C0242
2025-06-23,Nagoya,P011,C,3,4450,13350.0,C0089
2025-06-23,Nagoya,P008,C,2,1450,2900.0,C0262
2025-06-23,Nagoya,P008,C,1,4300,4300.0,C0282
2025-06-23,Nagoya,P010,B,2,4430,8860.0,C0221
2025-06-24,Tokyo,P005,C,4,4810,19240.0,C0203
2025-06-24,Tokyo,P001,B,1,2410,2410.0,C0161
2025-06-24,Tokyo,P014,C,4,2090,8360.0,C0033
2025-06-24,Tokyo,P005,C,1,4590,4590.0,C0005
2025-06-24,Tokyo,P013,B,3,1420,4260.0,C0205
2025-06-24,Tokyo,P009,A,1,1890,1890.0,C0105
2025-06-24,Tokyo,P004,B,3,3460,10380.0,C0051
2025-06-24,Tokyo,P002,C,3,2870,8610.0,C0080
2025-06-24,Tokyo,P004,B,1,4410,4410.0,C0252
2025-06-24,Tokyo,P009,A,2,1860,3720.0,C0092
2025-06-24,Tokyo,P014,C,1,4290,4290.0,C0092
2025-06-24,Tokyo,P004,B,4,4840,19360.0,C0297
2025-06-24,Osaka,P009,A,2,1770,3540.0,C0116
2025-06-24,Osaka,P001,B,1,3380,3380.0,C0206
2025-06-24,Osaka,P005,C,3,4050,12150.0,C0268
2025-06-24,Osaka,P009,A,1,3850,3850.0,C0051
2025-06-24,Osaka,P003,A,2,2310,4620.0,C0044
2025-06-24,Osaka,P001,B,4,3700,14800.0,C0215
2025-06-24,Osaka,P001,B,4,2450,9800.0,C0224
2025-06-24,Osaka,P008,C,1,2040,2040.0,C0043
2025-06-24,Osaka,P013,B,2,4120,8240.0,C0248
2025-06-24,Osaka,P003,A,2,1490,2980.0,C0003
2025-06-24,Osaka,P015,A,3,2800,8400.0,C0060
2025-06-24,Osaka,P009,A,3,1890,5670.0,C0005
2025-06-24,Nagoya,P008,C,4,2570,10280.0,C0030
2025-06-24,Nagoya,P014,C,2,3880,7760.0,C0013
2025-06-24,Nagoya,P001,B,1,4150,4150.0,C0072
2025-06-24,Nagoya,P012,A,4,3650,14600.0,C0295
2025-06-24,Nagoya,P014,C,3,4210,12630.0,C0181
2025-06-24,Nagoya,P004,B,1,2520,2520.0,C0143
2025-06-24,Nagoya,P006,A,1,3010,3010.0,C0150
2025-06-24,Nagoya,P015,A,4,3460,13840.0,C0255
2025-06-24,Nagoya,P005,C,4,4760,19040.0,C0038
2025-06-24,Nagoya,P011,C,2,2060,4120.0,C0124
2025-06-24,Nagoya,P014,C,4,2370,9480.0,C0139
2025-06-24,Nagoya,P008,C,3,2910,8730.0,C0119
2025-06-24,Nagoya,P014,C,2,2060,4120.0,C0098
2025-06-24,Nagoya,P005,C,3,3640,10920.0,C0041
2025-06-25,Tokyo,P004,B,1,3670,3670.0,C0063
2025-06-25,Tokyo,P012,A,4,3770,15080.0,C0233
2025-06-25,Tokyo,P008,C,2,3450,6900.0,C0107
2025-06-25,Tokyo,P014,C,2,2990,5980.0,C0202
2025-06-25,Tokyo,P003,A,3,4010,12030.0,C0233
2025-06-25,Tokyo,P004,B,1,1770,1770.0,C0245
2025-06-25,Tokyo,P004,B,1,3380,3380.0,C0264
2025-06-25,Tokyo,P004,B,1,1560,1560.0,C0039
2025-06-25,Tokyo,P004,B,1,3540,3540.0,C0067
2025-06-25,Tokyo,P009,A,2,3610,7220.0,C0196
2025-06-25,Tokyo,P009,A,4,1780,7120.0,C0157
2025-06-25,Tokyo,P006,A,3,1550,4650.0,C0096
2025-06-25,Tokyo,P015,A,4,2700,10800.0,C0034
2025-06-25,Tokyo,P010,B,2,2310,4620.0,C0029
2025-06-25,Tokyo,P005,C,1,1130,1130.0,C0176
2025-06-25,Tokyo,P015,A,1,1200,1200.0,C0031
2025-06-25,Tokyo,P009,A,4,2230,8920.0,C0036
2025-06-25,Tokyo,P002,C,3,2420,7260.0,C0106
2025-06-25,Osaka,P014,C,2,3830,7660.0,C0222
2025-06-25,Osaka,P001,B,1,4580,4580.0,C0264
2025-06-25,Osaka,P007,B,1,2190,2190.0,C0284
2025-06-25,Osaka,P011,C,1,3870,3870.0,C0044
2025-06-25,Osaka,P005,C,2,2400,4800.0,C0209
2025-06-25,Osaka,P003,A,4,3370,13480.0,C0092
2025-06-25,Osaka,P015,A,2,2660,5320.0,C0007
2025-06-25,Osaka,P015,A,4,1700,6800.0,C0284
2025-06-25,Osaka,P012,A,2,4710,9420.0,C0168
2025-06-25,Osaka,P011,C,1,1430,1430.0,C0158
2025-06-25,Osaka,P005,C,4,1340,5360.0,C0229
2025-06-25,Osaka,P010,B,4,4990,19960.0,C0261
2025-06-25,Nagoya,P011,C,1,2940,2940.0,C0081
2025-06-25,Nagoya,P004,B,3,1500,4500.0,C0171
2025-06-25,Nagoya,P007,B,1,3240,3240.0,C0225
2025-06-25,Nagoya,P010,B,1,3240,3240.0,C0187
2025-06-25,Nagoya,P011,C,2,1370,2740.0,C0039
2025-06-25,Nagoya,P005,C,3,3950,11850.0,C0202
2025-06-25,Nagoya,P005,C,2,1180,2360.0,C0239
2025-06-25,Nagoya,P006,A,3,2790,8370.0,C0086
2025-06-25,Nagoya,P003,A,4,1470,5880.0,C0283
2025-06-25,Nagoya,P002,C,1,4610,4610.0,C0283
2025-06-25,Nagoya,P014,C,4,2970,11880.0,C0032
2025-06-25,Nagoya,P009,A,3,3940,11820.0,C0011
2025-06-25,Nagoya,P002,C,3,4420,13260.0,C0280
2025-06-26,Tokyo,P006,A,2,3030,6060.0,C0186
2025-06-26,Tokyo,P004,B,2,3160,6320.0,C0255
2025-06-26,Tokyo,P013,B,4,1860,7440.0,C0122
2025-06-26,Tokyo,P009,A,4,2410,9640.0,C0275
2025-06-26,Tokyo,P012,A,3,3800,11400.0,C0238
2025-06-26,Tokyo,P011,C,3,2510,7530.0,C0128
2025-06-26,Tokyo,P009,A,4,3600,14400.0,C0296
2025-06-26,Tokyo,P011,C,2,3300,6600.0,C0187
2025-06-26,Tokyo,P014,C,2,1990,3980.0,C0061
2025-06-26,Tokyo,P001,B,3,4850,14550.0,C0184
2025-06-26,Tokyo,P001,B,2,4610,9220.0,C0016
2025-06-26,Tokyo,P010,B,2,4670,9340.0,C0154
2025-06-26,Tokyo,P009,A,3,4280,12840.0,C0155
2025-06-26,Tokyo,P011,C,4,3100,12400.0,C0215
2025-06-26,Tokyo,P006,A,2,1010,2020.0,C0201
2025-06-26,Osaka,P013,B,4,4500,18000.0,C0083
2025-06-26,Osaka,P010,B,4,3020,12080.0,C0153
2025-06-26,Osaka,P007,B,2,3290,6580.0,C0297
2025-06-26,Osaka,P004,B,1,1220,1220.0,C0175
2025-06-26,Osaka,P005,C,2,4800,9600.0,C0023
2025-06-26,Osaka,P003,A,1,2820,2820.0,C0208
2025-06-26,Osaka,P003,A,1,1340,1340.0,C0240
2025-06-26,Osaka,P001,B,3,3310,9930.0,C0031
2025-06-26,Osaka,P009,A,2,3050,6100.0,C0042
2025-06-26,Osaka,P011,C,4,1010,4040.0,C0160
2025-06-26,Osaka,P010,B,1,3890,3890.0,C0163
2025-06-26,Osaka,P005,C,2,3720,7440.0,C0193
2025-06-26,Nagoya,P001,B,4,1140,4560.0,C0195
2025-06-26,Nagoya,P006,A,1,3750,3750.0,C0166
2025-06-26,Nagoya,P010,B,2,2110,4220.0,C0187
2025-06-26,Nagoya,P004,B,4,3730,14920.0,C0299
2025-06-26,Nagoya,P001,B,3,3220,9660.0,C0257
2025-06-26,Nagoya,P007,B,4,1950,7800.0,C0256
2025-06-26,Nagoya,P008,C,4,1860,7440.0,C0078
2025-06-26,Nagoya,P009,A,3,1590,4770.0,C0195
2025-06-26,Nagoya,P007,B,1,3040,3040.0,C0209
2025-06-26,Nagoya,P001,B,4,3440,13760.0,C0078
2025-06-26,Nagoya,P012,A,4,4820,19280.0,C0237
2025-06-26,Nagoya,P004,B,1,1830,1830.0,C0262
2025-06-26,Nagoya,P005,C,2,4560,9120.0,C0062
2025-06-26,Nagoya,P007,B,2,2200,4400.0,C0179
2025-06-26,Nagoya,P012,A,2,1150,2300.0,C0192
2025-06-26,Nagoya,P009,A,3,2800,8400.0,C0233
2025-06-26,Nagoya,P010,B,4,3920,15680.0,C0149
2025-06-27,Tokyo,P009,A,3,3280,9840.0,C0157
2025-06-27,Tokyo,P006,A,1,2710,2710.0,C0264
2025-06-27,Tokyo,P011,C,4,3940,15760.0,C0276
2025-06-27,Tokyo,P004,B,3,1270,3810.0,C0074
2025-06-27,Tokyo,P001,B,2,1560,3120.0,C0116
2025-06-27,Tokyo,P003,A,1,2910,2910.0,C0123
2025-06-27,Tokyo,P007,B,2,2630,5260.0,C0002
2025-06-27,Tokyo,P008,C,4,1550,6200.0,C0044
2025-06-27,Tokyo,P012,A,3,2020,6060.0,C0235
2025-06-27,Tokyo,P005,C,3,3220,9660.0,C0051
2025-06-27,Tokyo,P012,A,3,1830,5490.0,C0227
2025-06-27,Tokyo,P010,B,4,4280,17120.0,C0096
2025-06-27,Tokyo,P015,A,1,2330,2330.0,C0182
2025-06-27,Osaka,P004,B,1,4120,4120.0,C0262
2025-06-27,Osaka,P011,C,3,4090,12270.0,C0072
2025-06-27,Osaka,P015,A,1,3330,3330.0,C0102
2025-06-27,Osaka,P014,C,1,3560,3560.0,C0047
2025-06-27,Osaka,P003,A,2,4190,8380.0,C0084
2025-06-27,Osaka,P011,C,3,4910,14730.0,C0090
2025-06-27,Osaka,P004,B,4,2330,9320.0,C0065
2025-06-27,Osaka,P013,B,4,1250,5000.0,C0256
2025-06-27,Osaka,P010,B,2,3140,6280.0,C0072
2025-06-27,Osaka,P003,A,1,1660,1660.0,C0175
2025-06-27,Osaka,P013,B,2,1060,2120.0,C0129
2025-06-27,Osaka,P012,A,4,3930,15720.0,C0111
2025-06-27,Osaka,P010,B,1,2630,2630.0,C0161
2025-06-27,Osaka,P001,B,1,4200,4200.0,C0066
2025-06-27,Osaka,P002,C,3,2120,6360.0,C0293
2025-06-27,Nagoya,P013,B,2,4500,9000.0,C0077
2025-06-27,Nagoya,P004,B,4,3690,14760.0,C0026
2025-06-27,Nagoya,P014,C,1,3720,3720.0,C0132
2025-06-27,Nagoya,P001,B,4,3740,14960.0,C0265
2025-06-27,Nagoya,P010,B,4,4620,18480.0,C0292
2025-06-27,Nagoya,P009,A,1,2380,2380.0,C0186
2025-06-27,Nagoya,P002,C,1,2570,2570.0,C0273
2025-06-27,Nagoya,P005,C,4,4210,16840.0,C0091
2025-06-27,Nagoya,P004,B,4,4020,16080.0,C0189
2025-06-27,Nagoya,P015,A,1,2540,2540.0,C0181
2025-06-27,Nagoya,P002,C,4,3280,13120.0,C0093
2025-06-27,Nagoya,P004,B,1,3370,3370.0,C0293
2025-06-27,Nagoya,P001,B,2,3640,7280.0,C0129
2025-06-27,Nagoya,P010,B,3,4860,14580.0,C0181
2025-06-27,Nagoya,P011,C,2,1600,3200.0,C0030
2025-06-27,Nagoya,P002,C,4,1160,4640.0,C0145
2025-06-27,Nagoya,P010,B,3,1260,3780.0,C0258
2025-06-27,Nagoya,P007,B,1,1530,1530.0,C0257
2025-06-27,Nagoya,P015,A,4,2330,9320.0,C0284
2025-06-28,Tokyo,P004,B,4,2280,9120.0,C0156
2025-06-28,Tokyo,P010,B,1,4700,4700.0,C0050
2025-06-28,Tokyo,P015,A,2,2660,5320.0,C0076
2025-06-28,Tokyo,P009,A,1,1680,1680.0,C0156
2025-06-28,Tokyo,P011,C,4,4340,17360.0,C0276
2025-06-28,Tokyo,P012,A,4,2380,9520.0,C0271
2025-06-28,Tokyo,P015,A,3,1480,4440.0,C0013
2025-06-28,Tokyo,P008,C,3,3210,9630.0,C0268
2025-06-28,Tokyo,P009,A,3,4030,12090.0,C0268
2025-06-28,Tokyo,P010,B,3,1300,3900.0,C0193
2025-06-28,Tokyo,P003,A,2,3120,6240.0,C0025
2025-06-28,Tokyo,P011,C,2,3050,6100.0,C0105
2025-06-28,Osaka,P006,A,1,1780,1780.0,C0235
2025-06-28,Osaka,P002,C,2,1560,3120.0,C0162
2025-06-28,Osaka,P010,B,2,4080,8160.0,C0080
2025-06-28,Osaka,P009,A,2,3030,6060.0,C0019
2025-06-28,Osaka,P005,C,3,4110,12330.0,C0082
2025-06-28,Osaka,P004,B,2,2110,4220.0,C0298
2025-06-28,Osaka,P010,B,2,2840,5680.0,C0153
2025-06-28,Osaka,P009,A,2,4890,9780.0,C0087
2025-06-28,Osaka,P007,B,1,2960,2960.0,C0256
2025-06-28,Osaka,P015,A,2,1550,3100.0,C0216
2025-06-28,Osaka,P010,B,4,3020,12080.0,C0001
2025-06-28,Osaka,P014,C,3,4200,12600.0,C0036
2025-06-28,Osaka,P007,B,2,2070,4140.0,C0254
2025-06-28,Nagoya,P002,C,1,4950,4950.0,C0034
2025-06-28,Nagoya,P009,A,1,2570,2570.0,C0166
2025-06-28,Nagoya,P001,B,1,3340,3340.0,C0005
2025-06-28,Nagoya,P008,C,3,1860,5580.0,C0049
2025-06-28,Nagoya,P008,C,3,1050,3150.0,C0101
2025-06-28,Nagoya,P015,A,2,2320,4640.0,C0221
2025-06-28,Nagoya,P008,C,2,4130,8260.0,C0010
2025-06-28,Nagoya,P011,C,2,4550,9100.0,C0217
2025-06-28,Nagoya,P015,A,1,1750,1750.0,C0271
2025-06-28,Nagoya,P006,A,4,3740,14960.0,C0150
2025-06-28,Nagoya,P001,B,1,3860,3860.0,C0030
2025-06-29,Tokyo,P004,B,4,3500,14000.0,C0215
2025-06-29,Tokyo,P010,B,3,2020,6060.0,C0129
2025-06-29,Tokyo,P009,A,4,4590,18360.0,C0221
2025-06-29,Tokyo,P013,B,4,3670,14680.0,C0247
2025-06-29,Tokyo,P002,C,1,2770,2770.0,C0017
2025-06-29,Tokyo,P006,A,1,4830,4830.0,C0196
2025-06-29,Tokyo,P001,B,3,3920,11760.0,C0098
2025-06-29,Tokyo,P014,C,4,4920,19680.0,C0028
2025-06-29,Tokyo,P007,B,4,2770,11080.0,C0144
2025-06-29,Tokyo,P005,C,2,3770,7540.0,C0008
2025-06-29,Osaka,P011,C,1,4080,4080.0,C0156
2025-06-29,Osaka,P005,C,2,3060,6120.0,C0063
2025-06-29,Osaka,P010,B,3,2470,7410.0,C0138
2025-06-29,Osaka,P010,B,3,2730,8190.0,C0286
2025-06-29,Osaka,P014,C,2,3870,7740.0,C0243
2025-06-29,Osaka,P002,C,3,4190,12570.0,C0018
2025-06-29,Osaka,P006,A,4,4740,18960.0,C0297
2025-06-29,Osaka,P010,B,1,1110,1110.0,C0243
2025-06-29,Osaka,P012,A,1,1520,1520.0,C0044
2025-06-29,Osaka,P014,C,4,4790,19160.0,C0034
2025-06-29,Osaka,P011,C,4,3130,12520.0,C0232
2025-06-29,Osaka,P010,B,1,2710,2710.0,C0079
2025-06-29,Osaka,P002,C,3,4710,,C0017
2025-06-29,Osaka,P005,C,3,2250,6750.0,C0035
2025-06-29,Osaka,P003,A,1,4960,4960.0,C0147
2025-06-29,Osaka,P015,A,3,2390,7170.0,C0282
2025-06-29,Osaka,P004,B,1,4220,4220.0,C0166
2025-06-29,Nagoya,P009,A,4,2120,8480.0,C0270
2025-06-29,Nagoya,P014,C,4,1620,6480.0,C0027
2025-06-29,Nagoya,P002,C,3,2590,7770.0,C0296
2025-06-29,Nagoya,P001,B,2,2050,4100.0,C0264
2025-06-29,Nagoya,P002,C,2,4460,8920.0,C0291
2025-06-29,Nagoya,P014,C,3,1650,4950.0,C0029
2025-06-29,Nagoya,P007,B,2,3050,6100.0,C0015
2025-06-29,Nagoya,P011,C,2,1430,2860.0,C0274
2025-06-29,Nagoya,P006,A,1,2960,2960.0,C0285
2025-06-29,Nagoya,P013,B,1,3740,3740.0,C0199
2025-06-29,Nagoya,P014,C,4,3980,15920.0,C0196
2025-06-29,Nagoya,P006,A,4,4770,19080.0,C0297
2025-06-29,Nagoya,P015,A,3,4820,14460.0,C0234
2025-06-29,Nagoya,P004,B,1,4920,4920.0,C0128
2025-06-30,Tokyo,P005,C,2,4290,8580.0,C0158
2025-06-30,Tokyo,P011,C,2,3450,6900.0,C0146
2025-06-30,Tokyo,P014,C,2,1350,2700.0,C0221
2025-06-30,Tokyo,P015,A,4,1400,5600.0,C0299
2025-06-30,Tokyo,P006,A,4,3520,14080.0,C0291
2025-06-30,Tokyo,P006,A,3,3730,11190.0,C0047
2025-06-30,Tokyo,P012,A,1,4310,4310.0,C0038
2025-06-30,Tokyo,P003,A,2,1720,3440.0,C0023
2025-06-30,Tokyo,P001,B,2,2960,5920.0,C0014
2025-06-30,Tokyo,P003,A,3,2270,6810.0,C0227
2025-06-30,Tokyo,P013,B,1,4790,4790.0,C0205
2025-06-30,Tokyo,P013,B,2,1000,2000.0,C0265
2025-06-30,Tokyo,P009,A,1,1660,1660.0,C0062
2025-06-30,Tokyo,P006,A,2,2710,5420.0,C0260
2025-06-30,Tokyo,P015,A,3,3530,10590.0,C0259
2025-06-30,Tokyo,P005,C,3,3570,10710.0,C0086
2025-06-30,Tokyo,P015,A,1,1230,1230.0,C0097
2025-06-30,Tokyo,P013,B,2,1860,3720.0,C0261
2025-06-30,Osaka,P003,A,4,2280,9120.0,C0001
2025-06-30,Osaka,P007,B,3,4020,12060.0,C0027
2025-06-30,Osaka,P005,C,3,3640,10920.0,C0186
2025-06-30,Osaka,P006,A,4,1310,5240.0,C0246
2025-06-30,Osaka,P015,A,3,2710,8130.0,C0114
2025-06-30,Osaka,P007,B,1,1880,1880.0,C0191
2025-06-30,Osaka,P009,A,2,2890,5780.0,C0024
2025-06-30,Osaka,P014,C,4,1980,7920.0,C0095
2025-06-30,Osaka,P010,B,1,1400,1400.0,C0270
2025-06-30,Osaka,P003,A,3,4520,13560.0,C0220
2025-06-30,Osaka,P005,C,1,3870,3870.0,C0121
2025-06-30,Nagoya,P010,B,1,2000,2000.0,C0223
2025-06-30,Nagoya,P011,C,3,1930,5790.0,C0075
2025-06-30,Nagoya,P004,B,3,1040,3120.0,C0244
2025-06-30,Nagoya,P005,C,2,1980,3960.0,C0128
2025-06-30,Nagoya,P012,A,1,3270,3270.0,C0018
2025-06-30,Nagoya,P003,A,3,3270,9810.0,C0183
2025-06-30,Nagoya,P004,B,1,2700,2700.0,C0039
2025-06-30,Nagoya,P014,C,2,3870,7740.0,C0047
2025-06-30,Nagoya,P010,B,1,2120,2120.0,C0124
2025-06-30,Nagoya,P002,C,1,4010,4010.0,C0104
2025-06-30,Nagoya,P009,A,3,3490,10470.0,C0188
2025-06-30,Nagoya,P015,A,3,2390,7170.0,C0086
2025-06-30,Nagoya,P013,B,2,3230,6460.0,C0244
2025-06-30,Nagoya,P004,B,1,1210,,C0022
2025-06-30,Nagoya,P010,B,3,2190,6570.0,C0064
2025-06-30,Nagoya,P011,C,1,3800,3800.0,C0271
2025-06-30,Nagoya,P007,B,2,3140,6280.0,C0029
2025-06-30,Nagoya,P010,B,2,2870,5740.0,C0007
2025-06-30,Nagoya,P014,C,2,1300,2600.0,C0234
2025-07-01,Tokyo,P008,C,1,4960,4960.0,C0063
2025-07-01,Tokyo,P004,B,3,2320,6960.0,C0026
2025-07-01,Tokyo,P011,C,2,4440,8880.0,C0047
2025-07-01,Tokyo,P014,C,3,1950,5850.0,C0174
2025-07-01,Tokyo,P015,A,1,4270,4270.0,C0138
2025-07-01,Tokyo,P015,A,1,3870,3870.0,C0290
2025-07-01,Tokyo,P006,A,1,2560,2560.0,C0179
2025-07-01,Tokyo,P010,B,2,4730,9460.0,C0173
2025-07-01,Tokyo,P010,B,4,4750,19000.0,C0103
2025-07-01,Tokyo,P005,C,3,3100,9300.0,C0134
2025-07-01,Tokyo,P011,C,3,4650,13950.0,C0110
2025-07-01,Tokyo,P012,A,1,4740,4740.0,C0026
2025-07-01,Tokyo,P012,A,1,4520,4520.0,C0287
2025-07-01,Tokyo,P013,B,4,2910,11640.0,C0074
2025-07-01,Tokyo,P015,A,3,4260,12780.0,C0214
2025-07-01,Tokyo,P011,C,2,2700,5400.0,C0132
2025-07-01,Tokyo,P010,B,3,1790,5370.0,C0069
2025-07-01,Tokyo,P001,B,3,3670,11010.0,C0063
2025-07-01,Tokyo,P011,C,1,4460,4460.0,C0207
2025-07-01,Osaka,P011,C,2,4980,9960.0,C0224
2025-07-01,Osaka,P003,A,4,3950,15800.0,C0093
2025-07-01,Osaka,P015,A,1,3570,3570.0,C0201
2025-07-01,Osaka,P015,A,3,4970,14910.0,C0086
2025-07-01,Osaka,P013,B,1,4990,4990.0,C0229
2025-07-01,Osaka,P010,B,1,2980,2980.0,C0044
2025-07-01,Osaka,P014,C,2,4320,8640.0,C0271
2025-07-01,Osaka,P002,C,4,2210,8840.0,C0033
2025-07-01,Osaka,P004,B,3,4420,13260.0,C0207
2025-07-01,Osaka,P004,B,2,2210,4420.0,C0221
2025-07-01,Osaka,P008,C,1,1300,1300.0,C0023
2025-07-01,Osaka,P015,A,3,2960,8880.0,C0228
2025-07-01,Osaka,P003,A,1,2080,2080.0,C0063
2025-07-01,Osaka,P012,A,4,3530,14120.0,C0273
2025-07-01,Osaka,P007,B,1,2320,2320.0,C0043
2025-07-01,Osaka,P014,C,3,4090,12270.0,C0085
2025-07-01,Nagoya,P005,C,2,3600,7200.0,C0294
2025-07-01,Nagoya,P009,A,3,3370,10110.0,C0127
2025-07-01,Nagoya,P014,C,4,2240,8960.0,C0268
2025-07-01,Nagoya,P007,B,3,3060,9180.0,C0230
2025-07-01,Nagoya,P014,C,2,3800,7600.0,C0152
2025-07-01,Nagoya,P012,A,1,3910,3910.0,C0179
2025-07-01,Nagoya,P007,B,2,3800,7600.0,C0104
2025-07-01,Nagoya,P001,B,4,2790,11160.0,C0050
2025-07-01,Nagoya,P004,B,4,2320,9280.0,C0085
2025-07-01,Nagoya,P008,C,1,3240,3240.0,C0013
2025-07-01,Nagoya,P013,B,2,1870,3740.0,C0136
2025-07-01,Nagoya,P003,A,2,1520,3040.0,C0200
2025-07-01,Nagoya,P015,A,2,1390,2780.0,C0023
2025-07-01,Nagoya,P013,B,2,2180,4360.0,C0031
2025-07-01,Nagoya,P010,B,1,4610,4610.0,C0063
2025-07-01,Nagoya,P002,C,3,2410,7230.0,C0209
2025-07-01,Nagoya,P001,B,4,2230,8920.0,C0227
2025-07-02,Tokyo,P009,A,2,2250,4500.0,C0206
2025-07-02,Tokyo,P001,B,1,3580,3580.0,C0008
2025-07-02,Tokyo,P005,C,3,2000,6000.0,C0279
2025-07-02,Tokyo,P015,A,1,1690,1690.0,C0272
2025-07-02,Tokyo,P001,B,2,4790,9580.0,C0176
2025-07-02,Tokyo,P005,C,1,2570,2570.0,C0163
2025-07-02,Tokyo,P002,C,3,2610,7830.0,C0098
2025-07-02,Tokyo,P015,A,4,3770,15080.0,C0177
2025-07-02,Tokyo,P008,C,1,2220,2220.0,C0004
2025-07-02,Tokyo,P006,A,2,3440,6880.0,C0107
2025-07-02,Tokyo,P004,B,3,1600,4800.0,C0038
2025-07-02,Tokyo,P011,C,3,4470,13410.0,C0221
2025-07-02,Tokyo,P014,C,3,4360,13080.0,C0051
2025-07-02,Tokyo,P008,C,4,4150,16600.0,C0121
2025-07-02,Tokyo,P014,C,2,1090,2180.0,C0239
2025-07-02,Tokyo,P007,B,1,1810,1810.0,C0022
2025-07-02,Tokyo,P015,A,4,4710,18840.0,C0055
2025-07-02,Tokyo,P013,B,3,2180,6540.0,C0200
2025-07-02,Tokyo,P015,A,2,1110,2220.0,C0252
2025-07-02,Osaka,P003,A,3,4190,12570.0,C0238
2025-07-02,Osaka,P014,C,4,1510,6040.0,C0090
2025-07-02,Osaka,P011,C,2,3860,7720.0,C0136
2025-07-02,Osaka,P007,B,1,3430,3430.0,C0259
2025-07-02,Osaka,P013,B,2,3700,7400.0,C0060
2025-07-02,Osaka,P010,B,2,4700,9400.0,C0213
2025-07-02,Osaka,P002,C,4,3890,15560.0,C0065
2025-07-02,Osaka,P005,C,1,2240,2240.0,C0283
2025-07-02,Osaka,P014,C,3,2440,7320.0,C0110
2025-07-02,Osaka,P015,A,1,4030,4030.0,C0298
2025-07-02,Osaka,P013,B,3,4590,13770.0,C0066
2025-07-02,Nagoya,P002,C,1,1790,1790.0,C0183
2025-07-02,Nagoya,P004,B,3,1440,4320.0,C0209
2025-07-02,Nagoya,P004,B,3,1460,4380.0,C0291
2025-07-02,Nagoya,P006,A,3,2940,8820.0,C0178
2025-07-02,Nagoya,P007,B,1,4310,4310.0,C0193
2025-07-02,Nagoya,P004,B,1,4540,4540.0,C0100
2025-07-02,Nagoya,P014,C,4,4830,19320.0,C0198
2025-07-02,Nagoya,P003,A,1,1980,1980.0,C0132
2025-07-02,Nagoya,P010,B,4,1560,6240.0,C0190
2025-07-02,Nagoya,P002,C,2,1290,2580.0,C0112
2025-07-02,Nagoya,P010,B,3,4210,12630.0,C0157
2025-07-02,Nagoya,P004,B,4,4730,18920.0,C0290
2025-07-02,Nagoya,P012,A,4,1300,5200.0,C0172
2025-07-02,Nagoya,P007,B,2,1270,2540.0,C0064
2025-07-02,Nagoya,P014,C,4,3970,15880.0,C0031
2025-07-02,Nagoya,P011,C,1,3730,3730.0,C0011
2025-07-02,Nagoya,P005,C,1,4730,4730.0,C0171
2025-07-02,Nagoya,P014,C,1,3950,3950.0,C0144
2025-13-40,Nagoya,P008,C,4,1180,4720.0,C0283
2025-07-03,Tokyo,P006,A,1,3090,3090.0,C0179
2025-07-03,Tokyo,P010,B,4,4000,16000.0,C0284
2025-07-03,Tokyo,P007,B,1,1620,1620.0,C0083
2025-07-03,Tokyo,P010,B,1,4810,4810.0,C0296
2025-07-03,Tokyo,P003,A,4,3380,13520.0,C0144
2025-07-03,Tokyo,P012,A,3,2290,6870.0,C0169
2025-07-03,Tokyo,P003,A,2,4890,9780.0,C0056
2025-07-03,Tokyo,P009,A,2,2850,5700.0,C0074
2025-07-03,Tokyo,P009,A,3,3470,10410.0,C0093
2025-07-03,Tokyo,P009,A,3,3870,11610.0,C0170
2025-07-03,Osaka,P008,C,3,4800,14400.0,C0113
2025-07-03,Osaka,P005,C,3,3540,10620.0,C0128
2025-07-03,Osaka,P001,B,3,3940,11820.0,C0279
2025-07-03,Osaka,P008,C,3,1830,5490.0,C0138
2025-07-03,Osaka,P001,B,3,3820,11460.0,C0235
2025-07-03,Osaka,P010,B,4,3660,14640.0,C0234
2025-07-03,Osaka,P007,B,3,3550,10650.0,C0172
2025-07-03,Osaka,P009,A,4,1950,7800.0,C0095
2025-07-03,Osaka,P008,C,3,3050,9150.0,C0060
2025-07-03,Osaka,P013,B,3,2730,8190.0,C0263
2025-07-03,Osaka,P007,B,1,4930,4930.0,C0115
2025-07-03,Osaka,P014,C,3,1960,5880.0,C0113
2025-07-03,Nagoya,P015,A,1,4940,4940.0,C0256
2025-07-03,Nagoya,P010,B,1,3340,3340.0,C0128
2025-07-03,Nagoya,P002,C,4,3410,13640.0,C0030
2025-07-03,Nagoya,P006,A,4,2760,11040.0,C0148
2025-07-03,Nagoya,P003,A,1,4910,4910.0,C0285
2025-07-03,Nagoya,P002,C,3,3720,11160.0,C0264
2025-07-03,Nagoya,P009,A,4,1480,5920.0,C0005
2025-07-03,Nagoya,P007,B,2,4020,8040.0,C0101
2025-07-03,Nagoya,P007,B,3,4840,14520.0,C0022
2025-07-03,Nagoya,P009,A,2,1140,2280.0,C0244
2025-07-03,Nagoya,P014,C,1,4030,4030.0,C0210
2025-07-03,Nagoya,P011,C,2,2280,4560.0,C0022
2025-07-03,Nagoya,P001,B,1,3110,3110.0,C0043
2025-07-03,Nagoya,P011,C,3,2370,7110.0,C0027
2025-07-03,Nagoya,P008,C,4,2570,10280.0,C0242
2025-07-03,Nagoya,P005,C,1,3590,3590.0,C0266
2025-07-03,Nagoya,P014,C,4,1430,5720.0,C0013
2025-07-03,Nagoya,P009,A,4,4990,19960.0,C0084
2025-07-03,Nagoya,P006,A,3,4650,13950.0,C0053
2025-07-04,Tokyo,P013,B,1,4360,4360.0,C0192
2025-07-04,Tokyo,P015,A,1,4970,4970.0,C0015
2025-07-04,Tokyo,P002,C,2,3630,,C0050
2025-07-04,Tokyo,P005,C,2,1500,3000.0,C0053
2025-07-04,Tokyo,P003,A,4,4740,18960.0,C0188
2025-07-04,Tokyo,P011,C,1,1200,1200.0,C0113
2025-07-04,Tokyo,P015,A,2,4230,8460.0,C0111
2025-07-04,Tokyo,P005,C,4,2880,11520.0,C0219
2025-07-04,Tokyo,P011,C,3,3700,11100.0,C0243
2025-07-04,Tokyo,P007,B,2,3040,6080.0,C0098
2025-07-04,Tokyo,P001,B,2,3000,6000.0,C0156
2025-07-04,Tokyo,P006,A,3,2140,6420.0,C0194
2025-07-04,Tokyo,P005,C,4,3590,14360.0,C0167
2025-07-04,Tokyo,P007,B,4,2700,10800.0,C0241
2025-07-04,Tokyo,P003,A,4,4840,19360.0,C0073
2025-07-04,Tokyo,P004,B,4,2620,10480.0,C0208
2025-07-04,Tokyo,P003,A,2,3810,7620.0,C0268
2025-07-04,Tokyo,P007,B,1,2650,2650.0,C0193
2025-07-04,Tokyo,P014,C,4,4030,16120.0,C0050
2025-07-04,Osaka,P009,A,2,4690,9380.0,C0288
2025-07-04,Osaka,P004,B,4,4380,17520.0,C0211
2025-07-04,Osaka,P006,A,4,3340,13360.0,C0269
2025-07-04,Osaka,P011,C,4,2670,10680.0,C0025
2025-07-04,Osaka,P008,C,4,3620,14480.0,C0211
2025-07-04,Osaka,P010,B,3,1240,3720.0,C0124
2025-07-04,Osaka,P002,C,2,3870,7740.0,C0241
2025-07-04,Osaka,P004,B,3,1900,5700.0,C0061
2025-07-04,Osaka,P015,A,3,1790,5370.0,C0043
2025-07-04,Osaka,P001,B,2,1400,2800.0,C0175
2025-07-04,Osaka,P007,B,3,1830,5490.0,C0044
2025-07-04,Osaka,P002,C,1,1280,1280.0,C0078
2025-07-04,Osaka,P013,B,3,2000,6000.0,C0279
2025-07-04,Osaka,P012,A,4,4590,18360.0,C0223
2025-07-04,Osaka,P015,A,2,4420,8840.0,C0034
2025-07-04,Nagoya,P014,C,1,3000,3000.0,C0102
2025-07-04,Nagoya,P002,C,1,3130,3130.0,C0189
2025-07-04,Nagoya,P011,C,1,2270,2270.0,C0032
2025-07-04,Nagoya,P001,B,2,3480,6960.0,C0111
2025-07-04,Nagoya,P001,B,1,2730,2730.0,C0107
2025-07-04,Nagoya,P013,B,3,4990,14970.0,C0053
2025-07-04,Nagoya,P006,A,1,1080,1080.0,C0277
2025-07-04,Nagoya,P008,C,3,2100,6300.0,C0016
2025-07-04,Nagoya,P014,C,3,3840,11520.0,C0160
2025-07-04,Nagoya,P007,B,2,4040,8080.0,C0068
2025-07-04,Nagoya,P006,A,2,3080,6160.0,C0290
2025-07-04,Nagoya,P014,C,3,1800,5400.0,C0282
2025-07-04,Nagoya,P005,C,2,4540,9080.0,C0079
2025-07-05,Tokyo,P014,C,2,3490,6980.0,C0012
2025-07-05,Tokyo,P015,A,2,3680,7360.0,C0150
2025-07-05,Tokyo,P007,B,2,1070,2140.0,C0083
2025-07-05,Tokyo,P006,A,2,2090,4180.0,C0193
2025-07-05,Tokyo,P013,B,4,4880,19520.0,C0195
2025-07-05,Tokyo,P007,B,3,1520,4560.0,C0245
2025-07-05,Tokyo,P009,A,1,2700,2700.0,C0091
2025-07-05,Tokyo,P006,A,1,1060,1060.0,C0105
2025-07-05,Tokyo,P005,C,4,2050,8200.0,C0099
2025-07-05,Tokyo,P014,C,4,1220,4880.0,C0026
2025-07-05,Tokyo,P002,C,2,3290,6580.0,C0106
2025-07-05,Tokyo,P001,B,1,3450,3450.0,C0112
2025-07-05,Tokyo,P002,C,3,3450,10350.0,C0147
2025-07-05,Tokyo,P015,A,4,1150,4600.0,C0271
2025-07-05,Osaka,P008,C,4,4920,19680.0,C0007
2025-07-05,Osaka,P002,C,1,2100,2100.0,C0084
2025-07-05,Osaka,P007,B,2,3330,6660.0,C0256
2025-07-05,Osaka,P009,A,2,3270,6540.0,C0186
2025-07-05,Osaka,P014,C,4,2110,8440.0,C0275
2025-07-05,Osaka,P013,B,1,3230,3230.0,C0046
2025-07-05,Osaka,P008,C,1,2190,2190.0,C0176
2025-07-05,Osaka,P005,C,1,2550,2550.0,C0162
2025-07-05,Osaka,P012,A,1,2900,2900.0,C0060
2025-07-05,Osaka,P003,A,1,4030,4030.0,C0275
2025-07-05,Nagoya,P006,A,4,2980,11920.0,C0159
2025-07-05,Nagoya,P010,B,3,2960,8880.0,C0144
2025-07-05,Nagoya,P005,C,3,3680,11040.0,C0131
2025-07-05,Nagoya,P011,C,1,2660,2660.0,C0296
2025-07-05,Nagoya,P012,A,3,4450,13350.0,C0182
2025-07-05,Nagoya,P010,B,2,4300,8600.0,C0213
2025-07-05,Nagoya,P008,C,1,4220,4220.0,C0098
2025-07-05,Nagoya,P006,A,1,1860,1860.0,C0038
2025-07-05,Nagoya,P002,C,1,2170,2170.0,C0227
2025-07-05,Nagoya,P013,B,1,2690,2690.0,C0249
2025-07-05,Nagoya,P011,C,4,2680,10720.0,C0051
2025-07-05,Nagoya,P003,A,3,1100,3300.0,C0138
2025-07-05,Nagoya,P006,A,4,4990,19960.0,C0145
2025-07-05,Nagoya,P009,A,2,4100,8200.0,C0089
2025-07-05,Nagoya,P012,A,4,1680,6720.0,C0068
2025-07-05,Nagoya,P006,A,4,3560,14240.0,C0059
2025-07-06,Tokyo,P010,B,4,2800,11200.0,C0023
2025-07-06,Tokyo,P002,C,1,1500,1500.0,C0124
2025-07-06,Tokyo,P005,C,2,4060,8120.0,C0143
2025-07-06,Tokyo,P011,C,3,1820,5460.0,C0284
2025-07-06,Tokyo,P008,C,4,1380,5520.0,C0255
2025-07-06,Tokyo,P011,C,1,4170,4170.0,C0223
2025-07-06,Tokyo,P014,C,1,4540,4540.0,C0228
2025-07-06,Tokyo,P006,A,2,2010,4020.0,C0143
2025-07-06,Tokyo,P014,C,4,1580,6320.0,C0040
2025-07-06,Tokyo,P001,B,3,2250,6750.0,C0228
2025-07-06,Tokyo,P012,A,1,3770,3770.0,C0229
2025-07-06,Tokyo,P015,A,3,2430,7290.0,C0299
2025-07-06,Tokyo,P005,C,4,2510,10040.0,C0280
2025-07-06,Osaka,P009,A,1,1750,1750.0,C0284
2025-07-06,Osaka,P013,B,3,4500,13500.0,C0235
2025-07-06,Osaka,P006,A,4,4180,16720.0,C0144
2025-07-06,Osaka,P001,B,3,2350,7050.0,C0110
2025-07-06,Osaka,P011,C,4,1350,5400.0,C0247
2025-07-06,Osaka,P005,C,3,4470,13410.0,C0066
2025-07-06,Osaka,P004,B,4,2490,9960.0,C0284
2025-07-06,Osaka,P006,A,3,3040,9120.0,C0295
2025-07-06,Osaka,P009,A,3,2860,8580.0,C0113
2025-07-06,Osaka,P007,B,2,4050,8100.0,C0014
2025-07-06,Osaka,P008,C,3,4010,12030.0,C0200
2025-07-06,Osaka,P007,B,1,2480,2480.0,C0077
2025-07-06,Osaka,P004,B,3,2910,8730.0,C0238
2025-07-06,Osaka,P003,A,4,2890,11560.0,C0076
2025-07-06,Osaka,P006,A,4,3830,15320.0,C0052
2025-07-06,Osaka,P015,A,1,2100,2100.0,C0219
2025-07-06,Osaka,P008,C,2,4700,,C0238
2025-07-06,Nagoya,P005,C,4,1850,7400.0,C0241
2025-07-06,Nagoya,P009,A,3,1460,4380.0,C0263
2025-07-06,Nagoya,P005,C,3,1660,4980.0,C0277
2025-07-06,Nagoya,P005,C,4,4060,16240.0,C0165
2025-07-06,Nagoya,P002,C,2,3440,6880.0,C0161
2025-07-06,Nagoya,P009,A,1,3150,3150.0,C0026
2025-07-06,Nagoya,P008,C,1,3650,3650.0,C0170
2025-07-06,Nagoya,P013,B,2,1640,3280.0,C0071
2025-07-06,Nagoya,P013,B,4,1240,4960.0,C0203
2025-07-06,Nagoya,P008,C,2,3040,6080.0,C0280
2025-07-06,Nagoya,P003,A,4,1350,5400.0,C0216
2025-07-06,Nagoya,P002,C,1,1140,1140.0,C0241
2025-07-06,Nagoya,P009,A,3,1620,4860.0,C0276
2025-07-06,Nagoya,P013,B,2,4590,9180.0,C0043
2025-07-06,Nagoya,P005,C,1,1650,1650.0,C0252
2025-07-06,Nagoya,P007,B,3,4520,13560.0,C0229
2025-07-06,Nagoya,P006,A,2,1430,2860.0,C0249
2025-07-06,Nagoya,P015,A,3,2990,8970.0,C0254
2025-07-06,Nagoya,P006,A,2,4570,9140.0,C0114
2025-07-07,Tokyo,P003,A,2,2950,5900.0,C0092
2025-07-07,Tokyo,P015,A,2,4510,9020.0,C0066
2025-07-07,Tokyo,P006,A,2,3250,6500.0,C0069
2025-07-07,Tokyo,P005,C,3,2110,6330.0,C0228
2025-07-07,Tokyo,P008,C,4,1950,7800.0,C0252
2025-07-07,Tokyo,P008,C,1,3820,3820.0,C0064
2025-07-07,Tokyo,P003,A,3,4140,12420.0,C0078
2025-07-07,Tokyo,P010,B,1,1730,1730.0,C0226
2025-07-07,Tokyo,P001,B,2,3030,6060.0,C0020
2025-07-07,Tokyo,P015,A,3,2350,7050.0,C0293
2025-07-07,Tokyo,P009,A,3,1360,4080.0,C0048
2025-07-07,Tokyo,P001,B,3,4340,13020.0,C0270
2025-07-07,Tokyo,P009,A,1,3500,3500.0,C0191
2025-07-07,Tokyo,P009,A,3,3220,9660.0,C0211
2025-07-07,Tokyo,P008,C,1,1310,1310.0,C0272
2025-07-07,Tokyo,P007,B,2,2170,4340.0,C0016
2025-07-07,Tokyo,P015,A,1,1870,1870.0,C0137
2025-07-07,Tokyo,P006,A,1,2310,2310.0,C0234
2025-07-07,Tokyo,P004,B,4,2440,9760.0,C0004
2025-07-07,Osaka,P013,B,2,4920,9840.0,C0236
2025-07-07,Osaka,P001,B,2,3890,7780.0,C0019
2025-07-07,Osaka,P015,A,1,4180,4180.0,C0252
2025-07-07,Osaka,P008,C,4,4530,18120.0,C0220
2025-07-07,Osaka,P011,C,2,2160,4320.0,C0260
2025-07-07,Osaka,P004,B,2,3050,6100.0,C0117
2025-07-07,Osaka,P006,A,3,2310,6930.0,C0296
2025-07-07,Osaka,P003,A,2,4380,8760.0,C0143
2025-07-07,Osaka,P011,C,3,2320,6960.0,C0223
2025-07-07,Osaka,P004,B,3,1510,4530.0,C0208
2025-07-07,Osaka,P002,C,4,3500,14000.0,C0013
2025-07-07,Nagoya,P003,A,4,3350,13400.0,C0084
2025-07-07,Nagoya,P005,C,1,1810,1810.0,C0256
2025-07-07,Nagoya,P009,A,2,1080,2160.0,C0103
2025-07-07,Nagoya,P006,A,1,3420,3420.0,C0198
2025-07-07,Nagoya,P015,A,2,2100,4200.0,C0247
2025-07-07,Nagoya,P006,A,3,3950,11850.0,C0264
2025-07-07,Nagoya,P005,C,3,1520,4560.0,C0234
2025-07-07,Nagoya,P001,B,3,1830,5490.0,C0139
2025-07-07,Nagoya,P002,C,3,2920,8760.0,C0199
2025-07-07,Nagoya,P006,A,1,3320,3320.0,C0209
2025-07-07,Nagoya,P010,B,2,3860,7720.0,C0163
2025-07-08,Tokyo,P002,C,2,1090,2180.0,C0215
2025-07-08,Tokyo,P001,B,1,1630,1630.0,C0098
2025-07-08,Tokyo,P001,B,3,1520,4560.0,C0241
2025-07-08,Tokyo,P009,A,1,2600,2600.0,C0042
2025-07-08,Tokyo,P015,A,3,4230,12690.0,C0112
2025-07-08,Tokyo,P003,A,1,2660,2660.0,C0231
2025-07-08,Tokyo,P007,B,4,2440,9760.0,C0070
2025-07-08,Tokyo,P008,C,1,3670,3670.0,C0031
2025-07-08,Tokyo,P010,B,2,2420,4840.0,C0183
2025-07-08,Tokyo,P011,C,4,2150,8600.0,C0243
2025-07-08,Tokyo,P013,B,4,4850,19400.0,C0237
2025-07-08,Tokyo,P005,C,3,4130,12390.0,C0088
2025-07-08,Osaka,P011,C,2,4440,8880.0,C0027
2025-07-08,Osaka,P011,C,4,1160,4640.0,C0122
2025-07-08,Osaka,P008,C,1,4510,4510.0,C0188
2025-07-08,Osaka,P005,C,2,1440,2880.0,C0027
2025-07-08,Osaka,P012,A,4,2100,8400.0,C0074
2025-07-08,Osaka,P011,C,3,1550,4650.0,C0200
2025-07-08,Osaka,P004,B,1,2850,2850.0,C0222
2025-07-08,Osaka,P008,C,3,1950,5850.0,C0148
2025-07-08,Osaka,P011,C,3,1950,5850.0,C0286
2025-07-08,Osaka,P002,C,4,3890,15560.0,C0034
2025-07-08,Osaka,P004,B,2,4830,9660.0,C0155
2025-07-08,Osaka,P004,B,4,1470,5880.0,C0245
2025-07-08,Osaka,P013,B,2,1170,2340.0,C0265
2025-07-08,Osaka,P015,A,2,1740,3480.0,C0082
2025-07-08,Osaka,P003,A,3,3070,9210.0,C0107
2025-07-08,Osaka,P010,B,3,1040,3120.0,C0123
2025-07-08,Osaka,P013,B,4,4410,17640.0,C0286
2025-07-08,Osaka,P001,B,2,2830,5660.0,C0153
2025-07-08,Nagoya,P011,C,3,1630,4890.0,C0203
2025-07-08,Nagoya,P012,A,4,3330,13320.0,C0027
2025-07-08,Nagoya,P003,A,3,4470,13410.0,C0247
2025-07-08,Nagoya,P007,B,3,1700,5100.0,C0177
2025-07-08,Nagoya,P003,A,4,4140,16560.0,C0016
2025-07-08,Nagoya,P015,A,4,2510,10040.0,C0135
2025-07-08,Nagoya,P002,C,4,1400,5600.0,C0276
2025-07-08,Nagoya,P010,B,4,2480,9920.0,C0268
2025-07-08,Nagoya,P007,B,2,2340,4680.0,C0285
2025-07-08,Nagoya,P007,B,2,3570,7140.0,C0167
2025-07-08,Nagoya,P009,A,2,1650,3300.0,C0298
2025-07-08,Nagoya,P008,C,4,2840,11360.0,C0180
2025-07-08,Nagoya,P009,A,4,1440,5760.0,C0155
2025-07-08,Nagoya,P003,A,4,3120,12480.0,C0276
2025-07-08,Nagoya,P005,C,1,3510,3510.0,C0044
2025-07-08,Nagoya,P006,A,2,1880,3760.0,C0040
2025-07-08,Nagoya,P010,B,4,2570,10280.0,C0085
2025-07-09,Tokyo,P011,C,4,3190,12760.0,C0130
2025-07-09,Tokyo,P010,B,4,4950,19800.0,C0058
2025-07-09,Tokyo,P008,C,4,3530,14120.0,C0244
2025-07-09,Tokyo,P015,A,1,3440,3440.0,C0159
2025-07-09,Tokyo,P005,C,3,1410,4230.0,C0149
2025-07-09,Tokyo,P007,B,2,3450,6900.0,C0283
2025-07-09,Tokyo,P015,A,3,2320,6960.0,C0289
2025-07-09,Tokyo,P015,A,4,4490,17960.0,C0245
2025-07-09,Tokyo,P012,A,3,3550,10650.0,C0194
2025-07-09,Tokyo,P006,A,4,3530,14120.0,C0184
2025-07-09,Tokyo,P012,A,1,4670,4670.0,C0175
2025-07-09,Osaka,P002,C,1,4790,4790.0,C0208
2025-07-09,Osaka,P010,B,2,3220,6440.0,C0164
2025-07-09,Osaka,P003,A,3,3060,9180.0,C0094
2025-07-09,Osaka,P006,A,4,3700,14800.0,C0141
2025-07-09,Osaka,P010,B,1,2990,2990.0,C0168
2025-07-09,Osaka,P004,B,1,3100,3100.0,C0282
2025-07-09,Osaka,P007,B,4,4400,17600.0,C0223
2025-07-09,Osaka,P014,C,2,4030,8060.0,C0044
2025-07-09,Osaka,P005,C,3,1150,3450.0,C0229
2025-07-09,Osaka,P014,C,1,4960,4960.0,C0027
2025-07-09,Osaka,P002,C,4,3740,14960.0,C0280
2025-07-09,Osaka,P007,B,3,1590,4770.0,C0207
2025-07-09,Osaka,P015,A,3,4730,14190.0,C0118
2025-07-09,Osaka,P015,A,3,1570,4710.0,C0109
2025-07-09,Osaka,P008,C,1,4580,4580.0,C0072
2025-07-09,Osaka,P011,C,4,2730,10920.0,C0183
2025-07-09,Osaka,P008,C,4,1150,4600.0,C0108
2025-07-09,Osaka,P010,B,1,4430,4430.0,C0189
2025-07-09,Osaka,P001,B,1,1630,1630.0,C0199
2025-07-09,Nagoya,P008,C,3,2970,8910.0,C0103
2025-07-09,Nagoya,P001,B,1,3750,3750.0,C0223
2025-07-09,Nagoya,P004,B,1,2630,2630.0,C0193
2025-07-09,Nagoya,P009,A,3,1140,3420.0,C0129
2025-07-09,Nagoya,P012,A,3,4220,12660.0,C0208
2025-07-09,Nagoya,P014,C,3,3270,9810.0,C0167
2025-07-09,Nagoya,P004,B,2,1670,3340.0,C0129
2025-07-09,Nagoya,P003,A,2,4810,9620.0,C0136
2025-07-09,Nagoya,P012,A,2,4620,9240.0,C0063
2025-07-09,Nagoya,P013,B,3,4550,13650.0,C0040
2025-07-09,Nagoya,P014,C,4,2180,8720.0,C0187
2025-07-09,Nagoya,P009,A,1,3100,3100.0,C0198
2025-07-09,Nagoya,P004,B,2,3340,6680.0,C0278
2025-07-09,Nagoya,P001,B,4,4260,17040.0,C0253
2025-07-09,Nagoya,P001,B,3,2470,7410.0,C0275
2025-07-10,Tokyo,P010,B,1,4500,4500.0,C0147
2025-07-10,Tokyo,P003,A,4,4610,18440.0,C0149
2025-07-10,Tokyo,P010,B,3,2210,6630.0,C0224
2025-07-10,Tokyo,P015,A,4,3740,14960.0,C0108
2025-07-10,Tokyo,P014,C,4,1020,4080.0,C0102
2025-07-10,Tokyo,P009,A,3,3850,11550.0,C0154
2025-07-10,Tokyo,P001,B,1,4050,4050.0,C0208
2025-07-10,Tokyo,P010,B,2,2090,4180.0,C0093
2025-07-10,Tokyo,P011,C,3,1520,4560.0,C0120
2025-07-10,Tokyo,P013,B,3,4460,13380.0,C0153
2025-07-10,Tokyo,P008,C,4,3020,12080.0,C0041
2025-07-10,Tokyo,P007,B,3,2380,7140.0,C0123
2025-07-10,Tokyo,P014,C,2,2210,4420.0,C0033
2025-07-10,Tokyo,P007,B,4,2190,8760.0,C0141
2025-07-10,Tokyo,P010,B,4,4250,17000.0,C0086
2025-07-10,Tokyo,P003,A,3,2010,6030.0,C0118
2025-07-10,Tokyo,P002,C,4,1640,6560.0,C0114
2025-07-10,Osaka,P001,B,4,3470,13880.0,C0162
2025-07-10,Osaka,P003,A,1,1220,1220.0,C0187
2025-07-10,Osaka,P012,A,4,4200,16800.0,C0118
2025-07-10,Osaka,P001,B,1,4140,4140.0,C0229
2025-07-10,Osaka,P008,C,1,4100,4100.0,C0244
2025-07-10,Osaka,P004,B,4,3550,14200.0,C0266
2025-07-10,Osaka,P010,B,1,3580,3580.0,C0033
2025-07-10,Osaka,P004,B,4,4870,19480.0,C0143
2025-07-10,Osaka,P005,C,2,1960,3920.0,C0172
2025-07-10,Osaka,P007,B,1,3440,3440.0,C0193
2025-07-10,Osaka,P011,C,4,3810,15240.0,C0203
2025-07-10,Osaka,P004,B,2,2730,5460.0,C0288
2025-07-10,Osaka,P008,C,3,3160,9480.0,C0018
2025-07-10,Osaka,P015,A,3,1920,5760.0,C0018
2025-07-10,Nagoya,P005,C,1,3460,3460.0,C0005
2025-07-10,Nagoya,P004,B,4,1150,4600.0,C0225
2025-07-10,Nagoya,P010,B,2,2140,4280.0,C0142
2025-07-10,Nagoya,P008,C,4,2040,8160.0,C0177
2025-07-10,Nagoya,P011,C,1,4580,4580.0,C0297
2025-07-10,Nagoya,P002,C,2,4140,8280.0,C0242
2025-07-10,Nagoya,P003,A,4,2310,9240.0,C0088
2025-07-10,Nagoya,P006,A,3,1820,5460.0,C0163
2025-07-10,Nagoya,P002,C,1,4070,4070.0,C0115
2025-07-10,Nagoya,P012,A,3,4980,14940.0,C0042
2025-07-10,Nagoya,P015,A,4,2730,10920.0,C0041
2025-07-10,Nagoya,P003,A,3,1040,3120.0,C0029
2025-07-10,Nagoya,P008,C,3,4440,13320.0,C0292
2025-07-10,Nagoya,P005,C,2,1790,3580.0,C0068
2025-07-10,Nagoya,P007,B,4,4570,18280.0,C0274
2025-07-10,Nagoya,P007,B,3,3890,11670.0,C0073
2025-07-10,Nagoya,P007,B,3,2490,7470.0,C0142
2025-07-10,Nagoya,P007,B,1,4070,4070.0,C0270
2025-07-10,Nagoya,P012,A,4,2720,10880.0,C0017
2025-07-11,Tokyo,P013,B,1,3180,3180.0,C0001
2025-07-11,Tokyo,P005,C,1,1450,1450.0,C0050
2025-07-11,Tokyo,P009,A,3,2150,6450.0,C0245
2025-07-11,Tokyo,P006,A,3,3110,9330.0,C0217
2025-07-11,Tokyo,P015,A,4,3340,13360.0,C0288
2025-07-11,Tokyo,P011,C,2,4740,9480.0,C0044
2025-07-11,Tokyo,P008,C,1,4130,4130.0,C0268
2025-07-11,Tokyo,P013,B,1,2080,2080.0,C0102
2025-07-11,Tokyo,P002,C,3,1130,3390.0,C0184
2025-07-11,Tokyo,P009,A,3,4650,13950.0,C0236
2025-07-11,Tokyo,P004,B,3,4200,12600.0,C0255
2025-07-11,Tokyo,P010,B,1,2730,2730.0,C0257
2025-07-11,Osaka,P009,A,3,1890,5670.0,C0103
2025-07-11,Osaka,P015,A,3,4750,14250.0,C0141
2025-07-11,Osaka,P013,B,3,4640,13920.0,C0098
2025-07-11,Osaka,P006,A,1,1910,1910.0,C0042
2025-07-11,Osaka,P003,A,2,4490,8980.0,C0114
2025-07-11,Osaka,P013,B,4,4920,19680.0,C0153
2025-07-11,Osaka,P013,B,2,3520,7040.0,C0243
2025-07-11,Osaka,P003,A,1,1650,1650.0,C0216
2025-07-11,Osaka,P008,C,2,4070,8140.0,C0005
2025-07-11,Osaka,P003,A,2,4660,9320.0,C0224
2025-07-11,Nagoya,P011,C,2,2790,5580.0,C0265
2025-07-11,Nagoya,P011,C,3,1330,3990.0,C0220
2025-07-11,Nagoya,P006,A,2,3690,7380.0,C0118
2025-07-11,Nagoya,P009,A,1,1740,1740.0,C0161
2025-07-11,Nagoya,P015,A,4,2670,10680.0,C0290
2025-07-11,Nagoya,P005,C,4,2610,10440.0,C0027
2025-07-11,Nagoya,P001,B,4,3560,14240.0,C0045
2025-07-11,Nagoya,P015,A,1,2330,2330.0,C0224
2025-07-11,Nagoya,P001,B,4,3710,14840.0,C0284
2025-07-11,Nagoya,P013,B,4,1910,7640.0,C0062
2025-07-11,Nagoya,P004,B,1,3650,3650.0,C0018
2025-07-11,Nagoya,P007,B,3,3150,9450.0,C0146
2025-07-11,Nagoya,P004,B,1,4950,4950.0,C0139
2025-07-11,Nagoya,P009,A,3,2470,7410.0,C0217
2025-07-11,Nagoya,P006,A,2,4210,8420.0,C0096
2025-07-11,Nagoya,P011,C,3,1120,3360.0,C0205
2025-07-12,Tokyo,P005,C,4,1070,4280.0,C0054
2025-07-12,Tokyo,P015,A,4,4020,16080.0,C0181
2025-07-12,Tokyo,P004,B,2,3260,6520.0,C0027
2025-07-12,Tokyo,P009,A,1,1500,1500.0,C0051
2025-07-12,Tokyo,P003,A,1,4820,4820.0,C0240
2025-07-12,Tokyo,P008,C,2,1760,3520.0,C0284
2025-07-12,Tokyo,P012,A,4,2880,11520.0,C0009
2025-07-12,Tokyo,P010,B,2,2190,4380.0,C0095
2025-07-12,Tokyo,P001,B,4,1650,6600.0,C0244
2025-07-12,Tokyo,P015,A,1,3490,3490.0,C0020
2025-07-12,Tokyo,P013,B,3,1080,3240.0,C0231
2025-07-12,Tokyo,P012,A,4,2930,11720.0,C0279
2025-07-12,Tokyo,P010,B,3,2430,7290.0,C0088
2025-07-12,Tokyo,P010,B,3,1140,3420.0,C0124
2025-07-12,Tokyo,P001,B,2,4190,8380.0,C0207
2025-07-12,Tokyo,P002,C,3,1050,3150.0,C0004
2025-07-12,Tokyo,P014,C,1,2060,2060.0,C0040
2025-07-12,Tokyo,P009,A,3,4350,13050.0,C0296
2025-07-12,Osaka,P008,C,1,4680,4680.0,C0168
2025-07-12,Osaka,P004,B,3,2560,7680.0,C0105
2025-07-12,Osaka,P007,B,4,1650,6600.0,C0289
2025-07-12,Osaka,P001,B,1,3700,3700.0,C0044
2025-07-12,Osaka,P012,A,3,2710,8130.0,C0136
2025-07-12,Osaka,P015,A,4,3520,14080.0,C0043
2025-07-12,Osaka,P009,A,1,2000,2000.0,C0209
2025-07-12,Osaka,P007,B,4,4750,19000.0,C0029
2025-07-12,Osaka,P014,C,4,1420,5680.0,C0116
2025-07-12,Osaka,P015,A,1,1230,1230.0,C0153
2025-07-12,Osaka,P015,A,2,4090,8180.0,C0208
2025-07-12,Osaka,P003,A,2,3490,6980.0,C0145
2025-07-12,Osaka,P004,B,1,3220,3220.0,C0248
2025-07-12,Osaka,P007,B,4,3660,14640.0,C0121
2025-07-12,Osaka,P011,C,2,4020,8040.0,C0294
2025-07-12,Osaka,P012,A,1,1280,1280.0,C0242
2025-07-12,Osaka,P013,B,3,1970,5910.0,C0264
2025-07-12,Nagoya,P005,C,2,2180,4360.0,C0085
2025-07-12,Nagoya,P005,C,3,1060,3180.0,C0109
2025-07-12,Nagoya,P003,A,3,4970,14910.0,C0236
2025-07-12,Nagoya,P004,B,3,1070,3210.0,C0124
2025-07-12,Nagoya,P005,C,3,2630,7890.0,C0205
2025-07-12,Nagoya,P009,A,4,1270,5080.0,C0283
2025-07-12,Nagoya,P012,A,3,4300,12900.0,C0016
2025-07-12,Nagoya,P004,B,1,4190,4190.0,C0107
2025-07-12,Nagoya,P006,A,3,2690,8070.0,C0191
2025-07-12,Nagoya,P015,A,2,4560,9120.0,C0160
2025-07-12,Nagoya,P006,A,4,2950,11800.0,C0039
2025-07-12,Nagoya,P005,C,4,3060,12240.0,C0168
2025-07-12,Nagoya,P011,C,1,1370,1370.0,C0132
2025-07-12,Nagoya,P014,C,1,3870,3870.0,C0293
2025-07-13,Tokyo,P002,C,4,1430,5720.0,C0223
2025-07-13,Tokyo,P012,A,2,2160,4320.0,C0156
2025-07-13,Tokyo,P008,C,4,3360,13440.0,C0290
2025-07-13,Tokyo,P004,B,2,1960,3920.0,C0195
2025-07-13,Tokyo,P001,B,4,4080,16320.0,C0296
2025-07-13,Tokyo,P015,A,1,3990,3990.0,C0151
2025-07-13,Tokyo,P012,A,4,3330,13320.0,C0001
2025-07-13,Tokyo,P013,B,2,2830,5660.0,C0175
2025-07-13,Tokyo,P014,C,3,1830,5490.0,C0220
2025-07-13,Tokyo,P010,B,1,3130,3130.0,C0235
2025-07-13,Osaka,P005,C,3,4290,12870.0,C0175
2025-07-13,Osaka,P007,B,1,1170,1170.0,C0207
2025-07-13,Osaka,P015,A,3,4120,12360.0,C0203
2025-07-13,Osaka,P006,A,3,2080,6240.0,C0067
2025-07-13,Osaka,P009,A,3,4940,14820.0,C0071
2025-07-13,Osaka,P005,C,1,4790,4790.0,C0234
2025-07-13,Osaka,P005,C,4,3810,15240.0,C0143
2025-07-13,Osaka,P006,A,3,1340,4020.0,C0052
2025-07-13,Osaka,P015,A,1,1650,1650.0,C0258
2025-07-13,Osaka,P015,A,4,1410,5640.0,C0251
2025-07-13,Osaka,P005,C,1,4680,4680.0,C0081
2025-07-13,Osaka,P010,B,1,1750,1750.0,C0264
2025-07-13,Osaka,P009,A,4,1720,6880.0,C0267
2025-07-13,Osaka,P014,C,4,1190,4760.0,C0032
2025-07-13,Osaka,P008,C,1,1250,1250.0,C0243
2025-07-13,Osaka,P011,C,4,4740,18960.0,C0043
2025-07-13,Osaka,P013,B,1,2480,2480.0,C0089
2025-07-13,Osaka,P004,B,3,1480,4440.0,C0242
2025-07-13,Nagoya,P010,B,1,3380,3380.0,C0189
2025-07-13,Nagoya,P006,A,2,2870,5740.0,C0298
2025-07-13,Nagoya,P001,B,3,2260,6780.0,C0165
2025-07-13,Nagoya,P001,B,4,2820,11280.0,C0290
2025-07-13,Nagoya,P003,A,3,3710,11130.0,C0239
2025-07-13,Nagoya,P001,B,3,1590,4770.0,C0128
2025-07-13,Nagoya,P001,B,1,4060,4060.0,C0215
2025-07-13,Nagoya,P014,C,3,3380,10140.0,C0035
2025-07-13,Nagoya,P012,A,1,1420,1420.0,C0219
2025-07-13,Nagoya,P009,A,1,3190,3190.0,C0207
2025-07-13,Nagoya,P008,C,3,3010,9030.0,C0106
2025-07-13,Nagoya,P004,B,2,4230,8460.0,C0112
2025-07-13,Nagoya,P011,C,2,3100,6200.0,C0182
2025-07-13,Nagoya,P008,C,3,4690,14070.0,C0258
2025-07-13,Nagoya,P014,C,1,4030,4030.0,C0218
2025-07-13,Nagoya,P007,B,2,1210,2420.0,C0251
2025-07-13,Nagoya,P013,B,1,3320,3320.0,C0165
2025-07-13,Nagoya,P003,A,3,4240,12720.0,C0098
2025-07-14,Tokyo,P015,A,2,1420,2840.0,C0089
2025-07-14,Tokyo,P003,A,2,3570,7140.0,C0061
2025-07-14,Tokyo,P008,C,4,2050,8200.0,C0264
2025-07-14,Tokyo,P005,C,3,1620,4860.0,C0081
2025-07-14,Tokyo,P014,C,3,3270,9810.0,C0153
2025-07-14,Tokyo,P004,B,4,2570,10280.0,C0004
2025-07-14,Tokyo,P014,C,1,4540,4540.0,C0080
2025-07-14,Tokyo,P002,C,1,3610,3610.0,C0164
2025-07-14,Tokyo,P003,A,2,1840,3680.0,C0196
2025-07-14,Tokyo,P013,B,2,4580,9160.0,C0123
2025-07-14,Tokyo,P002,C,2,4490,8980.0,C0242
2025-07-14,Tokyo,P011,C,2,4100,8200.0,C0213
2025-07-14,Tokyo,P012,A,3,3020,9060.0,C0290
2025-07-14,Tokyo,P015,A,3,1800,5400.0,C0123
2025-07-14,Tokyo,P008,C,3,2270,6810.0,C0014
2025-07-14,Tokyo,P013,B,4,1330,5320.0,C0096
2025-07-14,Tokyo,P007,B,4,4090,16360.0,C0103
2025-07-14,Osaka,P007,B,1,2740,2740.0,C0079
2025-07-14,Osaka,P001,B,3,4140,12420.0,C0086
2025-07-14,Osaka,P007,B,2,1080,2160.0,C0164
2025-07-14,Osaka,P007,B,4,2480,9920.0,C0238
2025-07-14,Osaka,P006,A,1,2390,2390.0,C0265
2025-07-14,Osaka,P004,B,4,3660,14640.0,C0223
2025-07-14,Osaka,P012,A,3,3400,10200.0,C0021
2025-07-14,Osaka,P011,C,3,1410,4230.0,C0155
2025-07-14,Osaka,P008,C,2,1260,2520.0,C0003
2025-07-14,Osaka,P004,B,1,1840,1840.0,C0182
2025-07-14,Osaka,P007,B,1,1330,1330.0,C0196
2025-07-14,Osaka,P015,A,4,4030,16120.0,C0096
2025-07-14,Osaka,P011,C,1,1680,1680.0,C0042
2025-07-14,Nagoya,P006,A,1,4250,4250.0,C0214
2025-07-14,Nagoya,P010,B,1,4470,4470.0,C0002
2025-07-14,Nagoya,P015,A,3,1810,5430.0,C0059
2025-07-14,Nagoya,P011,C,4,2860,11440.0,C0018
2025-07-14,Nagoya,P008,C,2,2300,4600.0,C0270
2025-07-14,Nagoya,P006,A,1,3700,3700.0,C0185
2025-07-14,Nagoya,P010,B,3,2270,6810.0,C0078
2025-07-14,Nagoya,P002,C,1,3310,3310.0,C0122
2025-07-14,Nagoya,P012,A,4,3230,12920.0,C0032
2025-07-14,Nagoya,P001,B,1,2120,2120.0,C0023
2025-07-14,Nagoya,P012,A,2,3970,7940.0,C0063
2025-07-15,Tokyo,P003,A,2,2910,5820.0,C0131
2025-07-15,Tokyo,P015,A,3,3920,11760.0,C0038
2025-07-15,Tokyo,P007,B,3,3330,9990.0,C0284
2025-07-15,Tokyo,P008,C,2,4770,9540.0,C0101
2025-07-15,Tokyo,P009,A,1,1660,1660.0,C0018
2025-07-15,Tokyo,P007,B,4,1280,5120.0,C0292
2025-07-15,Tokyo,P014,C,1,1060,1060.0,C0270
2025-07-15,Tokyo,P009,A,1,4810,4810.0,C0168
2025-07-15,Tokyo,P010,B,3,1800,,C0108
2025-07-15,Tokyo,P002,C,3,4940,14820.0,C0188
2025-07-15,Osaka,P003,A,3,4970,14910.0,C0027
2025-07-15,Osaka,P004,B,3,1040,3120.0,C0062
2025-07-15,Osaka,P015,A,1,2710,2710.0,C0099
2025-07-15,Osaka,P006,A,2,2100,4200.0,C0228
2025-07-15,Osaka,P001,B,1,2050,2050.0,C0248
2025-07-15,Osaka,P006,A,1,3080,3080.0,C0188
2025-07-15,Osaka,P007,B,1,4510,4510.0,C0257
2025-07-15,Osaka,P014,C,4,2260,9040.0,C0127
2025-07-15,Osaka,P015,A,2,4450,8900.0,C0194
2025-07-15,Osaka,P014,C,1,3820,3820.0,C0240
2025-07-15,Osaka,P003,A,3,1780,5340.0,C0271
2025-07-15,Osaka,P014,C,1,3020,3020.0,C0115
2025-07-15,Osaka,P014,C,2,3880,,C0035
2025-07-15,Osaka,P004,B,4,2530,10120.0,C0229
2025-07-15,Osaka,P015,A,4,1070,4280.0,C0070
2025-07-15,Osaka,P011,C,4,4910,19640.0,C0216
2025-07-15,Nagoya,P012,A,2,4230,8460.0,C0164
2025-07-15,Nagoya,P003,A,4,4950,19800.0,C0152
2025-07-15,Nagoya,P013,B,1,2080,2080.0,C0039
2025-07-15,Nagoya,P005,C,2,2720,5440.0,C0097
2025-07-15,Nagoya,P009,A,1,2390,2390.0,C0252
2025-07-15,Nagoya,P009,A,1,2310,2310.0,C0248
2025-07-15,Nagoya,P003,A,4,2180,8720.0,C0189
2025-07-15,Nagoya,P008,C,3,4180,12540.0,C0045
2025-07-15,Nagoya,P006,A,3,2040,6120.0,C0113
2025-07-15,Nagoya,P014,C,1,1750,1750.0,C0175
2025-07-15,Nagoya,P002,C,1,4470,4470.0,C0083
2025-07-16,Tokyo,P010,B,2,2820,5640.0,C0132
2025-07-16,Tokyo,P003,A,4,1000,4000.0,C0145
2025-07-16,Tokyo,P005,C,3,3190,9570.0,C0116
2025-07-16,Tokyo,P009,A,1,1520,1520.0,C0271
2025-07-16,Tokyo,P010,B,3,4990,14970.0,C0271
2025-07-16,Tokyo,P009,A,4,3110,12440.0,C0072
2025-07-16,Tokyo,P010,B,4,4510,18040.0,C0152
2025-07-16,Tokyo,P015,A,1,1160,1160.0,C0121
2025-07-16,Tokyo,P004,B,4,1460,5840.0,C0160
2025-07-16,Tokyo,P012,A,1,1180,1180.0,C0166
2025-07-16,Tokyo,P014,C,1,1080,1080.0,C0277
2025-07-16,Osaka,P011,C,2,2240,4480.0,C0141
2025-07-16,Osaka,P004,B,2,4810,9620.0,C0224
2025-07-16,Osaka,P014,C,2,4150,8300.0,C0126
2025-07-16,Osaka,P010,B,3,4290,12870.0,C0277
2025-07-16,Osaka,P002,C,4,3830,15320.0,C0221
2025-07-16,Osaka,P001,B,2,4840,9680.0,C0270
2025-07-16,Osaka,P004,B,2,4450,8900.0,C0279
2025-07-16,Osaka,P005,C,4,4330,17320.0,C0045
2025-07-16,Osaka,P001,B,1,1580,1580.0,C0222
2025-07-16,Osaka,P006,A,3,1350,4050.0,C0181
2025-07-16,Osaka,P012,A,4,2270,9080.0,C0164
2025-07-16,Osaka,P008,C,2,3550,7100.0,C0169
2025-07-16,Osaka,P013,B,1,1880,1880.0,C0174
2025-07-16,Osaka,P009,A,4,3690,14760.0,C0002
2025-07-16,Osaka,P008,C,4,4490,17960.0,C0240
2025-07-16,Osaka,P008,C,1,1850,1850.0,C0254
2025-07-16,Nagoya,P012,A,1,2960,2960.0,C0285
2025-07-16,Nagoya,P004,B,1,2150,2150.0,C0019
2025-07-16,Nagoya,P010,B,1,1980,1980.0,C0176
2025-07-16,Nagoya,P005,C,3,4720,14160.0,C0279
2025-07-16,Nagoya,P011,C,4,3940,15760.0,C0021
2025-07-16,Nagoya,P015,A,3,1020,3060.0,C0186
2025-07-16,Nagoya,P004,B,3,3630,10890.0,C0009
2025-07-16,Nagoya,P007,B,1,1450,1450.0,C0064
2025-07-16,Nagoya,P012,A,2,1180,2360.0,C0224
2025-07-16,Nagoya,P009,A,1,3240,3240.0,C0075
2025-07-16,Nagoya,P010,B,4,2260,9040.0,C0223
2025-07-16,Nagoya,P001,B,2,4550,9100.0,C0023
2025-07-16,Nagoya,P014,C,1,2920,2920.0,C0055
2025-07-17,Tokyo,P006,A,3,3880,11640.0,C0095
2025-07-17,Tokyo,P008,C,1,3910,3910.0,C0051
2025-07-17,Tokyo,P013,B,1,3650,3650.0,C0099
2025-07-17,Tokyo,P015,A,2,4790,9580.0,C0251
2025-07-17,Tokyo,P008,C,2,2410,4820.0,C0128
2025-07-17,Tokyo,P007,B,1,2290,2290.0,C0262
2025-07-17,Tokyo,P015,A,1,3920,3920.0,C0072
2025-07-17,Tokyo,P010,B,3,4510,13530.0,C0210
2025-07-17,Tokyo,P013,B,4,3580,14320.0,C0123
2025-07-17,Tokyo,P006,A,2,2430,4860.0,C0087
2025-07-17,Osaka,P009,A,2,2390,4780.0,C0213
2025-07-17,Osaka,P005,C,1,1060,1060.0,C0229
2025-07-17,Osaka,P015,A,3,1240,3720.0,C0169
2025-07-17,Osaka,P005,C,2,4680,9360.0,C0247
2025-07-17,Osaka,P012,A,3,3310,9930.0,C0274
2025-07-17,Osaka,P010,B,3,1380,4140.0,C0298
2025-07-17,Osaka,P013,B,2,2000,4000.0,C0290
2025-07-17,Osaka,P015,A,2,1920,,C0239
2025-07-17,Osaka,P010,B,4,3180,12720.0,C0166
2025-07-17,Osaka,P003,A,3,2450,7350.0,C0062
2025-07-17,Osaka,P012,A,2,1850,3700.0,C0288
2025-07-17,Osaka,P015,A,2,2180,4360.0,C0049
2025-07-17,Osaka,P010,B,3,3470,10410.0,C0230
2025-07-17,Nagoya,P011,C,3,4180,12540.0,C0223
2025-07-17,Nagoya,P001,B,3,4900,14700.0,C0168
2025-07-17,Nagoya,P008,C,3,3230,9690.0,C0121
2025-07-17,Nagoya,P015,A,1,4250,4250.0,C0048
2025-07-17,Nagoya,P004,B,3,3550,10650.0,C0278
2025-07-17,Nagoya,P005,C,1,2020,2020.0,C0163
2025-07-17,Nagoya,P006,A,2,4650,9300.0,C0168
2025-07-17,Nagoya,P011,C,3,2630,7890.0,C0220
2025-07-17,Nagoya,P015,A,3,2180,6540.0,C0233
2025-07-17,Nagoya,P004,B,1,2770,2770.0,C0153
2025-07-17,Nagoya,P008,C,2,2090,4180.0,C0276
2025-07-17,Nagoya,P005,C,4,2030,8120.0,C0033
2025-07-17,Nagoya,P001,B,1,4360,4360.0,C0137
2025-07-17,Nagoya,P011,C,4,1190,4760.0,C0033
2025-07-18,Tokyo,P009,A,3,2360,7080.0,C0248
2025-07-18,Tokyo,P010,B,2,3590,7180.0,C0002
2025-07-18,Tokyo,P004,B,1,4140,4140.0,C0220
2025-07-18,Tokyo,P002,C,4,4270,17080.0,C0131
2025-07-18,Tokyo,P004,B,2,3350,6700.0,C0189
2025-07-18,Tokyo,P006,A,1,3430,3430.0,C0211
2025-07-18,Tokyo,P005,C,3,3270,9810.0,C0150
2025-07-18,Tokyo,P001,B,2,2490,4980.0,C0250
2025-07-18,Tokyo,P013,B,4,2850,11400.0,C0098
2025-07-18,Tokyo,P008,C,4,3480,13920.0,C0180
2025-07-18,Tokyo,P007,B,3,4460,13380.0,C0200
2025-07-18,Tokyo,P007,B,4,4770,19080.0,C0239
2025-07-18,Tokyo,P014,C,2,2680,5360.0,C0075
2025-07-18,Tokyo,P006,A,3,3700,11100.0,C0001
2025-07-18,Tokyo,P012,A,1,1740,1740.0,C0163
2025-07-18,Tokyo,P004,B,4,1580,6320.0,C0046
2025-07-18,Tokyo,P012,A,2,3850,7700.0,C0204
2025-07-18,Tokyo,P003,A,3,3140,9420.0,C0029
2025-07-18,Tokyo,P012,A,4,4780,19120.0,C0027
2025-07-18,Osaka,P013,B,2,3500,7000.0,C0105
2025-07-18,Osaka,P004,B,3,1820,5460.0,C0041
2025-07-18,Osaka,P008,C,1,1760,1760.0,C0234
2025-07-18,Osaka,P008,C,3,1570,4710.0,C0048
2025-07-18,Osaka,P006,A,2,2800,5600.0,C0041
2025-07-18,Osaka,P014,C,2,4260,8520.0,C0120
2025-07-18,Osaka,P008,C,1,3700,3700.0,C0018
2025-07-18,Osaka,P012,A,4,2440,9760.0,C0266
2025-07-18,Osaka,P011,C,1,1810,1810.0,C0192
2025-07-18,Osaka,P011,C,1,3730,3730.0,C0243
2025-07-18,Osaka,P002,C,4,3130,12520.0,C0185
2025-07-18,Nagoya,P010,B,2,2480,4960.0,C0234
2025-07-18,Nagoya,P004,B,1,2990,2990.0,C0223
2025-07-18,Nagoya,P003,A,4,3680,14720.0,C0280
2025-07-18,Nagoya,P008,C,1,1710,1710.0,C0150
2025-07-18,Nagoya,P009,A,3,4180,12540.0,C0229
2025-07-18,Nagoya,P009,A,1,3110,3110.0,C0246
2025-07-18,Nagoya,P013,B,4,1040,4160.0,C0131
2025-07-18,Nagoya,P010,B,1,2630,2630.0,C0030
2025-07-18,Nagoya,P003,A,1,4910,4910.0,C0258
2025-07-18,Nagoya,P007,B,1,2340,2340.0,C0130
2025-07-19,Tokyo,P010,B,4,4370,17480.0,C0256
2025-07-19,Tokyo,P013,B,1,3200,3200.0,C0170
2025-07-19,Tokyo,P002,C,1,3260,3260.0,C0215
2025-07-19,Tokyo,P004,B,2,1300,2600.0,C0034
2025-07-19,Tokyo,P009,A,3,4000,12000.0,C0273
2025-07-19,Tokyo,P003,A,2,4420,8840.0,C0016
2025-07-19,Tokyo,P013,B,4,1390,5560.0,C0043
2025-07-19,Tokyo,P011,C,2,4950,9900.0,C0163
2025-07-19,Tokyo,P010,B,1,2290,2290.0,C0054
2025-07-19,Tokyo,P003,A,1,4570,4570.0,C0021
2025-07-19,Tokyo,P008,C,3,1220,3660.0,C0252
2025-07-19,Osaka,P002,C,1,3800,3800.0,C0186
2025-07-19,Osaka,P007,B,2,1140,2280.0,C0010
2025-07-19,Osaka,P009,A,2,2000,4000.0,C0114
2025-07-19,Osaka,P010,B,2,2390,4780.0,C0085
2025-07-19,Osaka,P010,B,1,4670,4670.0,C0166
2025-07-19,Osaka,P004,B,4,4750,19000.0,C0018
2025-07-19,Osaka,P004,B,1,1280,1280.0,C0221
2025-07-19,Osaka,P003,A,2,4250,8500.0,C0183
2025-07-19,Osaka,P011,C,1,4880,4880.0,C0025
2025-07-19,Osaka,P011,C,3,2650,7950.0,C0251
2025-07-19,Osaka,P014,C,1,4830,4830.0,C0073
2025-07-19,Osaka,P012,A,4,3220,12880.0,C0259
2025-07-19,Osaka,P013,B,3,1710,5130.0,C0130
2025-07-19,Osaka,P014,C,1,4990,4990.0,C0055
2025-07-19,Osaka,P010,B,3,1780,5340.0,C0142
2025-07-19,Nagoya,P006,A,4,1210,4840.0,C0261
2025-07-19,Nagoya,P011,C,3,2120,6360.0,C0284
2025-07-19,Nagoya,P004,B,3,1140,3420.0,C0266
2025-07-19,Nagoya,P011,C,1,3640,3640.0,C0055
2025-07-19,Nagoya,P007,B,3,4720,14160.0,C0100
2025-07-19,Nagoya,P001,B,2,4700,9400.0,C0239
2025-07-19,Nagoya,P001,B,1,4020,4020.0,C0216
2025-07-19,Nagoya,P009,A,1,2120,2120.0,C0254
2025-07-19,Nagoya,P003,A,1,2800,2800.0,C0220
2025-07-19,Nagoya,P013,B,3,2960,8880.0,C0116
2025-07-19,Nagoya,P001,B,2,1850,3700.0,C0018
2025-07-20,Tokyo,P006,A,3,1800,5400.0,C0177
2025-07-20,Tokyo,P003,A,3,3950,11850.0,C0094
2025-07-20,Tokyo,P004,B,4,1890,7560.0,C0054
2025-07-20,Tokyo,P006,A,4,2850,11400.0,C0079
2025-07-20,Tokyo,P008,C,2,3650,7300.0,C0132
2025-07-20,Tokyo,P009,A,2,2920,5840.0,C0134
2025-07-20,Tokyo,P006,A,4,2060,8240.0,C0241
2025-07-20,Tokyo,P011,C,3,2270,6810.0,C0145
2025-07-20,Tokyo,P013,B,1,3340,3340.0,C0229
2025-07-20,Tokyo,P010,B,1,3030,3030.0,C0055
2025-07-20,Tokyo,P014,C,2,2680,5360.0,C0257
2025-07-20,Tokyo,P007,B,1,4570,4570.0,C0194
2025-07-20,Tokyo,P010,B,1,2790,2790.0,C0138
2025-07-20,Tokyo,P004,B,3,1980,5940.0,C0141
2025-07-20,Tokyo,P013,B,3,2110,6330.0,C0063
2025-07-20,Tokyo,P001,B,2,1070,2140.0,C0039
2025-07-20,Tokyo,P015,A,4,3230,12920.0,C0232
2025-07-20,Osaka,P010,B,4,1310,5240.0,C0106
2025-07-20,Osaka,P002,C,4,4290,17160.0,C0216
2025-07-20,Osaka,P010,B,2,1090,2180.0,C0232
2025-07-20,Osaka,P014,C,4,2360,9440.0,C0060
2025-07-20,Osaka,P010,B,1,1240,1240.0,C0246
2025-07-20,Osaka,P015,A,2,3030,6060.0,C0163
2025-07-20,Osaka,P003,A,1,2190,2190.0,C0252
2025-07-20,Osaka,P007,B,3,1770,5310.0,C0286
2025-07-20,Osaka,P014,C,2,1900,3800.0,C0292
2025-07-20,Osaka,P013,B,3,2070,6210.0,C0186
2025-07-20,Osaka,P006,A,3,4320,12960.0,C0147
2025-07-20,Osaka,P001,B,3,4430,13290.0,C0067
2025-07-20,Osaka,P015,A,2,3730,7460.0,C0210
2025-07-20,Osaka,P003,A,1,4790,4790.0,C0210
2025-07-20,Nagoya,P005,C,1,2080,2080.0,C0164
2025-07-20,Nagoya,P011,C,2,1850,3700.0,C0075
2025-07-20,Nagoya,P015,A,3,4960,14880.0,C0002
2025-07-20,Nagoya,P007,B,2,2600,5200.0,C0118
2025-07-20,Nagoya,P002,C,1,4110,4110.0,C0132
2025-07-20,Nagoya,P003,A,2,4730,9460.0,C0140
2025-07-20,Nagoya,P015,A,1,1480,1480.0,C0169
2025-07-20,Nagoya,P011,C,4,2860,11440.0,C0060
2025-07-20,Nagoya,P009,A,2,1710,3420.0,C0027
2025-07-20,Nagoya,P011,C,3,1660,4980.0,C0168
2025-07-20,Nagoya,P014,C,4,2810,11240.0,C0018
2025-07-20,Nagoya,P010,B,3,4680,14040.0,C0166
2025-07-20,Nagoya,P012,A,3,3160,9480.0,C0095
2025-07-20,Nagoya,P007,B,2,2840,5680.0,C0285
2025-07-20,Nagoya,P006,A,2,4780,9560.0,C0046
2025-07-20,Nagoya,P004,B,2,2630,5260.0,C0103
2025-07-21,Tokyo,P008,C,2,2910,5820.0,C0266
2025-07-21,Tokyo,P015,A,1,1160,1160.0,C0010
2025-07-21,Tokyo,P007,B,3,1200,3600.0,C0152
2025-07-21,Tokyo,P006,A,4,3410,13640.0,C0127
2025-07-21,Tokyo,P009,A,1,2900,2900.0,C0099
2025-07-21,Tokyo,P003,A,2,3550,7100.0,C0175
2025-07-21,Tokyo,P015,A,2,3790,7580.0,C0165
2025-07-21,Tokyo,P014,C,4,3830,15320.0,C0127
2025-07-21,Tokyo,P009,A,3,4220,12660.0,C0069
2025-07-21,Tokyo,P014,C,4,1350,5400.0,C0081
2025-07-21,Tokyo,P004,B,3,1830,5490.0,C0090
2025-07-21,Tokyo,P003,A,1,2830,2830.0,C0096
2025-07-21,Tokyo,P008,C,1,2140,2140.0,C0267
2025-07-21,Tokyo,P013,B,2,1640,3280.0,C0292
2025-07-21,Tokyo,P011,C,2,3790,7580.0,C0067
2025-07-21,Tokyo,P007,B,2,3880,7760.0,C0055
2025-07-21,Tokyo,P008,C,4,1780,7120.0,C0036
2025-07-21,Osaka,P014,C,2,1180,2360.0,C0162
2025-07-21,Osaka,P005,C,3,1550,4650.0,C0241
2025-07-21,Osaka,P011,C,3,3040,9120.0,C0066
2025-07-21,Osaka,P015,A,2,2460,4920.0,C0277
2025-07-21,Osaka,P001,B,1,4040,4040.0,C0111
2025-07-21,Osaka,P009,A,3,4300,12900.0,C0186
2025-07-21,Osaka,P007,B,3,3950,11850.0,C0114
2025-07-21,Osaka,P003,A,2,4990,9980.0,C0034
2025-07-21,Osaka,P003,A,4,4310,17240.0,C0035
2025-07-21,Osaka,P004,B,3,4130,12390.0,C0220
2025-07-21,Osaka,P013,B,3,4500,13500.0,C0179
2025-07-21,Osaka,P008,C,3,2710,8130.0,C0182
2025-07-21,Osaka,P013,B,4,3310,13240.0,C0002
2025-07-21,Osaka,P010,B,2,1940,3880.0,C0264
2025-07-21,Osaka,P007,B,4,2470,9880.0,C0182
2025-07-21,Osaka,P010,B,4,1780,7120.0,C0168
2025-07-21,Osaka,P007,B,2,4390,8780.0,C0041
2025-07-21,Osaka,P009,A,2,4580,9160.0,C0065
2025-07-21,Nagoya,P002,C,2,1040,2080.0,C0150
2025-07-21,Nagoya,P004,B,2,3420,6840.0,C0205
2025-07-21,Nagoya,P001,B,1,2270,2270.0,C0156
2025-07-21,Nagoya,P014,C,1,1270,1270.0,C0189
2025-07-21,Nagoya,P015,A,4,3260,13040.0,C0006
2025-07-21,Nagoya,P009,A,2,2780,5560.0,C0148
2025-07-21,Nagoya,P009,A,3,1760,5280.0,C0023
2025-07-21,Nagoya,P001,B,2,3030,6060.0,C0235
2025-07-21,Nagoya,P007,B,3,4900,14700.0,C0225
2025-07-21,Nagoya,P011,C,2,1600,3200.0,C0276
2025-07-21,Nagoya,P009,A,1,2920,2920.0,C0028
2025-07-21,Nagoya,P015,A,3,4130,12390.0,C0141
2025-07-22,Tokyo,P010,B,3,1910,5730.0,C0215
2025-07-22,Tokyo,P004,B,3,3990,11970.0,C0042
2025-07-22,Tokyo,P005,C,1,3900,3900.0,C0071
2025-07-22,Tokyo,P010,B,2,1330,2660.0,C0264
2025-07-22,Tokyo,P011,C,2,4510,9020.0,C0212
2025-07-22,Tokyo,P013,B,1,1030,1030.0,C0019
2025-07-22,Tokyo,P009,A,4,4650,18600.0,C0288
2025-07-22,Tokyo,P009,A,3,2160,6480.0,C0001
2025-07-22,Tokyo,P003,A,1,3730,3730.0,C0151
2025-07-22,Tokyo,P012,A,1,4650,4650.0,C0216
2025-07-22,Osaka,P010,B,2,3500,7000.0,C0181
2025-07-22,Osaka,P003,A,1,3600,3600.0,C0029
2025-07-22,Osaka,P002,C,1,3480,3480.0,C0278
2025-07-22,Osaka,P008,C,1,3050,3050.0,C0145
2025-07-22,Osaka,P009,A,2,3120,6240.0,C0098
2025-07-22,Osaka,P014,C,3,2240,6720.0,C0001
2025-07-22,Osaka,P011,C,2,1990,3980.0,C0144
2025-07-22,Osaka,P008,C,4,3170,12680.0,C0210
2025-07-22,Osaka,P010,B,4,1020,4080.0,C0113
2025-07-22,Osaka,P011,C,1,2760,2760.0,C0120
2025-07-22,Osaka,P013,B,4,1420,5680.0,C0065
2025-07-22,Osaka,P012,A,1,2980,2980.0,C0283
2025-07-22,Osaka,P015,A,4,1530,6120.0,C0045
2025-07-22,Osaka,P003,A,4,1710,6840.0,C0129
2025-07-22,Osaka,P013,B,2,4760,9520.0,C0150
2025-07-22,Osaka,P006,A,4,3180,12720.0,C0056
2025-07-22,Osaka,P010,B,4,4350,17400.0,C0002
2025-07-22,Osaka,P002,C,3,3960,11880.0,C0196
2025-07-22,Osaka,P006,A,4,3310,13240.0,C0277
2025-07-22,Nagoya,P012,A,1,3920,3920.0,C0219
2025-07-22,Nagoya,P004,B,1,4970,4970.0,C0023
2025-07-22,Nagoya,P008,C,1,2660,2660.0,C0246
2025-07-22,Nagoya,P008,C,1,2570,2570.0,C0028
2025-07-22,Nagoya,P009,A,1,2390,2390.0,C0019
2025-07-22,Nagoya,P004,B,1,4710,4710.0,C0231
2025-07-22,Nagoya,P014,C,3,2980,8940.0,C0053
2025-07-22,Nagoya,P015,A,4,2660,10640.0,C0068
2025-07-22,Nagoya,P006,A,2,4660,9320.0,C0020
2025-07-22,Nagoya,P010,B,4,4050,16200.0,C0058
2025-07-22,Nagoya,P007,B,2,2620,5240.0,C0027
2025-07-22,Nagoya,P002,C,1,4860,4860.0,C0125
2025-07-22,Nagoya,P004,B,4,2970,11880.0,C0109
2025-07-23,Tokyo,P006,A,3,3490,10470.0,C0117
2025-07-23,Tokyo,P010,B,4,4720,18880.0,C0158
2025-07-23,Tokyo,P004,B,1,1630,1630.0,C0004
2025-07-23,Tokyo,P009,A,1,1900,1900.0,C0217
2025-07-23,Tokyo,P005,C,4,1540,6160.0,C0103
2025-07-23,Tokyo,P001,B,3,1490,,C0072
2025-07-23,Tokyo,P012,A,4,3180,12720.0,C0289
2025-07-23,Tokyo,P012,A,4,4960,19840.0,C0027
2025-07-23,Tokyo,P004,B,2,3470,6940.0,C0297
2025-07-23,Tokyo,P002,C,1,2190,2190.0,C0201
2025-07-23,Tokyo,P015,A,4,3990,15960.0,C0232
2025-07-23,Osaka,P010,B,1,3020,3020.0,C0088
2025-07-23,Osaka,P014,C,2,2570,5140.0,C0121
2025-07-23,Osaka,P014,C,4,2720,10880.0,C0298
2025-07-23,Osaka,P012,A,4,4660,18640.0,C0100
2025-07-23,Osaka,P009,A,2,2230,4460.0,C0139
2025-07-23,Osaka,P001,B,1,4230,4230.0,C0050
2025-07-23,Osaka,P010,B,4,2050,8200.0,C0138
2025-07-23,Osaka,P014,C,4,4680,18720.0,C0188
2025-07-23,Osaka,P014,C,2,3400,6800.0,C0200
2025-07-23,Osaka,P015,A,2,4490,8980.0,C0153
2025-07-23,Osaka,P002,C,3,4920,14760.0,C0136
2025-07-23,Osaka,P009,A,4,4680,18720.0,C0120
2025-07-23,Osaka,P012,A,3,3590,10770.0,C0216
2025-07-23,Osaka,P005,C,2,1100,2200.0,C0257
2025-07-23,Nagoya,P011,C,3,3810,11430.0,C0259
2025-07-23,Nagoya,P014,C,1,4360,4360.0,C0063
2025-07-23,Nagoya,P010,B,3,1210,3630.0,C0085
2025-07-23,Nagoya,P014,C,1,1920,1920.0,C0025
2025-07-23,Nagoya,P003,A,3,4360,13080.0,C0178
2025-07-23,Nagoya,P005,C,4,2460,9840.0,C0095
2025-07-23,Nagoya,P008,C,1,2420,2420.0,C0239
2025-07-23,Nagoya,P010,B,4,4100,16400.0,C0108
2025-07-23,Nagoya,P012,A,4,3520,14080.0,C0229
2025-07-23,Nagoya,P008,C,4,1950,7800.0,C0127
2025-07-23,Nagoya,P004,B,1,3460,3460.0,C0036
2025-07-23,Nagoya,P004,B,4,1960,7840.0,C0259
2025-07-24,Tokyo,P007,B,1,1230,1230.0,C0237
2025-07-24,Tokyo,P002,C,4,3390,13560.0,C0145
2025-07-24,Tokyo,P014,C,2,2590,5180.0,C0123
2025-07-24,Tokyo,P010,B,4,3160,12640.0,C0085
2025-07-24,Tokyo,P014,C,3,4320,12960.0,C0130
2025-07-24,Tokyo,P003,A,4,3710,14840.0,C0093
2025-07-24,Tokyo,P013,B,1,4720,4720.0,C0174
2025-07-24,Tokyo,P009,A,1,1700,1700.0,C0216
2025-07-24,Tokyo,P009,A,1,3660,3660.0,C0224
2025-07-24,Tokyo,P005,C,3,4890,14670.0,C0145
2025-07-24,Osaka,P015,A,4,2820,11280.0,C0128
2025-07-24,Osaka,P013,B,1,2240,2240.0,C0163
2025-07-24,Osaka,P010,B,3,2480,7440.0,C0260
2025-07-24,Osaka,P010,B,3,4750,14250.0,C0029
2025-07-24,Osaka,P011,C,4,3640,14560.0,C0170
2025-07-24,Osaka,P006,A,2,3180,6360.0,C0269
2025-07-24,Osaka,P007,B,1,2930,2930.0,C0030
2025-07-24,Osaka,P015,A,3,1850,5550.0,C0187
2025-07-24,Osaka,P009,A,3,3360,10080.0,C0278
2025-07-24,Osaka,P013,B,2,1950,3900.0,C0297
2025-07-24,Osaka,P010,B,1,3110,3110.0,C0036
2025-07-24,Osaka,P001,B,1,2010,2010.0,C0024
2025-07-24,Nagoya,P007,B,3,4460,13380.0,C0251
2025-07-24,Nagoya,P013,B,1,3970,3970.0,C0298
2025-07-24,Nagoya,P001,B,4,4460,17840.0,C0252
2025-07-24,Nagoya,P006,A,1,3920,3920.0,C0187
2025-07-24,Nagoya,P011,C,2,1710,3420.0,C0270
2025-07-24,Nagoya,P008,C,4,4700,18800.0,C0138
2025-07-24,Nagoya,P004,B,4,3860,15440.0,C0200
2025-07-24,Nagoya,P015,A,1,2440,2440.0,C0012
2025-07-24,Nagoya,P006,A,2,2810,5620.0,C0046
2025-07-24,Nagoya,P013,B,2,2750,5500.0,C0259
2025-07-24,Nagoya,P008,C,4,1880,7520.0,C0255
2025-07-24,Nagoya,P015,A,4,4560,18240.0,C0222
2025-07-24,Nagoya,P010,B,4,4840,19360.0,C0181
2025-07-24,Nagoya,P011,C,1,4830,4830.0,C0233
2025-07-24,Nagoya,P003,A,2,1900,3800.0,C0096
2025-07-24,Nagoya,P014,C,2,2670,5340.0,C0233
2025-07-24,Nagoya,P006,A,4,4010,16040.0,C0077
2025-07-24,Nagoya,P010,B,2,2370,4740.0,C0271
2025-07-25,Tokyo,P002,C,2,3060,6120.0,C0038
2025-07-25,Tokyo,P012,A,1,1360,1360.0,C0161
2025-07-25,Tokyo,P003,A,4,1270,5080.0,C0126
2025-07-25,Tokyo,P001,B,2,4730,9460.0,C0195
2025-07-25,Tokyo,P009,A,1,2250,2250.0,C0114
2025-07-25,Tokyo,P009,A,1,4990,4990.0,C0195
2025-07-25,Tokyo,P005,C,1,3380,3380.0,C0134
2025-07-25,Tokyo,P011,C,3,3560,10680.0,C0250
2025-07-25,Tokyo,P008,C,3,2430,7290.0,C0282
2025-07-25,Tokyo,P007,B,3,4990,14970.0,C0105
2025-07-25,Tokyo,P002,C,1,1970,1970.0,C0017
2025-07-25,Tokyo,P009,A,2,1380,2760.0,C0041
2025-07-25,Tokyo,P005,C,2,4890,9780.0,C0211
2025-07-25,Osaka,P011,C,4,2270,9080.0,C0030
2025-07-25,Osaka,P008,C,1,1860,1860.0,C0226
2025-07-25,Osaka,P008,C,3,3040,9120.0,C0163
2025-07-25,Osaka,P005,C,1,2030,2030.0,C0239
2025-07-25,Osaka,P015,A,1,3140,3140.0,C0141
2025-07-25,Osaka,P009,A,1,1030,1030.0,C0061
2025-07-25,Osaka,P003,A,1,2420,2420.0,C0205
2025-07-25,Osaka,P015,A,3,1700,5100.0,C0109
2025-07-25,Osaka,P005,C,1,4960,4960.0,C0197
2025-07-25,Osaka,P008,C,2,2270,4540.0,C0125
2025-07-25,Osaka,P010,B,4,2980,11920.0,C0056
2025-07-25,Osaka,P015,A,2,1330,2660.0,C0163
2025-07-25,Osaka,P012,A,2,2110,4220.0,C0087
2025-07-25,Osaka,P013,B,4,4390,17560.0,C0068
2025-07-25,Osaka,P013,B,2,4460,8920.0,C0297
2025-07-25,Osaka,P011,C,4,1560,6240.0,C0196
2025-07-25,Osaka,P001,B,3,2360,7080.0,C0291
2025-07-25,Nagoya,P012,A,2,1290,2580.0,C0222
2025-07-25,Nagoya,P004,B,3,2850,8550.0,C0291
2025-07-25,Nagoya,P006,A,2,3960,7920.0,C0235
2025-07-25,Nagoya,P002,C,3,2960,8880.0,C0296
2025-07-25,Nagoya,P010,B,4,2370,9480.0,C0085
2025-07-25,Nagoya,P012,A,1,3320,3320.0,C0290
2025-07-25,Nagoya,P015,A,3,2980,8940.0,C0243
2025-07-25,Nagoya,P001,B,4,1750,7000.0,C0220
2025-07-25,Nagoya,P006,A,4,3410,13640.0,C0278
2025-07-25,Nagoya,P012,A,4,1600,6400.0,C0114
2025-07-25,Nagoya,P007,B,1,1090,1090.0,C0012
2025-07-25,Nagoya,P012,A,2,4000,8000.0,C0250
2025-07-25,Nagoya,P001,B,4,1900,7600.0,C0121
2025-07-25,Nagoya,P015,A,2,4750,9500.0,C0152
2025-07-26,Tokyo,P013,B,1,3540,3540.0,C0138
2025-07-26,Tokyo,P003,A,3,2440,7320.0,C0030
2025-07-26,Tokyo,P009,A,1,3150,3150.0,C0068
2025-07-26,Tokyo,P013,B,4,4720,18880.0,C0281
2025-07-26,Tokyo,P002,C,3,1890,5670.0,C0029
2025-07-26,Tokyo,P006,A,2,2180,4360.0,C0035
2025-07-26,Tokyo,P007,B,1,1160,1160.0,C0135
2025-07-26,Tokyo,P001,B,4,4350,17400.0,C0277
2025-07-26,Tokyo,P002,C,2,4290,8580.0,C0173
2025-07-26,Tokyo,P005,C,4,2230,8920.0,C0292
2025-07-26,Osaka,P011,C,1,4650,4650.0,C0107
2025-07-26,Osaka,P001,B,4,4860,19440.0,C0276
2025-07-26,Osaka,P008,C,1,1910,1910.0,C0010
2025-07-26,Osaka,P001,B,1,3250,3250.0,C0230
2025-07-26,Osaka,P009,A,1,3400,3400.0,C0070
2025-07-26,Osaka,P007,B,4,1530,6120.0,C0262
2025-07-26,Osaka,P005,C,3,2040,6120.0,C0050
2025-07-26,Osaka,P007,B,2,3020,6040.0,C0071
2025-07-26,Osaka,P015,A,3,4360,,C0234
2025-07-26,Osaka,P011,C,1,3350,3350.0,C0269
2025-07-26,Osaka,P002,C,2,1730,3460.0,C0238
2025-07-26,Nagoya,P001,B,4,2440,9760.0,C0289
2025-07-26,Nagoya,P001,B,1,3870,3870.0,C0233
2025-13-40,Nagoya,P002,C,1,2350,,C0011
2025-07-26,Nagoya,P012,A,3,3990,11970.0,C0141
2025-07-26,Nagoya,P010,B,3,3770,11310.0,C0135
2025-07-26,Nagoya,P010,B,3,3560,10680.0,C0261
2025-07-26,Nagoya,P006,A,4,1110,4440.0,C0146
2025-07-26,Nagoya,P007,B,4,1180,4720.0,C0065
2025-07-26,Nagoya,P008,C,4,2850,11400.0,C0192
2025-07-26,Nagoya,P003,A,4,4130,16520.0,C0013
2025-07-26,Nagoya,P011,C,1,3230,3230.0,C0212
2025-07-26,Nagoya,P014,C,1,2140,2140.0,C0207
2025-07-26,Nagoya,P004,B,3,1730,5190.0,C0049
2025-07-26,Nagoya,P009,A,3,1820,5460.0,C0262
2025-07-26,Nagoya,P014,C,1,2210,2210.0,C0167
2025-07-26,Nagoya,P008,C,2,3110,6220.0,C0288
2025-07-26,Nagoya,P005,C,1,3950,3950.0,C0171
2025-07-26,Nagoya,P011,C,3,4040,12120.0,C0219
2025-07-26,Nagoya,P010,B,2,2840,5680.0,C0080
2025-07-27,Tokyo,P010,B,3,4090,12270.0,C0113
2025-07-27,Tokyo,P011,C,2,2430,4860.0,C0049
2025-07-27,Tokyo,P004,B,3,1860,5580.0,C0024
2025-07-27,Tokyo,P005,C,4,1590,6360.0,C0043
2025-07-27,Tokyo,P007,B,2,4680,9360.0,C0072
2025-07-27,Tokyo,P007,B,2,1990,3980.0,C0097
2025-07-27,Tokyo,P004,B,3,4160,12480.0,C0053
2025-07-27,Tokyo,P008,C,2,4470,8940.0,C0031
2025-07-27,Tokyo,P007,B,2,2450,4900.0,C0282
2025-07-27,Tokyo,P009,A,2,4230,8460.0,C0233
2025-07-27,Tokyo,P003,A,2,2640,5280.0,C0135
2025-07-27,Tokyo,P006,A,4,4980,19920.0,C0009
2025-07-27,Tokyo,P013,B,4,2460,9840.0,C0146
2025-07-27,Tokyo,P002,C,2,1950,3900.0,C0272
2025-07-27,Osaka,P006,A,2,4910,9820.0,C0245
2025-07-27,Osaka,P015,A,2,2070,4140.0,C0171
2025-07-27,Osaka,P006,A,1,4240,4240.0,C0029
2025-07-27,Osaka,P003,A,4,3920,15680.0,C0193
2025-07-27,Osaka,P002,C,2,1820,3640.0,C0192
2025-07-27,Osaka,P008,C,2,3980,7960.0,C0233
2025-07-27,Osaka,P012,A,1,3430,3430.0,C0063
2025-07-27,Osaka,P005,C,4,2660,10640.0,C0236
2025-07-27,Osaka,P004,B,4,2100,8400.0,C0055
2025-07-27,Osaka,P005,C,1,3390,3390.0,C0044
2025-07-27,Osaka,P004,B,3,1170,3510.0,C0132
2025-07-27,Nagoya,P007,B,1,1630,1630.0,C0291
2025-07-27,Nagoya,P012,A,2,4490,8980.0,C0002
2025-07-27,Nagoya,P001,B,4,3690,14760.0,C0180
2025-07-27,Nagoya,P006,A,4,3430,,C0131
2025-07-27,Nagoya,P006,A,2,3300,6600.0,C0196
2025-07-27,Nagoya,P013,B,2,2010,4020.0,C0167
2025-07-27,Nagoya,P009,A,2,1290,2580.0,C0100
2025-07-27,Nagoya,P002,C,1,4860,4860.0,C0234
2025-07-27,Nagoya,P001,B,2,2010,4020.0,C0292
2025-07-27,Nagoya,P007,B,2,3530,7060.0,C0143
2025-07-27,Nagoya,P003,A,2,1500,3000.0,C0208
2025-07-27,Nagoya,P015,A,4,2500,10000.0,C0146
2025-07-27,Nagoya,P001,B,2,1120,2240.0,C0223
2025-07-27,Nagoya,P014,C,1,3690,3690.0,C0180
2025-07-27,Nagoya,P007,B,3,3710,11130.0,C0081
2025-07-27,Nagoya,P012,A,3,2240,6720.0,C0220
2025-07-28,Tokyo,P002,C,1,2290,2290.0,C0014
2025-07-28,Tokyo,P007,B,2,4100,8200.0,C0052
2025-07-28,Tokyo,P009,A,3,2790,8370.0,C0272
2025-07-28,Tokyo,P005,C,2,1010,2020.0,C0123
2025-07-28,Tokyo,P001,B,4,1960,7840.0,C0243
2025-07-28,Tokyo,P002,C,2,1470,2940.0,C0111
2025-07-28,Tokyo,P010,B,2,3420,6840.0,C0242
2025-07-28,Tokyo,P001,B,2,3370,6740.0,C0157
2025-07-28,Tokyo,P003,A,1,2500,2500.0,C0195
2025-07-28,Tokyo,P015,A,2,3080,6160.0,C0092
2025-07-28,Tokyo,P001,B,2,2390,4780.0,C0046
2025-07-28,Tokyo,P011,C,2,1890,3780.0,C0117
2025-07-28,Tokyo,P015,A,3,2700,8100.0,C0246
2025-07-28,Tokyo,P001,B,2,3160,6320.0,C0147
2025-07-28,Tokyo,P011,C,3,2820,8460.0,C0278
2025-07-28,Tokyo,P014,C,2,4600,9200.0,C0192
2025-07-28,Osaka,P002,C,1,1840,1840.0,C0094
2025-07-28,Osaka,P002,C,3,2640,7920.0,C0180
2025-07-28,Osaka,P008,C,2,3450,6900.0,C0285
2025-07-28,Osaka,P005,C,2,3060,6120.0,C0241
2025-07-28,Osaka,P008,C,4,1290,5160.0,C0030
2025-07-28,Osaka,P007,B,1,1090,1090.0,C0065
2025-07-28,Osaka,P005,C,4,4120,16480.0,C0105
2025-07-28,Osaka,P015,A,4,2000,8000.0,C0143
2025-07-28,Osaka,P014,C,2,2480,4960.0,C0271
2025-07-28,Osaka,P010,B,2,4470,8940.0,C0223
2025-07-28,Osaka,P006,A,2,1180,2360.0,C0031
2025-07-28,Nagoya,P001,B,4,1830,7320.0,C0162
2025-07-28,Nagoya,P011,C,4,2490,9960.0,C0277
2025-07-28,Nagoya,P007,B,4,1400,5600.0,C0081
2025-07-28,Nagoya,P010,B,3,4210,12630.0,C0108
2025-07-28,Nagoya,P010,B,3,4930,14790.0,C0036
2025-07-28,Nagoya,P001,B,3,1060,3180.0,C0059
2025-07-28,Nagoya,P008,C,2,2060,4120.0,C0104
2025-07-28,Nagoya,P011,C,2,4170,8340.0,C0048
2025-07-28,Nagoya,P002,C,1,4660,4660.0,C0083
2025-07-28,Nagoya,P001,B,2,3750,7500.0,C0109
2025-07-28,Nagoya,P006,A,1,3660,3660.0,C0066
2025-07-28,Nagoya,P002,C,3,4740,14220.0,C0183
2025-07-28,Nagoya,P015,A,2,3070,6140.0,C0107
2025-07-28,Nagoya,P008,C,4,3530,14120.0,C0008
2025-07-28,Nagoya,P009,A,2,3170,6340.0,C0167
2025-07-28,Nagoya,P009,A,4,4430,17720.0,C0291
2025-07-28,Nagoya,P010,B,2,1780,3560.0,C0254
2025-07-28,Nagoya,P014,C,1,1860,1860.0,C0204
2025-07-28,Nagoya,P003,A,1,4980,4980.0,C0029
2025-07-29,Tokyo,P015,A,1,4190,4190.0,C0169
2025-07-29,Tokyo,P009,A,4,1080,4320.0,C0019
2025-07-29,Tokyo,P003,A,2,4840,9680.0,C0021
2025-07-29,Tokyo,P007,B,2,1780,3560.0,C0103
2025-07-29,Tokyo,P004,B,1,3080,3080.0,C0279
2025-07-29,Tokyo,P007,B,3,3680,11040.0,C0253
2025-07-29,Tokyo,P013,B,4,4250,17000.0,C0279
2025-07-29,Tokyo,P015,A,3,2970,8910.0,C0092
2025-07-29,Tokyo,P009,A,4,4010,16040.0,C0156
2025-07-29,Tokyo,P002,C,2,3300,6600.0,C0116
2025-07-29,Tokyo,P007,B,2,1300,2600.0,C0140
2025-07-29,Tokyo,P007,B,4,1440,5760.0,C0145
2025-07-29,Osaka,P005,C,2,1340,2680.0,C0172
2025-13-40,Osaka,P013,B,2,2660,5320.0,C0224
2025-07-29,Osaka,P007,B,2,4050,8100.0,C0085
2025-07-29,Osaka,P013,B,2,3040,6080.0,C0075
2025-07-29,Osaka,P010,B,2,1950,3900.0,C0223
2025-07-29,Osaka,P015,A,1,3270,3270.0,C0215
2025-07-29,Osaka,P011,C,1,1450,1450.0,C0154
2025-07-29,Osaka,P010,B,2,2470,4940.0,C0160
2025-07-29,Osaka,P007,B,2,3720,7440.0,C0295
2025-07-29,Osaka,P012,A,1,2390,2390.0,C0003
2025-07-29,Osaka,P014,C,3,1870,5610.0,C0251
2025-07-29,Osaka,P009,A,1,1600,1600.0,C0242
2025-07-29,Osaka,P005,C,3,4580,13740.0,C0087
2025-07-29,Osaka,P001,B,1,4660,4660.0,C0180
2025-07-29,Osaka,P005,C,1,3780,3780.0,C0012
2025-07-29,Osaka,P002,C,3,3560,10680.0,C0171
2025-07-29,Osaka,P014,C,2,3220,6440.0,C0092
2025-07-29,Osaka,P006,A,1,4170,4170.0,C0211
2025-07-29,Nagoya,P003,A,1,4120,4120.0,C0200
2025-07-29,Nagoya,P001,B,3,4920,14760.0,C0225
2025-07-29,Nagoya,P005,C,2,4000,8000.0,C0120
2025-07-29,Nagoya,P012,A,4,2620,10480.0,C0172
2025-07-29,Nagoya,P008,C,3,1300,3900.0,C0296
2025-07-29,Nagoya,P009,A,1,3290,3290.0,C0119
2025-07-29,Nagoya,P013,B,4,2520,10080.0,C0214
2025-07-29,Nagoya,P001,B,4,3040,12160.0,C0196
2025-07-29,Nagoya,P010,B,2,3750,7500.0,C0119
2025-07-29,Nagoya,P011,C,1,1580,1580.0,C0277
2025-07-29,Nagoya,P012,A,1,1850,1850.0,C0164
2025-07-29,Nagoya,P001,B,2,2300,4600.0,C0041
2025-07-29,Nagoya,P005,C,2,1260,2520.0,C0190
2025-07-29,Nagoya,P005,C,1,1080,1080.0,C0289
2025-07-29,Nagoya,P002,C,4,1660,6640.0,C0026
2025-07-29,Nagoya,P009,A,4,1280,5120.0,C0099
2025-07-29,Nagoya,P012,A,1,1670,1670.0,C0092
2025-07-30,Tokyo,P013,B,3,3660,10980.0,C0008
2025-07-30,Tokyo,P004,B,4,3870,15480.0,C0073
2025-07-30,Tokyo,P011,C,3,3970,11910.0,C0294
2025-07-30,Tokyo,P009,A,1,4270,4270.0,C0005
2025-07-30,Tokyo,P010,B,4,1500,6000.0,C0239
2025-07-30,Tokyo,P013,B,3,2290,6870.0,C0061
2025-07-30,Tokyo,P011,C,1,3700,3700.0,C0051
2025-07-30,Tokyo,P006,A,3,1640,4920.0,C0238
2025-07-30,Tokyo,P011,C,1,4390,4390.0,C0215
2025-07-30,Tokyo,P013,B,3,3500,10500.0,C0115
2025-07-30,Tokyo,P004,B,1,2260,2260.0,C0087
2025-07-30,Tokyo,P012,A,3,2640,7920.0,C0217
2025-07-30,Tokyo,P011,C,4,2230,8920.0,C0073
2025-07-30,Tokyo,P001,B,1,3410,3410.0,C0242
2025-07-30,Tokyo,P010,B,4,3510,14040.0,C0264
2025-07-30,Tokyo,P005,C,2,4240,8480.0,C0198
2025-07-30,Tokyo,P008,C,4,4040,16160.0,C0089
2025-07-30,Tokyo,P010,B,2,2660,5320.0,C0241
2025-07-30,Osaka,P001,B,3,3580,10740.0,C0153
2025-07-30,Osaka,P005,C,3,4790,14370.0,C0026
2025-07-30,Osaka,P010,B,4,2600,10400.0,C0101
2025-07-30,Osaka,P004,B,1,2560,2560.0,C0231
2025-07-30,Osaka,P003,A,1,4990,4990.0,C0298
2025-07-30,Osaka,P004,B,2,2610,5220.0,C0089
2025-07-30,Osaka,P003,A,1,3450,3450.0,C0013
2025-07-30,Osaka,P010,B,1,1610,1610.0,C0002
2025-07-30,Osaka,P006,A,2,2320,4640.0,C0093
2025-07-30,Osaka,P015,A,2,4230,8460.0,C0070
2025-07-30,Osaka,P008,C,1,2030,2030.0,C0022
2025-07-30,Osaka,P001,B,1,1630,1630.0,C0095
2025-07-30,Osaka,P012,A,1,3440,3440.0,C0110
2025-07-30,Osaka,P007,B,4,2850,11400.0,C0079
2025-07-30,Osaka,P004,B,1,4200,4200.0,C0199
2025-07-30,Osaka,P005,C,2,3020,6040.0,C0015
2025-07-30,Nagoya,P012,A,3,3860,11580.0,C0033
2025-07-30,Nagoya,P015,A,3,4750,14250.0,C0259
2025-07-30,Nagoya,P009,A,2,3740,7480.0,C0154
2025-07-30,Nagoya,P007,B,3,4550,13650.0,C0052
2025-07-30,Nagoya,P009,A,4,2300,9200.0,C0103
2025-07-30,Nagoya,P001,B,2,3340,6680.0,C0291
2025-07-30,Nagoya,P008,C,2,4240,8480.0,C0057
2025-07-30,Nagoya,P003,A,3,4260,12780.0,C0064
2025-07-30,Nagoya,P001,B,3,3340,10020.0,C0206
2025-07-30,Nagoya,P006,A,1,2320,2320.0,C0141
2025-07-30,Nagoya,P007,B,4,1890,7560.0,C0094
2025-07-30,Nagoya,P003,A,3,4220,12660.0,C0265
2025-07-30,Nagoya,P004,B,2,3940,7880.0,C0014
2025-07-30,Nagoya,P011,C,1,1130,1130.0,C0034
2025-07-30,Nagoya,P014,C,3,4150,12450.0,C0207
2025-07-30,Nagoya,P012,A,2,4230,8460.0,C0017
2025-07-30,Nagoya,P009,A,4,4970,19880.0,C0108
2025-07-30,Nagoya,P003,A,3,1280,3840.0,C0233
2025-07-30,Nagoya,P011,C,3,2170,6510.0,C0036
2025-07-31,Tokyo,P006,A,2,1750,3500.0,C0100
2025-07-31,Tokyo,P013,B,4,2390,9560.0,C0043
2025-07-31,Tokyo,P001,B,1,1030,1030.0,C0200
2025-07-31,Tokyo,P010,B,4,2320,9280.0,C0249
2025-07-31,Tokyo,P003,A,1,4660,4660.0,C0264
2025-07-31,Tokyo,P009,A,3,3800,11400.0,C0247
2025-07-31,Tokyo,P004,B,1,1740,1740.0,C0107
2025-07-31,Tokyo,P004,B,3,1550,4650.0,C0173
2025-07-31,Tokyo,P011,C,1,2140,2140.0,C0162
2025-07-31,Tokyo,P001,B,3,4010,12030.0,C0109
2025-07-31,Tokyo,P001,B,3,4470,13410.0,C0088
2025-07-31,Tokyo,P013,B,4,2120,8480.0,C0180
2025-07-31,Tokyo,P001,B,3,4510,13530.0,C0283
2025-07-31,Tokyo,P003,A,3,1260,3780.0,C0084
2025-07-31,Tokyo,P013,B,3,2560,7680.0,C0288
2025-07-31,Tokyo,P012,A,1,1310,1310.0,C0188
2025-07-31,Osaka,P003,A,3,4260,12780.0,C0258
2025-07-31,Osaka,P010,B,4,4740,18960.0,C0250
2025-07-31,Osaka,P011,C,4,1060,4240.0,C0027
2025-07-31,Osaka,P008,C,3,4610,13830.0,C0203
2025-07-31,Osaka,P004,B,4,1330,5320.0,C0029
2025-07-31,Osaka,P011,C,4,3010,12040.0,C0041
2025-07-31,Osaka,P001,B,4,2110,8440.0,C0192
2025-07-31,Osaka,P005,C,1,3670,3670.0,C0221
2025-07-31,Osaka,P008,C,3,2940,8820.0,C0177
2025-07-31,Osaka,P013,B,3,2110,6330.0,C0074
2025-07-31,Osaka,P011,C,3,2470,7410.0,C0251
2025-07-31,Osaka,P007,B,2,3220,6440.0,C0058
2025-07-31,Osaka,P011,C,4,4780,19120.0,C0134
2025-07-31,Osaka,P005,C,2,1410,2820.0,C0200
2025-07-31,Osaka,P007,B,1,3180,3180.0,C0215
2025-07-31,Osaka,P004,B,2,4560,9120.0,C0213
2025-07-31,Osaka,P012,A,2,2970,5940.0,C0149
2025-07-31,Osaka,P007,B,1,1160,1160.0,C0249
2025-07-31,Nagoya,P008,C,3,2640,7920.0,C0267
2025-07-31,Nagoya,P008,C,3,3120,9360.0,C0048
2025-07-31,Nagoya,P003,A,1,2010,2010.0,C0048
2025-07-31,Nagoya,P004,B,4,2440,9760.0,C0238
2025-07-31,Nagoya,P006,A,4,4010,16040.0,C0252
2025-07-31,Nagoya,P005,C,1,2230,2230.0,C0210
2025-07-31,Nagoya,P010,B,3,4970,14910.0,C0068
2025-07-31,Nagoya,P007,B,2,1590,3180.0,C0199
2025-07-31,Nagoya,P001,B,4,1350,5400.0,C0034
2025-07-31,Nagoya,P003,A,4,4440,17760.0,C0276
2025-07-31,Nagoya,P013,B,4,2880,11520.0,C0002
2025-07-31,Nagoya,P007,B,1,1970,1970.0,C0207
2025-07-31,Nagoya,P003,A,2,2570,5140.0,C0019
2025-07-31,Nagoya,P011,C,4,3230,12920.0,C0009
2025-07-31,Nagoya,P012,A,2,2060,4120.0,C0284
2025-08-01,Tokyo,P007,B,2,4640,9280.0,C0058
2025-08-01,Tokyo,P007,B,3,2380,7140.0,C0095
2025-08-01,Tokyo,P002,C,2,2430,4860.0,C0251
2025-08-01,Tokyo,P006,A,1,4380,4380.0,C0106
2025-08-01,Tokyo,P014,C,1,1080,1080.0,C0276
2025-08-01,Tokyo,P002,C,1,3570,3570.0,C0095
2025-08-01,Tokyo,P008,C,2,2180,4360.0,C0144
2025-08-01,Tokyo,P004,B,1,1890,1890.0,C0036
2025-08-01,Tokyo,P008,C,3,1060,3180.0,C0138
2025-08-01,Tokyo,P012,A,1,2200,2200.0,C0288
2025-08-01,Tokyo,P007,B,1,3100,3100.0,C0123
2025-08-01,Tokyo,P004,B,1,4530,4530.0,C0244
2025-08-01,Tokyo,P011,C,1,4480,4480.0,C0142
2025-08-01,Tokyo,P008,C,4,2720,10880.0,C0071
2025-08-01,Tokyo,P004,B,4,3170,12680.0,C0174
2025-08-01,Tokyo,P009,A,1,2670,2670.0,C0285
2025-08-01,Tokyo,P003,A,4,2090,8360.0,C0089
2025-08-01,Tokyo,P001,B,3,2270,6810.0,C0138
2025-08-01,Osaka,P010,B,4,3220,12880.0,C0054
2025-08-01,Osaka,P011,C,1,4370,4370.0,C0089
2025-08-01,Osaka,P011,C,1,2620,2620.0,C0208
2025-08-01,Osaka,P010,B,1,1130,1130.0,C0294
2025-08-01,Osaka,P008,C,4,1290,5160.0,C0147
2025-08-01,Osaka,P009,A,4,3840,15360.0,C0188
2025-08-01,Osaka,P005,C,4,2310,9240.0,C0084
2025-08-01,Osaka,P011,C,4,4420,17680.0,C0054
2025-08-01,Osaka,P013,B,2,1880,3760.0,C0280
2025-08-01,Osaka,P015,A,2,1100,2200.0,C0063
2025-08-01,Osaka,P009,A,1,1900,1900.0,C0045
2025-08-01,Osaka,P015,A,2,2520,5040.0,C0126
2025-08-01,Osaka,P001,B,3,4640,13920.0,C0244
2025-08-01,Osaka,P004,B,1,4090,4090.0,C0252
2025-08-01,Osaka,P014,C,3,2890,8670.0,C0227
2025-08-01,Nagoya,P012,A,2,4610,9220.0,C0012
2025-08-01,Nagoya,P002,C,3,3280,9840.0,C0166
2025-08-01,Nagoya,P014,C,4,3870,15480.0,C0050
2025-08-01,Nagoya,P002,C,1,3450,3450.0,C0214
2025-08-01,Nagoya,P012,A,1,2090,2090.0,C0102
2025-08-01,Nagoya,P010,B,1,4360,4360.0,C0025
2025-08-01,Nagoya,P008,C,4,1770,7080.0,C0206
2025-08-01,Nagoya,P009,A,4,3350,13400.0,C0254
2025-08-01,Nagoya,P007,B,1,3710,3710.0,C0290
2025-08-01,Nagoya,P007,B,4,4500,18000.0,C0194
2025-08-01,Nagoya,P012,A,3,4210,12630.0,C0101
2025-08-01,Nagoya,P008,C,1,1780,1780.0,C0174
2025-08-01,Nagoya,P011,C,1,1270,1270.0,C0002
2025-08-01,Nagoya,P008,C,2,1210,2420.0,C0238
2025-08-01,Nagoya,P008,C,1,3740,3740.0,C0273
2025-08-01,Nagoya,P007,B,4,2660,10640.0,C0024
2025-08-02,Tokyo,P002,C,2,2530,5060.0,C0133
2025-08-02,Tokyo,P008,C,4,1040,4160.0,C0269
2025-08-02,Tokyo,P004,B,4,1540,6160.0,C0030
2025-08-02,Tokyo,P002,C,2,4760,9520.0,C0139
2025-08-02,Tokyo,P003,A,3,3030,9090.0,C0211
2025-08-02,Tokyo,P012,A,4,1600,6400.0,C0149
2025-08-02,Tokyo,P010,B,3,4890,14670.0,C0288
2025-08-02,Tokyo,P013,B,1,3110,3110.0,C0241
2025-08-02,Tokyo,P005,C,3,1990,5970.0,C0042
2025-08-02,Tokyo,P004,B,4,4980,19920.0,C0256
2025-08-02,Tokyo,P005,C,4,1870,7480.0,C0038
2025-08-02,Osaka,P003,A,3,3730,11190.0,C0011
2025-08-02,Osaka,P002,C,2,1450,2900.0,C0248
2025-08-02,Osaka,P007,B,2,1020,2040.0,C0210
2025-08-02,Osaka,P011,C,4,3160,12640.0,C0081
2025-08-02,Osaka,P002,C,2,3170,6340.0,C0035
2025-08-02,Osaka,P001,B,1,1280,1280.0,C0005
2025-08-02,Osaka,P008,C,3,2990,8970.0,C0028
2025-08-02,Osaka,P006,A,1,3480,3480.0,C0070
2025-08-02,Osaka,P006,A,4,3340,13360.0,C0229
2025-08-02,Osaka,P006,A,4,3850,15400.0,C0155
2025-08-02,Osaka,P009,A,3,1640,4920.0,C0076
2025-08-02,Osaka,P011,C,2,4130,8260.0,C0158
2025-08-02,Nagoya,P010,B,3,2450,7350.0,C0237
2025-08-02,Nagoya,P006,A,1,1480,1480.0,C0270
2025-08-02,Nagoya,P006,A,2,2220,4440.0,C0221
2025-08-02,Nagoya,P010,B,4,4570,18280.0,C0296
2025-08-02,Nagoya,P005,C,3,2380,7140.0,C0211
2025-08-02,Nagoya,P012,A,2,4430,8860.0,C0087
2025-08-02,Nagoya,P015,A,4,1070,4280.0,C0120
2025-08-02,Nagoya,P006,A,4,3890,15560.0,C0016
2025-08-02,Nagoya,P013,B,1,2470,2470.0,C0051
2025-08-02,Nagoya,P003,A,3,1330,3990.0,C0025
2025-08-03,Tokyo,P006,A,3,4940,14820.0,C0016
2025-08-03,Tokyo,P012,A,1,4040,4040.0,C0092
2025-08-03,Tokyo,P003,A,1,2450,2450.0,C0219
2025-08-03,Tokyo,P011,C,3,1080,3240.0,C0292
2025-08-03,Tokyo,P007,B,1,4710,4710.0,C0238
2025-08-03,Tokyo,P002,C,2,4620,9240.0,C0205
2025-08-03,Tokyo,P003,A,3,1750,5250.0,C0106
2025-08-03,Tokyo,P003,A,3,4720,14160.0,C0014
2025-08-03,Tokyo,P010,B,1,4000,4000.0,C0042
2025-08-03,Tokyo,P006,A,1,4490,4490.0,C0025
2025-08-03,Tokyo,P009,A,1,3390,3390.0,C0230
2025-08-03,Tokyo,P012,A,1,4090,4090.0,C0089
2025-08-03,Tokyo,P011,C,4,1470,5880.0,C0109
2025-08-03,Tokyo,P014,C,1,2040,2040.0,C0165
2025-08-03,Tokyo,P015,A,2,2540,5080.0,C0238
2025-08-03,Tokyo,P002,C,2,2260,4520.0,C0120
2025-08-03,Tokyo,P009,A,1,2560,2560.0,C0275
2025-08-03,Osaka,P015,A,3,3320,9960.0,C0064
2025-08-03,Osaka,P003,A,3,2610,7830.0,C0236
2025-08-03,Osaka,P001,B,4,1680,6720.0,C0119
2025-08-03,Osaka,P006,A,4,3880,15520.0,C0011
2025-08-03,Osaka,P013,B,3,1270,3810.0,C0234
2025-08-03,Osaka,P001,B,2,1640,3280.0,C0004
2025-08-03,Osaka,P009,A,3,2910,8730.0,C0103
2025-08-03,Osaka,P008,C,1,1190,1190.0,C0047
2025-08-03,Osaka,P001,B,4,3430,13720.0,C0057
2025-08-03,Osaka,P009,A,2,1440,2880.0,C0291
2025-08-03,Osaka,P015,A,4,4230,16920.0,C0164
2025-08-03,Osaka,P013,B,3,1660,4980.0,C0051
2025-08-03,Osaka,P013,B,2,3910,7820.0,C0044
2025-08-03,Osaka,P007,B,1,1880,1880.0,C0033
2025-08-03,Osaka,P004,B,3,1020,3060.0,C0058
2025-08-03,Osaka,P011,C,1,3220,3220.0,C0260
2025-08-03,Osaka,P012,A,1,1590,1590.0,C0211
2025-08-03,Osaka,P006,A,2,2900,5800.0,C0174
2025-08-03,Nagoya,P001,B,1,1000,1000.0,C0080
2025-08-03,Nagoya,P013,B,4,2900,11600.0,C0009
2025-08-03,Nagoya,P002,C,4,2370,9480.0,C0264
2025-08-03,Nagoya,P008,C,4,1540,6160.0,C0257
2025-08-03,Nagoya,P009,A,2,3110,6220.0,C0098
2025-08-03,Nagoya,P010,B,4,4240,16960.0,C0293
2025-08-03,Nagoya,P007,B,4,4550,18200.0,C0006
2025-08-03,Nagoya,P008,C,3,2820,8460.0,C0030
2025-13-40,Nagoya,P010,B,2,3470,6940.0,C0001
2025-08-03,Nagoya,P001,B,3,4920,14760.0,C0192
2025-08-03,Nagoya,P015,A,4,2120,8480.0,C0031
2025-08-03,Nagoya,P009,A,3,4080,12240.0,C0156
2025-08-03,Nagoya,P014,C,4,3340,13360.0,C0165
2025-08-03,Nagoya,P001,B,4,3720,14880.0,C0268
2025-08-04,Tokyo,P003,A,3,2950,8850.0,C0176
2025-08-04,Tokyo,P007,B,3,3630,10890.0,C0057
2025-08-04,Tokyo,P012,A,2,3300,6600.0,C0185
2025-08-04,Tokyo,P012,A,2,1020,2040.0,C0055
2025-08-04,Tokyo,P015,A,1,1990,1990.0,C0257
2025-08-04,Tokyo,P004,B,2,2480,4960.0,C0198
2025-08-04,Tokyo,P009,A,3,3000,9000.0,C0250
2025-08-04,Tokyo,P009,A,3,4540,13620.0,C0028
2025-08-04,Tokyo,P013,B,1,2320,2320.0,C0004
2025-08-04,Tokyo,P009,A,4,2520,10080.0,C0199
2025-08-04,Osaka,P012,A,4,3860,15440.0,C0102
2025-08-04,Osaka,P013,B,1,4940,4940.0,C0252
2025-08-04,Osaka,P010,B,3,2000,6000.0,C0129
2025-08-04,Osaka,P002,C,2,3350,6700.0,C0109
2025-08-04,Osaka,P012,A,4,3240,12960.0,C0102
2025-08-04,Osaka,P005,C,3,3870,11610.0,C0038
2025-08-04,Osaka,P007,B,2,2140,4280.0,C0072
2025-08-04,Osaka,P013,B,2,3300,6600.0,C0012
2025-08-04,Osaka,P005,C,1,2310,2310.0,C0252
2025-08-04,Osaka,P009,A,4,2690,10760.0,C0231
2025-08-04,Osaka,P003,A,4,3440,13760.0,C0012
2025-08-04,Osaka,P011,C,2,1000,2000.0,C0254
2025-08-04,Osaka,P009,A,3,3300,9900.0,C0028
2025-08-04,Nagoya,P011,C,2,4550,9100.0,C0095
2025-08-04,Nagoya,P007,B,2,1070,2140.0,C0243
2025-08-04,Nagoya,P003,A,2,4630,9260.0,C0298
2025-08-04,Nagoya,P004,B,2,3260,6520.0,C0210
2025-08-04,Nagoya,P004,B,3,4330,12990.0,C0228
2025-08-04,Nagoya,P013,B,4,4440,17760.0,C0153
2025-08-04,Nagoya,P015,A,2,3830,7660.0,C0282
2025-08-04,Nagoya,P001,B,4,4280,17120.0,C0299
2025-08-04,Nagoya,P012,A,1,2200,2200.0,C0002
2025-08-04,Nagoya,P010,B,2,2890,5780.0,C0220
2025-08-04,Nagoya,P013,B,1,4660,4660.0,C0112
2025-08-04,Nagoya,P012,A,3,2770,8310.0,C0064
2025-08-04,Nagoya,P003,A,3,2280,6840.0,C0069
2025-08-05,Tokyo,P013,B,2,2390,4780.0,C0112
2025-08-05,Tokyo,P009,A,2,3170,6340.0,C0084
2025-08-05,Tokyo,P005,C,4,2750,11000.0,C0291
2025-08-05,Tokyo,P013,B,3,3190,9570.0,C0251
2025-08-05,Tokyo,P001,B,2,3850,7700.0,C0033
2025-08-05,Tokyo,P003,A,1,2940,2940.0,C0162
2025-08-05,Tokyo,P008,C,1,2940,2940.0,C0266
2025-08-05,Tokyo,P001,B,4,2080,8320.0,C0023
2025-08-05,Tokyo,P001,B,1,2650,2650.0,C0149
2025-08-05,Tokyo,P010,B,1,3610,3610.0,C0222
2025-08-05,Osaka,P011,C,1,2750,2750.0,C0198
2025-08-05,Osaka,P014,C,3,2740,8220.0,C0250
2025-08-05,Osaka,P004,B,1,2860,2860.0,C0036
2025-08-05,Osaka,P001,B,2,1610,3220.0,C0191
2025-08-05,Osaka,P009,A,2,2980,5960.0,C0030
2025-08-05,Osaka,P007,B,1,2410,2410.0,C0203
2025-08-05,Osaka,P015,A,2,2050,4100.0,C0201
2025-08-05,Osaka,P014,C,2,4350,8700.0,C0095
2025-08-05,Osaka,P010,B,1,2040,2040.0,C0295
2025-08-05,Osaka,P006,A,1,4080,4080.0,C0039
2025-08-05,Nagoya,P013,B,2,1550,3100.0,C0292
2025-08-05,Nagoya,P005,C,3,2050,6150.0,C0174
2025-08-05,Nagoya,P011,C,4,2640,10560.0,C0185
2025-08-05,Nagoya,P013,B,4,3980,15920.0,C0120
2025-08-05,Nagoya,P008,C,4,1990,7960.0,C0208
2025-08-05,Nagoya,P012,A,2,4460,8920.0,C0129
2025-08-05,Nagoya,P013,B,3,1200,3600.0,C0247
2025-08-05,Nagoya,P011,C,1,3810,3810.0,C0153
2025-08-05,Nagoya,P015,A,2,2050,4100.0,C0018
2025-08-05,Nagoya,P012,A,4,3750,15000.0,C0111
2025-08-05,Nagoya,P014,C,2,3770,7540.0,C0179
2025-08-06,Tokyo,P015,A,2,1380,2760.0,C0048
2025-08-06,Tokyo,P012,A,2,1550,3100.0,C0244
2025-08-06,Tokyo,P010,B,1,3850,3850.0,C0191
2025-08-06,Tokyo,P015,A,4,4900,19600.0,C0268
2025-08-06,Tokyo,P012,A,3,3170,9510.0,C0237
2025-08-06,Tokyo,P015,A,1,1540,1540.0,C0150
2025-08-06,Tokyo,P005,C,3,2240,6720.0,C0235
2025-08-06,Tokyo,P014,C,2,4080,8160.0,C0032
2025-08-06,Tokyo,P012,A,3,3840,11520.0,C0148
2025-08-06,Tokyo,P002,C,4,1430,5720.0,C0144
2025-08-06,Tokyo,P003,A,4,3290,13160.0,C0152
2025-08-06,Tokyo,P005,C,4,1840,7360.0,C0216
2025-08-06,Tokyo,P015,A,2,3740,7480.0,C0093
2025-08-06,Tokyo,P014,C,4,2250,9000.0,C0070
2025-08-06,Tokyo,P002,C,3,4670,14010.0,C0044
2025-08-06,Tokyo,P013,B,4,2880,11520.0,C0067
2025-08-06,Tokyo,P010,B,3,4240,12720.0,C0169
2025-08-06,Tokyo,P001,B,1,2520,2520.0,C0147
2025-08-06,Osaka,P014,C,2,3720,7440.0,C0109
2025-08-06,Osaka,P015,A,4,4130,16520.0,C0229
2025-08-06,Osaka,P010,B,3,3250,9750.0,C0009
2025-08-06,Osaka,P015,A,4,3100,12400.0,C0261
2025-08-06,Osaka,P007,B,1,4330,4330.0,C0153
2025-08-06,Osaka,P015,A,1,2910,2910.0,C0200
2025-08-06,Osaka,P003,A,4,3430,13720.0,C0052
2025-08-06,Osaka,P012,A,4,2490,9960.0,C0183
2025-08-06,Osaka,P012,A,1,3120,3120.0,C0168
2025-08-06,Osaka,P005,C,2,3510,7020.0,C0225
2025-08-06,Osaka,P006,A,1,4140,4140.0,C0052
2025-08-06,Osaka,P001,B,2,4270,8540.0,C0227
2025-08-06,Osaka,P005,C,3,4830,14490.0,C0215
2025-08-06,Nagoya,P002,C,1,1410,1410.0,C0293
2025-08-06,Nagoya,P006,A,2,3200,6400.0,C0157
2025-08-06,Nagoya,P001,B,4,2520,10080.0,C0275
2025-08-06,Nagoya,P012,A,3,3810,11430.0,C0293
2025-08-06,Nagoya,P005,C,2,3680,7360.0,C0070
2025-08-06,Nagoya,P013,B,1,4580,4580.0,C0104
2025-08-06,Nagoya,P001,B,3,2100,6300.0,C0092
2025-08-06,Nagoya,P008,C,3,1540,4620.0,C0015
2025-08-06,Nagoya,P007,B,2,3320,6640.0,C0224
2025-08-06,Nagoya,P010,B,1,4980,4980.0,C0214
2025-08-06,Nagoya,P001,B,4,4520,18080.0,C0171
2025-08-06,Nagoya,P013,B,4,4850,19400.0,C0286
2025-08-06,Nagoya,P003,A,1,3600,3600.0,C0204
2025-08-06,Nagoya,P009,A,1,4790,4790.0,C0123
2025-08-06,Nagoya,P012,A,3,4580,13740.0,C0213
2025-08-06,Nagoya,P010,B,4,1210,4840.0,C0211
2025-08-06,Nagoya,P009,A,4,1890,7560.0,C0180
2025-08-07,Tokyo,P002,C,3,1080,3240.0,C0028
2025-08-07,Tokyo,P008,C,4,3860,15440.0,C0005
2025-08-07,Tokyo,P002,C,2,2710,5420.0,C0012
2025-08-07,Tokyo,P004,B,1,3260,3260.0,C0197
2025-08-07,Tokyo,P006,A,3,1800,5400.0,C0255
2025-08-07,Tokyo,P001,B,3,2280,6840.0,C0135
2025-08-07,Tokyo,P008,C,3,4710,14130.0,C0168
2025-08-07,Tokyo,P004,B,3,3040,9120.0,C0259
2025-08-07,Tokyo,P009,A,4,3590,14360.0,C0171
2025-08-07,Tokyo,P005,C,2,1390,2780.0,C0164
2025-08-07,Tokyo,P014,C,1,4810,4810.0,C0257
2025-08-07,Tokyo,P007,B,2,3320,6640.0,C0256
2025-08-07,Osaka,P007,B,1,3570,3570.0,C0023
2025-08-07,Osaka,P005,C,3,4000,12000.0,C0068
2025-08-07,Osaka,P008,C,1,3360,3360.0,C0003
2025-08-07,Osaka,P013,B,1,3430,3430.0,C0122
2025-08-07,Osaka,P004,B,3,1560,4680.0,C0174
2025-08-07,Osaka,P010,B,2,2440,4880.0,C0138
2025-08-07,Osaka,P015,A,4,1020,4080.0,C0087
2025-08-07,Osaka,P001,B,1,4110,4110.0,C0256
2025-08-07,Osaka,P007,B,3,2480,7440.0,C0143
2025-08-07,Osaka,P013,B,2,2270,4540.0,C0041
2025-08-07,Nagoya,P001,B,4,4400,17600.0,C0127
2025-08-07,Nagoya,P009,A,1,1180,1180.0,C0155
2025-08-07,Nagoya,P003,A,4,2110,8440.0,C0221
2025-08-07,Nagoya,P004,B,1,3190,3190.0,C0055
2025-08-07,Nagoya,P006,A,2,4520,9040.0,C0151
2025-08-07,Nagoya,P011,C,3,4640,13920.0,C0132
2025-08-07,Nagoya,P013,B,4,4680,18720.0,C0209
2025-08-07,Nagoya,P015,A,3,2240,6720.0,C0047
2025-08-07,Nagoya,P004,B,3,1660,4980.0,C0072
2025-08-07,Nagoya,P010,B,2,3720,7440.0,C0299
2025-08-07,Nagoya,P002,C,3,4280,12840.0,C0042
2025-08-07,Nagoya,P012,A,3,3510,10530.0,C0016
2025-08-08,Tokyo,P006,A,1,4050,4050.0,C0152
2025-08-08,Tokyo,P014,C,1,3920,3920.0,C0181
2025-08-08,Tokyo,P010,B,2,3760,7520.0,C0074
2025-08-08,Tokyo,P012,A,2,2910,5820.0,C0174
2025-08-08,Tokyo,P002,C,2,1810,3620.0,C0289
2025-08-08,Tokyo,P007,B,1,1100,1100.0,C0273
2025-08-08,Tokyo,P003,A,1,1840,1840.0,C0065
2025-08-08,Tokyo,P002,C,4,1230,4920.0,C0218
2025-08-08,Tokyo,P013,B,3,1520,4560.0,C0218
2025-08-08,Tokyo,P005,C,2,2000,4000.0,C0235
2025-08-08,Tokyo,P009,A,1,2620,2620.0,C0238
2025-08-08,Tokyo,P015,A,4,1530,6120.0,C0257
2025-08-08,Tokyo,P009,A,3,2540,7620.0,C0195
2025-08-08,Tokyo,P004,B,3,1900,5700.0,C0119
2025-08-08,Osaka,P013,B,3,3580,10740.0,C0085
2025-08-08,Osaka,P007,B,2,4130,8260.0,C0056
2025-08-08,Osaka,P001,B,3,4250,12750.0,C0220
2025-08-08,Osaka,P013,B,2,1910,3820.0,C0198
2025-08-08,Osaka,P001,B,4,3850,15400.0,C0151
2025-08-08,Osaka,P003,A,2,4980,9960.0,C0005
2025-08-08,Osaka,P001,B,2,1910,3820.0,C0203
2025-08-08,Osaka,P001,B,4,4130,16520.0,C0069
2025-08-08,Osaka,P009,A,3,4390,13170.0,C0220
2025-08-08,Osaka,P015,A,1,3440,3440.0,C0232
2025-08-08,Osaka,P004,B,1,1370,1370.0,C0295
2025-08-08,Osaka,P013,B,1,1980,1980.0,C0138
2025-08-08,Osaka,P014,C,4,4510,18040.0,C0248
2025-08-08,Osaka,P010,B,2,3410,6820.0,C0148
2025-08-08,Nagoya,P007,B,4,1690,6760.0,C0205
2025-08-08,Nagoya,P007,B,2,4010,8020.0,C0145
2025-08-08,Nagoya,P001,B,2,4850,9700.0,C0283
2025-08-08,Nagoya,P010,B,3,2050,6150.0,C0234
2025-08-08,Nagoya,P009,A,1,4790,4790.0,C0255
2025-08-08,Nagoya,P002,C,2,3970,7940.0,C0221
2025-08-08,Nagoya,P003,A,1,4930,4930.0,C0268
2025-08-08,Nagoya,P012,A,3,3740,11220.0,C0137
2025-08-08,Nagoya,P011,C,2,1330,2660.0,C0093
2025-08-08,Nagoya,P005,C,2,2880,5760.0,C0040
2025-08-08,Nagoya,P007,B,2,1750,3500.0,C0136
2025-08-08,Nagoya,P011,C,2,1000,2000.0,C0211
2025-08-08,Nagoya,P009,A,2,1090,2180.0,C0027
2025-08-08,Nagoya,P002,C,4,2230,,C0128
2025-08-08,Nagoya,P011,C,3,1250,3750.0,C0279
2025-08-08,Nagoya,P004,B,4,4320,17280.0,C0162
2025-08-08,Nagoya,P003,A,3,1970,5910.0,C0255
2025-08-08,Nagoya,P012,A,4,4310,17240.0,C0054
2025-08-08,Nagoya,P001,B,3,3450,10350.0,C0259
2025-08-09,Tokyo,P013,B,2,1490,2980.0,C0012
2025-08-09,Tokyo,P007,B,1,3070,3070.0,C0120
2025-08-09,Tokyo,P004,B,3,3710,11130.0,C0012
2025-08-09,Tokyo,P008,C,4,2190,8760.0,C0234
2025-08-09,Tokyo,P006,A,2,4420,8840.0,C0107
2025-08-09,Tokyo,P013,B,3,4240,12720.0,C0244
2025-08-09,Tokyo,P014,C,3,4800,14400.0,C0018
2025-08-09,Tokyo,P008,C,2,1380,2760.0,C0262
2025-08-09,Tokyo,P013,B,3,3530,10590.0,C0180
2025-08-09,Tokyo,P006,A,3,4900,14700.0,C0076
2025-08-09,Tokyo,P006,A,1,4630,4630.0,C0159
2025-08-09,Tokyo,P009,A,2,1140,2280.0,C0241
2025-08-09,Tokyo,P013,B,2,4040,8080.0,C0172
2025-08-09,Tokyo,P010,B,1,3450,3450.0,C0049
2025-08-09,Tokyo,P004,B,2,1850,3700.0,C0272
2025-08-09,Tokyo,P001,B,4,1610,6440.0,C0261
2025-08-09,Osaka,P014,C,3,2950,8850.0,C0040
2025-08-09,Osaka,P007,B,3,4930,14790.0,C0079
2025-08-09,Osaka,P002,C,2,1970,3940.0,C0284
2025-08-09,Osaka,P003,A,4,1450,5800.0,C0243
2025-08-09,Osaka,P007,B,1,3450,3450.0,C0218
2025-08-09,Osaka,P013,B,1,3460,3460.0,C0171
2025-08-09,Osaka,P007,B,4,2690,10760.0,C0114
2025-08-09,Osaka,P008,C,4,4460,17840.0,C0212
2025-08-09,Osaka,P002,C,2,1060,2120.0,C0029
2025-08-09,Osaka,P013,B,4,1410,5640.0,C0137
2025-08-09,Osaka,P005,C,1,2520,2520.0,C0031
2025-08-09,Osaka,P012,A,4,2690,10760.0,C0073
2025-08-09,Osaka,P008,C,4,1630,6520.0,C0204
2025-08-09,Nagoya,P005,C,2,2530,5060.0,C0054
2025-08-09,Nagoya,P012,A,3,2740,8220.0,C0126
2025-08-09,Nagoya,P002,C,3,1910,5730.0,C0091
2025-08-09,Nagoya,P013,B,3,3780,11340.0,C0080
2025-08-09,Nagoya,P008,C,1,1980,1980.0,C0240
2025-08-09,Nagoya,P008,C,3,4150,12450.0,C0281
2025-08-09,Nagoya,P002,C,3,4970,14910.0,C0060
2025-08-09,Nagoya,P013,B,3,2270,6810.0,C0235
2025-08-09,Nagoya,P014,C,1,3720,3720.0,C0280
2025-08-09,Nagoya,P010,B,3,1550,4650.0,C0135
2025-08-10,Tokyo,P012,A,2,2230,4460.0,C0241
2025-08-10,Tokyo,P015,A,2,4240,8480.0,C0093
2025-08-10,Tokyo,P013,B,4,3650,14600.0,C0149
2025-08-10,Tokyo,P005,C,1,1200,1200.0,C0250
2025-08-10,Tokyo,P010,B,1,3200,3200.0,C0263
2025-08-10,Tokyo,P010,B,4,1470,5880.0,C0022
2025-08-10,Tokyo,P010,B,3,3750,11250.0,C0294
2025-08-10,Tokyo,P002,C,4,1240,4960.0,C0158
2025-08-10,Tokyo,P013,B,3,1890,5670.0,C0181
2025-08-10,Tokyo,P014,C,1,4740,4740.0,C0196
2025-08-10,Tokyo,P002,C,2,4440,8880.0,C0102
2025-08-10,Tokyo,P015,A,2,2370,4740.0,C0255
2025-08-10,Tokyo,P012,A,1,4120,4120.0,C0075
2025-08-10,Tokyo,P014,C,1,3640,3640.0,C0047
2025-08-10,Tokyo,P011,C,4,3670,14680.0,C0130
2025-08-10,Tokyo,P013,B,1,3170,3170.0,C0289
2025-08-10,Tokyo,P006,A,1,2760,2760.0,C0145
2025-08-10,Tokyo,P013,B,4,2360,9440.0,C0232
2025-08-10,Tokyo,P003,A,1,3410,3410.0,C0212
2025-08-10,Osaka,P010,B,1,3700,3700.0,C0129
2025-08-10,Osaka,P004,B,2,4240,8480.0,C0054
2025-08-10,Osaka,P009,A,1,3900,3900.0,C0045
2025-08-10,Osaka,P015,A,4,4420,17680.0,C0105
2025-08-10,Osaka,P012,A,1,2150,2150.0,C0040
2025-08-10,Osaka,P001,B,2,3290,6580.0,C0258
2025-08-10,Osaka,P001,B,2,3850,7700.0,C0061
2025-08-10,Osaka,P012,A,3,3250,9750.0,C0038
2025-08-10,Osaka,P003,A,4,4500,18000.0,C0136
2025-08-10,Osaka,P009,A,3,3050,9150.0,C0213
2025-08-10,Osaka,P009,A,1,1330,1330.0,C0255
2025-08-10,Osaka,P012,A,1,1240,1240.0,C0066
2025-08-10,Osaka,P009,A,3,1670,5010.0,C0053
2025-08-10,Osaka,P004,B,2,1930,3860.0,C0137
2025-08-10,Osaka,P001,B,4,4560,18240.0,C0102
2025-08-10,Osaka,P013,B,3,1120,3360.0,C0086
2025-08-10,Osaka,P001,B,3,4130,12390.0,C0185
2025-08-10,Osaka,P001,B,1,2870,2870.0,C0044
2025-08-10,Nagoya,P005,C,3,1350,4050.0,C0299
2025-08-10,Nagoya,P007,B,1,1080,1080.0,C0287
2025-08-10,Nagoya,P009,A,4,4100,16400.0,C0295
2025-08-10,Nagoya,P014,C,4,4400,17600.0,C0257
2025-08-10,Nagoya,P004,B,3,4940,14820.0,C0260
2025-08-10,Nagoya,P002,C,1,1800,1800.0,C0222
2025-08-10,Nagoya,P006,A,3,1550,4650.0,C0018
2025-08-10,Nagoya,P012,A,2,1170,2340.0,C0065
2025-08-10,Nagoya,P005,C,2,4580,9160.0,C0060
2025-08-10,Nagoya,P010,B,2,2990,5980.0,C0089
2025-08-10,Nagoya,P006,A,3,3350,10050.0,C0041
2025-08-11,Tokyo,P004,B,4,2260,9040.0,C0173
2025-08-11,Tokyo,P007,B,2,1150,2300.0,C0132
2025-08-11,Tokyo,P015,A,4,2200,8800.0,C0160
2025-08-11,Tokyo,P005,C,4,3210,12840.0,C0276
2025-08-11,Tokyo,P013,B,2,2820,5640.0,C0171
2025-08-11,Tokyo,P004,B,4,3260,13040.0,C0062
2025-08-11,Tokyo,P008,C,4,2690,10760.0,C0213
2025-08-11,Tokyo,P015,A,2,4980,9960.0,C0124
2025-08-11,Tokyo,P009,A,4,1270,5080.0,C0210
2025-08-11,Tokyo,P009,A,3,4800,14400.0,C0146
2025-08-11,Tokyo,P014,C,3,1860,5580.0,C0196
2025-08-11,Osaka,P014,C,1,2990,2990.0,C0246
2025-08-11,Osaka,P001,B,2,3020,6040.0,C0102
2025-08-11,Osaka,P011,C,2,2490,4980.0,C0083
2025-08-11,Osaka,P010,B,4,1710,6840.0,C0123
2025-08-11,Osaka,P004,B,1,4880,4880.0,C0213
2025-08-11,Osaka,P015,A,3,3660,10980.0,C0214
2025-08-11,Osaka,P010,B,4,2300,9200.0,C0031
2025-08-11,Osaka,P008,C,1,1180,1180.0,C0016
2025-08-11,Osaka,P002,C,3,3390,10170.0,C0280
2025-08-11,Osaka,P005,C,2,2960,5920.0,C0234
2025-08-11,Osaka,P014,C,3,3020,9060.0,C0293
2025-08-11,Nagoya,P008,C,1,1660,1660.0,C0119
2025-08-11,Nagoya,P012,A,2,4270,8540.0,C0183
2025-08-11,Nagoya,P011,C,1,4450,4450.0,C0061
2025-08-11,Nagoya,P006,A,4,3760,15040.0,C0090
2025-08-11,Nagoya,P004,B,2,2780,5560.0,C0018
2025-08-11,Nagoya,P004,B,1,1610,1610.0,C0106
2025-08-11,Nagoya,P001,B,3,3680,11040.0,C0066
2025-08-11,Nagoya,P014,C,3,2250,6750.0,C0059
2025-08-11,Nagoya,P007,B,4,1010,4040.0,C0007
2025-08-11,Nagoya,P007,B,4,2120,8480.0,C0224
2025-08-11,Nagoya,P009,A,1,4630,4630.0,C0049
2025-08-12,Tokyo,P010,B,3,4410,13230.0,C0211
2025-08-12,Tokyo,P010,B,1,2220,2220.0,C0104
2025-08-12,Tokyo,P006,A,1,1380,1380.0,C0132
2025-08-12,Tokyo,P011,C,4,4760,19040.0,C0144
2025-08-12,Tokyo,P014,C,2,2890,5780.0,C0063
2025-08-12,Tokyo,P010,B,2,2940,5880.0,C0281
2025-08-12,Tokyo,P009,A,2,3680,7360.0,C0219
2025-08-12,Tokyo,P010,B,1,1900,1900.0,C0039
2025-08-12,Tokyo,P015,A,2,2890,5780.0,C0270
2025-08-12,Tokyo,P015,A,1,4430,4430.0,C0218
2025-08-12,Tokyo,P010,B,1,3760,3760.0,C0184
2025-08-12,Tokyo,P007,B,3,1840,5520.0,C0186
2025-08-12,Tokyo,P003,A,2,2970,5940.0,C0049
2025-08-12,Tokyo,P014,C,4,2890,11560.0,C0171
2025-08-12,Tokyo,P005,C,1,4840,4840.0,C0124
2025-08-12,Osaka,P002,C,1,2900,2900.0,C0234
2025-08-12,Osaka,P007,B,4,1530,6120.0,C0256
2025-08-12,Osaka,P007,B,2,3550,7100.0,C0233
2025-08-12,Osaka,P014,C,1,3810,3810.0,C0095
2025-08-12,Osaka,P008,C,2,4080,8160.0,C0120
2025-08-12,Osaka,P005,C,2,3670,7340.0,C0254
2025-08-12,Osaka,P001,B,3,1290,3870.0,C0186
2025-08-12,Osaka,P010,B,4,1770,7080.0,C0238
2025-08-12,Osaka,P011,C,3,3540,10620.0,C0165
2025-08-12,Osaka,P001,B,4,2560,10240.0,C0032
2025-08-12,Osaka,P010,B,4,3850,15400.0,C0074
2025-08-12,Osaka,P013,B,4,2320,9280.0,C0157
2025-08-12,Osaka,P013,B,1,2410,2410.0,C0137
2025-08-12,Osaka,P001,B,1,3440,3440.0,C0079
2025-08-12,Osaka,P004,B,2,1490,2980.0,C0191
2025-08-12,Osaka,P004,B,3,4310,12930.0,C0144
2025-08-12,Osaka,P014,C,1,4840,4840.0,C0097
2025-08-12,Osaka,P005,C,4,2820,11280.0,C0224
2025-08-12,Osaka,P013,B,2,2270,4540.0,C0147
2025-08-12,Nagoya,P007,B,1,4650,4650.0,C0172
2025-08-12,Nagoya,P012,A,3,2410,7230.0,C0096
2025-08-12,Nagoya,P015,A,1,2170,2170.0,C0221
2025-08-12,Nagoya,P009,A,3,1080,3240.0,C0066
2025-08-12,Nagoya,P009,A,2,2880,5760.0,C0287
2025-08-12,Nagoya,P010,B,3,1780,5340.0,C0179
2025-08-12,Nagoya,P015,A,3,4140,12420.0,C0286
2025-08-12,Nagoya,P014,C,2,2180,4360.0,C0084
2025-08-12,Nagoya,P012,A,2,4290,8580.0,C0240
2025-08-12,Nagoya,P010,B,1,3840,3840.0,C0062
2025-08-12,Nagoya,P009,A,1,1240,1240.0,C0191
2025-08-12,Nagoya,P007,B,3,2960,8880.0,C0112
2025-08-12,Nagoya,P001,B,2,4520,9040.0,C0226
2025-08-13,Tokyo,P001,B,4,3950,15800.0,C0007
2025-08-13,Tokyo,P004,B,1,4610,4610.0,C0286
2025-08-13,Tokyo,P007,B,1,3560,3560.0,C0082
2025-08-13,Tokyo,P002,C,2,2010,4020.0,C0017
2025-08-13,Tokyo,P011,C,2,3200,6400.0,C0165
2025-08-13,Tokyo,P012,A,4,3250,13000.0,C0251
2025-08-13,Tokyo,P009,A,1,4430,4430.0,C0231
2025-08-13,Tokyo,P007,B,2,4580,9160.0,C0128
2025-08-13,Tokyo,P006,A,3,2310,6930.0,C0121
2025-08-13,Tokyo,P012,A,1,1040,1040.0,C0101
2025-08-13,Tokyo,P003,A,2,1280,2560.0,C0177
2025-08-13,Tokyo,P008,C,2,3510,7020.0,C0044
2025-08-13,Tokyo,P001,B,2,1640,3280.0,C0256
2025-08-13,Tokyo,P005,C,2,2170,4340.0,C0130
2025-08-13,Osaka,P015,A,1,2580,2580.0,C0254
2025-08-13,Osaka,P007,B,3,1270,3810.0,C0089
2025-08-13,Osaka,P012,A,2,2650,5300.0,C0024
2025-08-13,Osaka,P008,C,2,4440,8880.0,C0120
2025-08-13,Osaka,P013,B,4,4350,17400.0,C0223
2025-08-13,Osaka,P009,A,2,1320,2640.0,C0041
2025-08-13,Osaka,P006,A,3,1010,3030.0,C0280
2025-08-13,Osaka,P015,A,1,1380,1380.0,C0254
2025-08-13,Osaka,P003,A,1,1740,1740.0,C0210
2025-08-13,Osaka,P002,C,1,2590,2590.0,C0180
2025-08-13,Nagoya,P004,B,2,3160,6320.0,C0125
2025-08-13,Nagoya,P010,B,1,3470,3470.0,C0277
2025-08-13,Nagoya,P011,C,3,1270,3810.0,C0270
2025-08-13,Nagoya,P011,C,3,1610,4830.0,C0166
2025-08-13,Nagoya,P011,C,3,1490,4470.0,C0013
2025-08-13,Nagoya,P008,C,3,2540,7620.0,C0206
2025-08-13,Nagoya,P015,A,4,3520,14080.0,C0218
2025-08-13,Nagoya,P002,C,1,3800,3800.0,C0240
2025-08-13,Nagoya,P003,A,3,2140,6420.0,C0033
2025-08-13,Nagoya,P006,A,2,4100,8200.0,C0259
2025-08-13,Nagoya,P015,A,1,4690,4690.0,C0155
2025-08-13,Nagoya,P003,A,3,1240,3720.0,C0139
2025-08-13,Nagoya,P013,B,4,2150,8600.0,C0053
2025-08-13,Nagoya,P009,A,1,4910,4910.0,C0099
2025-08-13,Nagoya,P003,A,1,2490,2490.0,C0222
2025-08-13,Nagoya,P014,C,3,3590,10770.0,C0081
2025-08-13,Nagoya,P015,A,4,3520,14080.0,C0235
2025-08-13,Nagoya,P005,C,2,4220,8440.0,C0127
2025-08-13,Nagoya,P012,A,4,4730,18920.0,C0088
2025-08-14,Tokyo,P006,A,3,3970,11910.0,C0097
2025-08-14,Tokyo,P004,B,2,4060,8120.0,C0298
2025-08-14,Tokyo,P002,C,4,1120,4480.0,C0159
2025-08-14,Tokyo,P003,A,4,4040,16160.0,C0107
2025-08-14,Tokyo,P011,C,4,1860,7440.0,C0190
2025-08-14,Tokyo,P005,C,3,3270,9810.0,C0215
2025-08-14,Tokyo,P010,B,3,1330,3990.0,C0255
2025-08-14,Tokyo,P003,A,2,3040,6080.0,C0254
2025-08-14,Tokyo,P010,B,1,2140,2140.0,C0060
2025-08-14,Tokyo,P009,A,3,3830,11490.0,C0225
2025-08-14,Tokyo,P011,C,4,4620,18480.0,C0083
2025-08-14,Tokyo,P005,C,1,2060,2060.0,C0152
2025-08-14,Tokyo,P010,B,4,3370,13480.0,C0291
2025-08-14,Tokyo,P009,A,4,4230,16920.0,C0147
2025-08-14,Osaka,P013,B,2,1850,3700.0,C0037
2025-08-14,Osaka,P014,C,2,3260,6520.0,C0082
2025-08-14,Osaka,P006,A,2,3320,6640.0,C0053
2025-08-14,Osaka,P012,A,2,1960,3920.0,C0005
2025-08-14,Osaka,P002,C,2,3930,7860.0,C0256
2025-08-14,Osaka,P015,A,2,3540,7080.0,C0081
2025-08-14,Osaka,P003,A,3,3570,10710.0,C0228
2025-08-14,Osaka,P002,C,3,2210,6630.0,C0084
2025-08-14,Osaka,P001,B,1,2950,2950.0,C0057
2025-08-14,Osaka,P005,C,3,1390,4170.0,C0262
2025-08-14,Osaka,P005,C,4,3590,14360.0,C0225
2025-08-14,Osaka,P005,C,1,1570,1570.0,C0069
2025-08-14,Osaka,P009,A,3,4010,12030.0,C0289
2025-08-14,Osaka,P013,B,2,2880,5760.0,C0286
2025-08-14,Osaka,P011,C,2,4330,8660.0,C0041
2025-08-14,Osaka,P011,C,4,3100,12400.0,C0184
2025-08-14,Osaka,P001,B,3,2160,6480.0,C0298
2025-08-14,Osaka,P005,C,2,2580,5160.0,C0209
2025-08-14,Nagoya,P006,A,1,4050,4050.0,C0162
2025-08-14,Nagoya,P007,B,4,2980,11920.0,C0186
2025-08-14,Nagoya,P015,A,1,4610,4610.0,C0288
2025-08-14,Nagoya,P008,C,2,1640,3280.0,C0015
2025-08-14,Nagoya,P015,A,2,3670,7340.0,C0072
2025-08-14,Nagoya,P005,C,4,3620,14480.0,C0066
2025-08-14,Nagoya,P001,B,4,1320,5280.0,C0011
2025-08-14,Nagoya,P005,C,4,3570,14280.0,C0013
2025-08-14,Nagoya,P014,C,4,3780,15120.0,C0023
2025-08-14,Nagoya,P001,B,4,4290,17160.0,C0249
2025-08-14,Nagoya,P008,C,3,1690,5070.0,C0011
2025-08-14,Nagoya,P004,B,3,2600,7800.0,C0185
2025-08-14,Nagoya,P007,B,3,4800,14400.0,C0189
2025-08-14,Nagoya,P015,A,4,3470,,C0298
2025-08-14,Nagoya,P004,B,3,1290,3870.0,C0028
2025-08-14,Nagoya,P002,C,1,2640,2640.0,C0216
2025-08-14,Nagoya,P015,A,4,1710,6840.0,C0131
2025-08-14,Nagoya,P007,B,1,1150,1150.0,C0106
2025-08-14,Nagoya,P013,B,2,2530,5060.0,C0298
2025-08-15,Tokyo,P011,C,4,1470,5880.0,C0153
2025-08-15,Tokyo,P006,A,1,1190,1190.0,C0194
2025-08-15,Tokyo,P010,B,3,3690,11070.0,C0215
2025-08-15,Tokyo,P001,B,1,2340,2340.0,C0170
2025-08-15,Tokyo,P014,C,4,4300,17200.0,C0088
2025-08-15,Tokyo,P009,A,1,2930,2930.0,C0030
2025-08-15,Tokyo,P015,A,2,3880,7760.0,C0032
2025-08-15,Tokyo,P015,A,3,1280,3840.0,C0111
2025-08-15,Tokyo,P004,B,1,1120,1120.0,C0213
2025-08-15,Tokyo,P014,C,3,3770,11310.0,C0012
2025-08-15,Tokyo,P003,A,1,4890,4890.0,C0221
2025-08-15,Tokyo,P015,A,4,1890,7560.0,C0153
2025-08-15,Tokyo,P010,B,3,3670,11010.0,C0136
2025-08-15,Osaka,P015,A,3,4340,13020.0,C0067
2025-08-15,Osaka,P002,C,4,4220,16880.0,C0251
2025-08-15,Osaka,P007,B,4,1890,7560.0,C0227
2025-08-15,Osaka,P008,C,1,3860,3860.0,C0108
2025-08-15,Osaka,P003,A,3,4080,12240.0,C0097
2025-08-15,Osaka,P015,A,3,1080,3240.0,C0101
2025-08-15,Osaka,P015,A,1,4810,4810.0,C0155
2025-08-15,Osaka,P011,C,3,3040,9120.0,C0155
2025-08-15,Osaka,P009,A,3,3950,11850.0,C0131
2025-08-15,Osaka,P007,B,4,4020,16080.0,C0195
2025-08-15,Nagoya,P009,A,3,2740,8220.0,C0054
2025-08-15,Nagoya,P009,A,2,1200,2400.0,C0286
2025-08-15,Nagoya,P011,C,1,1810,1810.0,C0171
2025-08-15,Nagoya,P013,B,2,4240,8480.0,C0039
2025-08-15,Nagoya,P008,C,4,4380,17520.0,C0072
2025-08-15,Nagoya,P011,C,1,1560,1560.0,C0270
2025-08-15,Nagoya,P012,A,1,4980,4980.0,C0297
2025-08-15,Nagoya,P001,B,1,1970,1970.0,C0238
2025-08-15,Nagoya,P009,A,3,2660,7980.0,C0144
2025-08-15,Nagoya,P010,B,1,3340,3340.0,C0067
2025-08-15,Nagoya,P012,A,1,1280,1280.0,C0130
2025-08-15,Nagoya,P007,B,3,4440,13320.0,C0210
2025-08-15,Nagoya,P006,A,3,3010,9030.0,C0067
2025-08-15,Nagoya,P001,B,1,1890,1890.0,C0245
2025-08-16,Tokyo,P007,B,2,2020,4040.0,C0214
2025-08-16,Tokyo,P001,B,3,4740,14220.0,C0264
2025-08-16,Tokyo,P006,A,4,1950,7800.0,C0073
2025-08-16,Tokyo,P006,A,1,2060,2060.0,C0256
2025-08-16,Tokyo,P012,A,2,2240,4480.0,C0104
2025-08-16,Tokyo,P002,C,1,4970,4970.0,C0208
2025-08-16,Tokyo,P011,C,2,4420,8840.0,C0053
2025-08-16,Tokyo,P015,A,3,2320,6960.0,C0225
2025-08-16,Tokyo,P007,B,2,3730,7460.0,C0216
2025-08-16,Tokyo,P010,B,2,2310,4620.0,C0121
2025-08-16,Tokyo,P014,C,2,4860,9720.0,C0044
2025-08-16,Tokyo,P003,A,2,1010,2020.0,C0263
2025-08-16,Tokyo,P006,A,1,3470,3470.0,C0287
2025-08-16,Tokyo,P015,A,1,4170,4170.0,C0109
2025-08-16,Osaka,P010,B,3,4350,13050.0,C0268
2025-08-16,Osaka,P003,A,3,1560,4680.0,C0283
2025-08-16,Osaka,P010,B,1,2170,2170.0,C0268
2025-08-16,Osaka,P010,B,1,4280,4280.0,C0215
2025-08-16,Osaka,P002,C,2,4370,8740.0,C0105
2025-08-16,Osaka,P001,B,3,4590,13770.0,C0167
2025-08-16,Osaka,P015,A,1,3660,3660.0,C0195
2025-08-16,Osaka,P015,A,3,4280,12840.0,C0044
2025-08-16,Osaka,P001,B,3,1010,3030.0,C0262
2025-08-16,Osaka,P001,B,3,2800,8400.0,C0193
2025-08-16,Osaka,P010,B,2,2920,5840.0,C0151
2025-08-16,Osaka,P011,C,3,2790,8370.0,C0106
2025-08-16,Osaka,P001,B,4,1900,7600.0,C0130
2025-08-16,Osaka,P015,A,4,2380,9520.0,C0143
2025-08-16,Osaka,P005,C,3,1610,4830.0,C0285
2025-08-16,Osaka,P015,A,2,1920,3840.0,C0162
2025-08-16,Osaka,P010,B,3,1160,3480.0,C0213
2025-08-16,Osaka,P001,B,2,3860,7720.0,C0266
2025-08-16,Nagoya,P003,A,3,1140,3420.0,C0070
2025-08-16,Nagoya,P002,C,4,2470,9880.0,C0167
2025-08-16,Nagoya,P012,A,4,4980,19920.0,C0050
2025-08-16,Nagoya,P006,A,2,4180,8360.0,C0101
2025-08-16,Nagoya,P004,B,4,2980,11920.0,C0224
2025-08-16,Nagoya,P006,A,2,1030,2060.0,C0005
2025-08-16,Nagoya,P001,B,1,2390,2390.0,C0016
2025-08-16,Nagoya,P003,A,4,4410,17640.0,C0087
2025-08-16,Nagoya,P015,A,1,1120,1120.0,C0106
2025-08-16,Nagoya,P004,B,1,4380,4380.0,C0293
2025-08-16,Nagoya,P005,C,2,3870,7740.0,C0279
2025-08-16,Nagoya,P005,C,3,1090,3270.0,C0170
2025-08-16,Nagoya,P015,A,2,3560,7120.0,C0206
2025-08-16,Nagoya,P010,B,3,4540,13620.0,C0004
2025-08-16,Nagoya,P014,C,4,4610,18440.0,C0111
2025-08-16,Nagoya,P009,A,2,4360,8720.0,C0122
2025-08-17,Tokyo,P011,C,1,2500,2500.0,C0062
2025-08-17,Tokyo,P006,A,2,1250,2500.0,C0259
2025-08-17,Tokyo,P007,B,2,1590,3180.0,C0298
2025-08-17,Tokyo,P013,B,2,2330,4660.0,C0140
2025-08-17,Tokyo,P015,A,1,3730,3730.0,C0271
2025-08-17,Tokyo,P012,A,4,4790,19160.0,C0018
2025-08-17,Tokyo,P004,B,1,3260,3260.0,C0122
2025-08-17,Tokyo,P001,B,3,1400,4200.0,C0122
2025-08-17,Tokyo,P006,A,4,3730,14920.0,C0187
2025-08-17,Tokyo,P013,B,1,2020,2020.0,C0225
2025-08-17,Tokyo,P012,A,1,1890,1890.0,C0068
2025-08-17,Tokyo,P001,B,3,1210,3630.0,C0252
2025-08-17,Tokyo,P009,A,4,2980,11920.0,C0291
2025-08-17,Osaka,P009,A,1,4330,4330.0,C0170
2025-08-17,Osaka,P003,A,4,4950,19800.0,C0021
2025-08-17,Osaka,P013,B,3,2410,7230.0,C0190
2025-08-17,Osaka,P012,A,2,3660,7320.0,C0015
2025-08-17,Osaka,P014,C,4,1840,7360.0,C0143
2025-08-17,Osaka,P004,B,2,2100,4200.0,C0258
2025-08-17,Osaka,P011,C,4,4170,16680.0,C0218
2025-08-17,Osaka,P003,A,4,4130,16520.0,C0038
2025-08-17,Osaka,P002,C,4,2560,10240.0,C0099
2025-08-17,Osaka,P006,A,4,2450,9800.0,C0111
2025-08-17,Osaka,P006,A,1,1140,1140.0,C0124
2025-08-17,Osaka,P001,B,4,2690,10760.0,C0150
2025-08-17,Nagoya,P012,A,2,1140,2280.0,C0147
2025-08-17,Nagoya,P003,A,3,3250,9750.0,C0142
2025-08-17,Nagoya,P006,A,3,3720,11160.0,C0263
2025-08-17,Nagoya,P015,A,1,3630,3630.0,C0026
2025-08-17,Nagoya,P007,B,3,3160,9480.0,C0242
2025-08-17,Nagoya,P014,C,4,3690,14760.0,C0202
2025-08-17,Nagoya,P013,B,1,2200,2200.0,C0103
2025-08-17,Nagoya,P012,A,2,1550,3100.0,C0239
2025-08-17,Nagoya,P012,A,3,4520,13560.0,C0237
2025-08-17,Nagoya,P014,C,2,1460,2920.0,C0103
2025-08-17,Nagoya,P013,B,4,1430,5720.0,C0256
2025-08-17,Nagoya,P008,C,4,3730,14920.0,C0018
2025-08-17,Nagoya,P008,C,1,2350,2350.0,C0227
2025-08-18,Tokyo,P011,C,3,1050,3150.0,C0175
2025-08-18,Tokyo,P008,C,3,1850,5550.0,C0212
2025-08-18,Tokyo,P010,B,2,1220,2440.0,C0021
2025-08-18,Tokyo,P006,A,3,4980,14940.0,C0217
2025-08-18,Tokyo,P008,C,2,1670,3340.0,C0043
2025-08-18,Tokyo,P002,C,4,1060,4240.0,C0259
2025-08-18,Tokyo,P009,A,3,4830,14490.0,C0236
2025-08-18,Tokyo,P003,A,4,1700,6800.0,C0171
2025-08-18,Tokyo,P010,B,1,3520,,C0192
2025-08-18,Tokyo,P015,A,4,2590,10360.0,C0207
2025-08-18,Tokyo,P013,B,1,3730,3730.0,C0275
2025-08-18,Tokyo,P002,C,4,1240,4960.0,C0121
2025-08-18,Tokyo,P013,B,4,3910,15640.0,C0216
2025-08-18,Tokyo,P004,B,4,3630,14520.0,C0283
2025-08-18,Tokyo,P010,B,1,3040,3040.0,C0232
2025-08-18,Tokyo,P012,A,2,1680,3360.0,C0260
2025-08-18,Osaka,P014,C,3,4310,12930.0,C0121
2025-08-18,Osaka,P012,A,2,4170,8340.0,C0044
2025-08-18,Osaka,P005,C,1,2620,2620.0,C0244
2025-08-18,Osaka,P002,C,3,4320,12960.0,C0201
2025-08-18,Osaka,P010,B,1,3450,3450.0,C0068
2025-08-18,Osaka,P004,B,4,3460,13840.0,C0298
2025-08-18,Osaka,P007,B,2,4980,9960.0,C0187
2025-08-18,Osaka,P013,B,1,3100,3100.0,C0245
2025-08-18,Osaka,P013,B,3,1650,4950.0,C0164
2025-08-18,Osaka,P002,C,4,3520,14080.0,C0058
2025-08-18,Osaka,P011,C,3,1210,3630.0,C0027
2025-08-18,Osaka,P004,B,1,3140,3140.0,C0264
2025-08-18,Osaka,P001,B,3,2690,8070.0,C0251
2025-08-18,Osaka,P008,C,3,4680,14040.0,C0041
2025-08-18,Osaka,P005,C,2,1670,3340.0,C0194
2025-08-18,Osaka,P001,B,2,1480,2960.0,C0184
2025-08-18,Osaka,P012,A,2,2770,5540.0,C0135
2025-08-18,Osaka,P003,A,2,4730,9460.0,C0013
2025-08-18,Nagoya,P003,A,1,2140,2140.0,C0081
2025-08-18,Nagoya,P005,C,4,4610,18440.0,C0208
2025-08-18,Nagoya,P003,A,4,4380,17520.0,C0023
2025-08-18,Nagoya,P006,A,4,1350,5400.0,C0023
2025-08-18,Nagoya,P010,B,2,2760,5520.0,C0225
2025-08-18,Nagoya,P009,A,3,1500,4500.0,C0001
2025-08-18,Nagoya,P004,B,1,2290,2290.0,C0233
2025-08-18,Nagoya,P003,A,1,1800,1800.0,C0098
2025-08-18,Nagoya,P003,A,1,3310,3310.0,C0034
2025-08-18,Nagoya,P003,A,4,1070,4280.0,C0019
2025-08-18,Nagoya,P002,C,3,3770,11310.0,C0208
2025-08-18,Nagoya,P011,C,1,2370,2370.0,C0190
2025-08-18,Nagoya,P011,C,2,4380,8760.0,C0250
2025-08-18,Nagoya,P012,A,4,4900,19600.0,C0238
2025-08-18,Nagoya,P009,A,2,2440,4880.0,C0246
2025-08-18,Nagoya,P005,C,3,3010,9030.0,C0114
2025-08-18,Nagoya,P007,B,1,3830,3830.0,C0020
2025-08-19,Tokyo,P004,B,3,2190,6570.0,C0264
2025-08-19,Tokyo,P014,C,2,4990,9980.0,C0027
2025-08-19,Tokyo,P003,A,2,4770,9540.0,C0151
2025-08-19,Tokyo,P011,C,3,2990,8970.0,C0279
2025-08-19,Tokyo,P015,A,2,3850,7700.0,C0187
2025-08-19,Tokyo,P009,A,1,1830,1830.0,C0297
2025-08-19,Tokyo,P004,B,3,4640,13920.0,C0181
2025-08-19,Tokyo,P004,B,4,1120,4480.0,C0217
2025-08-19,Tokyo,P004,B,3,2920,8760.0,C0171
2025-08-19,Tokyo,P006,A,3,4740,14220.0,C0248
2025-08-19,Osaka,P015,A,4,3500,14000.0,C0178
2025-08-19,Osaka,P001,B,3,1850,5550.0,C0048
2025-08-19,Osaka,P013,B,2,3460,6920.0,C0260
2025-08-19,Osaka,P009,A,4,4100,16400.0,C0134
2025-08-19,Osaka,P014,C,4,2350,9400.0,C0245
2025-08-19,Osaka,P003,A,1,3120,3120.0,C0182
2025-08-19,Osaka,P009,A,4,2560,10240.0,C0242
2025-08-19,Osaka,P014,C,1,2790,2790.0,C0068
2025-08-19,Osaka,P010,B,2,2120,4240.0,C0076
2025-08-19,Osaka,P006,A,1,1410,1410.0,C0189
2025-08-19,Osaka,P015,A,3,4700,14100.0,C0047
2025-08-19,Osaka,P015,A,3,3970,11910.0,C0019
2025-08-19,Osaka,P010,B,2,4590,9180.0,C0237
2025-08-19,Osaka,P013,B,4,3880,15520.0,C0074
2025-08-19,Nagoya,P013,B,3,4560,13680.0,C0238
2025-08-19,Nagoya,P010,B,1,4920,4920.0,C0073
2025-08-19,Nagoya,P004,B,1,1270,1270.0,C0113
2025-08-19,Nagoya,P013,B,4,2960,11840.0,C0095
2025-08-19,Nagoya,P006,A,4,1220,4880.0,C0018
2025-08-19,Nagoya,P001,B,4,1360,5440.0,C0282
2025-08-19,Nagoya,P003,A,3,4880,14640.0,C0035
2025-08-19,Nagoya,P005,C,3,4260,12780.0,C0272
2025-08-19,Nagoya,P001,B,4,2280,9120.0,C0167
2025-08-19,Nagoya,P014,C,4,1740,6960.0,C0141
2025-08-19,Nagoya,P005,C,3,4300,12900.0,C0096
2025-08-19,Nagoya,P002,C,1,1210,1210.0,C0110
2025-08-20,Tokyo,P004,B,2,3690,7380.0,C0197
2025-08-20,Tokyo,P005,C,1,1620,,C0066
2025-08-20,Tokyo,P002,C,2,3580,7160.0,C0202
2025-08-20,Tokyo,P014,C,2,3610,7220.0,C0265
2025-08-20,Tokyo,P001,B,4,1350,5400.0,C0165
2025-08-20,Tokyo,P013,B,2,3230,6460.0,C0186
2025-08-20,Tokyo,P009,A,3,4430,13290.0,C0041
2025-08-20,Tokyo,P007,B,4,2520,10080.0,C0147
2025-08-20,Tokyo,P012,A,4,2000,8000.0,C0286
2025-08-20,Tokyo,P011,C,1,4440,4440.0,C0115
2025-08-20,Tokyo,P005,C,3,3300,9900.0,C0162
2025-08-20,Tokyo,P001,B,4,2360,9440.0,C0043
2025-08-20,Tokyo,P009,A,3,1410,4230.0,C0282
2025-08-20,Tokyo,P010,B,4,3680,14720.0,C0004
2025-08-20,Tokyo,P004,B,4,3230,12920.0,C0037
2025-08-20,Tokyo,P002,C,3,3370,10110.0,C0074
2025-08-20,Tokyo,P003,A,3,2740,8220.0,C0012
2025-08-20,Tokyo,P001,B,1,3250,3250.0,C0090
2025-08-20,Tokyo,P001,B,4,3770,15080.0,C0175
2025-08-20,Osaka,P011,C,4,3700,14800.0,C0089
2025-08-20,Osaka,P006,A,4,1050,4200.0,C0067
2025-08-20,Osaka,P002,C,3,2830,8490.0,C0040
2025-08-20,Osaka,P015,A,3,1990,5970.0,C0283
2025-08-20,Osaka,P011,C,1,4300,4300.0,C0018
2025-08-20,Osaka,P014,C,2,2170,4340.0,C0016
2025-08-20,Osaka,P014,C,3,3430,10290.0,C0255
2025-08-20,Osaka,P008,C,2,4110,8220.0,C0159
2025-08-20,Osaka,P004,B,4,4250,17000.0,C0074
2025-08-20,Osaka,P010,B,4,4190,16760.0,C0060
2025-08-20,Osaka,P013,B,1,3460,3460.0,C0153
2025-08-20,Osaka,P001,B,3,2190,6570.0,C0255
2025-08-20,Nagoya,P009,A,3,1200,3600.0,C0267
2025-08-20,Nagoya,P011,C,2,1340,2680.0,C0151
2025-08-20,Nagoya,P014,C,4,1390,5560.0,C0228
2025-08-20,Nagoya,P002,C,2,2780,5560.0,C0007
2025-08-20,Nagoya,P003,A,4,3510,14040.0,C0236
2025-08-20,Nagoya,P009,A,2,1070,2140.0,C0164
2025-08-20,Nagoya,P012,A,1,2960,2960.0,C0124
2025-08-20,Nagoya,P014,C,1,1420,1420.0,C0063
2025-08-20,Nagoya,P003,A,4,2040,8160.0,C0109
2025-08-20,Nagoya,P004,B,4,3650,14600.0,C0142
2025-08-20,Nagoya,P012,A,1,3710,3710.0,C0109
2025-08-20,Nagoya,P006,A,1,1380,1380.0,C0208
2025-08-20,Nagoya,P013,B,4,1970,7880.0,C0229
2025-08-20,Nagoya,P002,C,4,3260,13040.0,C0258
2025-08-20,Nagoya,P002,C,4,2860,11440.0,C0171
2025-08-20,Nagoya,P009,A,3,3390,10170.0,C0125
2025-08-20,Nagoya,P007,B,1,3890,3890.0,C0211
2025-08-20,Nagoya,P009,A,3,2070,6210.0,C0067
2025-08-21,Tokyo,P015,A,4,1210,4840.0,C0165
2025-08-21,Tokyo,P012,A,1,4870,4870.0,C0236
2025-08-21,Tokyo,P005,C,3,4640,13920.0,C0256
2025-08-21,Tokyo,P013,B,4,3970,15880.0,C0280
2025-08-21,Tokyo,P015,A,1,3610,3610.0,C0100
2025-08-21,Tokyo,P008,C,1,3700,3700.0,C0250
2025-08-21,Tokyo,P007,B,3,2290,6870.0,C0225
2025-08-21,Tokyo,P002,C,4,2510,10040.0,C0151
2025-08-21,Tokyo,P013,B,1,4780,4780.0,C0184
2025-08-21,Tokyo,P015,A,3,1820,5460.0,C0175
2025-08-21,Tokyo,P009,A,4,3300,13200.0,C0122
2025-08-21,Tokyo,P003,A,2,3320,6640.0,C0111
2025-08-21,Tokyo,P006,A,1,4760,4760.0,C0251
2025-08-21,Tokyo,P004,B,1,4330,4330.0,C0251
2025-08-21,Tokyo,P014,C,3,3940,11820.0,C0219
2025-08-21,Tokyo,P004,B,3,2040,6120.0,C0226
2025-08-21,Tokyo,P015,A,1,1300,1300.0,C0079
2025-08-21,Tokyo,P002,C,1,4910,4910.0,C0175
2025-08-21,Tokyo,P012,A,3,3980,11940.0,C0206
2025-08-21,Osaka,P003,A,2,2480,4960.0,C0252
2025-08-21,Osaka,P005,C,2,3110,6220.0,C0058
2025-08-21,Osaka,P013,B,1,4390,4390.0,C0187
2025-08-21,Osaka,P014,C,2,4600,9200.0,C0259
2025-08-21,Osaka,P007,B,2,1780,3560.0,C0046
2025-08-21,Osaka,P009,A,4,3260,13040.0,C0289
2025-08-21,Osaka,P012,A,3,3890,11670.0,C0278
2025-08-21,Osaka,P013,B,1,3330,3330.0,C0138
2025-08-21,Osaka,P014,C,1,4270,4270.0,C0144
2025-08-21,Osaka,P014,C,4,2370,9480.0,C0253
2025-08-21,Osaka,P003,A,1,3020,3020.0,C0117
2025-08-21,Nagoya,P015,A,1,3350,3350.0,C0079
2025-08-21,Nagoya,P005,C,1,2550,2550.0,C0200
2025-08-21,Nagoya,P005,C,3,2790,8370.0,C0235
2025-08-21,Nagoya,P007,B,2,3020,6040.0,C0206
2025-08-21,Nagoya,P007,B,4,3060,12240.0,C0089
2025-08-21,Nagoya,P001,B,2,1210,2420.0,C0011
2025-08-21,Nagoya,P006,A,2,4530,9060.0,C0219
2025-08-21,Nagoya,P012,A,3,1440,4320.0,C0255
2025-08-21,Nagoya,P008,C,2,3410,6820.0,C0049
2025-08-21,Nagoya,P008,C,3,3790,11370.0,C0150
2025-08-21,Nagoya,P015,A,4,1380,5520.0,C0025
2025-08-22,Tokyo,P013,B,3,1860,5580.0,C0169
2025-08-22,Tokyo,P015,A,1,2780,2780.0,C0191
2025-08-22,Tokyo,P006,A,1,3670,3670.0,C0222
2025-08-22,Tokyo,P010,B,3,3620,10860.0,C0099
2025-08-22,Tokyo,P001,B,4,1810,7240.0,C0248
2025-08-22,Tokyo,P009,A,3,1080,3240.0,C0297
2025-08-22,Tokyo,P008,C,4,4110,16440.0,C0042
2025-08-22,Tokyo,P015,A,3,1740,5220.0,C0174
2025-08-22,Tokyo,P010,B,3,2280,6840.0,C0282
2025-08-22,Tokyo,P004,B,2,4350,8700.0,C0024
2025-08-22,Tokyo,P007,B,2,4090,8180.0,C0236
2025-08-22,Tokyo,P012,A,2,2960,5920.0,C0009
2025-08-22,Tokyo,P013,B,2,2860,5720.0,C0204
2025-08-22,Tokyo,P012,A,1,4060,4060.0,C0113
2025-08-22,Tokyo,P007,B,1,3860,3860.0,C0143
2025-08-22,Osaka,P003,A,3,1430,4290.0,C0156
2025-08-22,Osaka,P011,C,4,1630,6520.0,C0089
2025-08-22,Osaka,P003,A,4,3370,13480.0,C0295
2025-08-22,Osaka,P001,B,3,1130,3390.0,C0033
2025-08-22,Osaka,P007,B,2,2460,4920.0,C0021
2025-08-22,Osaka,P009,A,2,4970,9940.0,C0237
2025-08-22,Osaka,P007,B,4,3300,13200.0,C0149
2025-08-22,Osaka,P014,C,3,2930,8790.0,C0170
2025-08-22,Osaka,P012,A,3,3190,9570.0,C0053
2025-08-22,Osaka,P010,B,2,4730,9460.0,C0272
2025-08-22,Osaka,P001,B,4,4600,18400.0,C0272
2025-08-22,Nagoya,P005,C,3,4530,13590.0,C0135
2025-08-22,Nagoya,P015,A,2,4410,8820.0,C0020
2025-08-22,Nagoya,P013,B,4,3810,15240.0,C0187
2025-08-22,Nagoya,P007,B,4,1500,6000.0,C0087
2025-08-22,Nagoya,P002,C,2,3090,6180.0,C0101
2025-08-22,Nagoya,P007,B,1,2410,2410.0,C0149
2025-08-22,Nagoya,P004,B,4,4580,18320.0,C0262
2025-08-22,Nagoya,P001,B,2,4180,8360.0,C0105
2025-08-22,Nagoya,P004,B,3,1000,3000.0,C0184
2025-08-22,Nagoya,P007,B,3,3730,11190.0,C0161
2025-08-22,Nagoya,P009,A,1,4920,4920.0,C0023
2025-08-22,Nagoya,P015,A,4,3870,15480.0,C0224
2025-08-22,Nagoya,P001,B,4,3110,12440.0,C0102
2025-08-22,Nagoya,P011,C,3,2440,7320.0,C0097
2025-08-23,Tokyo,P014,C,3,2150,6450.0,C0217
2025-08-23,Tokyo,P011,C,1,1700,1700.0,C0070
2025-08-23,Tokyo,P002,C,4,1620,6480.0,C0243
2025-08-23,Tokyo,P008,C,1,4370,4370.0,C0052
2025-08-23,Tokyo,P015,A,1,3490,3490.0,C0094
2025-08-23,Tokyo,P009,A,4,4140,16560.0,C0085
2025-08-23,Tokyo,P001,B,2,4230,8460.0,C0155
2025-08-23,Tokyo,P012,A,2,3110,6220.0,C0020
2025-08-23,Tokyo,P001,B,3,1800,5400.0,C0108
2025-08-23,Tokyo,P006,A,3,4760,14280.0,C0227
2025-08-23,Tokyo,P010,B,4,3040,12160.0,C0044
2025-08-23,Osaka,P015,A,4,2390,9560.0,C0097
2025-08-23,Osaka,P014,C,1,4730,4730.0,C0203
2025-08-23,Osaka,P013,B,2,3590,7180.0,C0098
2025-08-23,Osaka,P001,B,2,4910,9820.0,C0073
2025-08-23,Osaka,P003,A,4,4640,18560.0,C0254
2025-08-23,Osaka,P015,A,4,4670,18680.0,C0289
2025-08-23,Osaka,P012,A,2,2830,5660.0,C0114
2025-08-23,Osaka,P008,C,3,1960,5880.0,C0005
2025-08-23,Osaka,P010,B,4,4440,17760.0,C0004
2025-08-23,Osaka,P009,A,3,2690,8070.0,C0200
2025-08-23,Osaka,P007,B,4,4630,18520.0,C0193
2025-08-23,Osaka,P007,B,3,4600,13800.0,C0090
2025-08-23,Osaka,P014,C,3,1250,3750.0,C0225
2025-08-23,Osaka,P004,B,3,4800,14400.0,C0234
2025-08-23,Nagoya,P002,C,4,2340,9360.0,C0015
2025-08-23,Nagoya,P015,A,1,2290,2290.0,C0043
2025-08-23,Nagoya,P010,B,4,3070,12280.0,C0260
2025-08-23,Nagoya,P015,A,4,1650,6600.0,C0062
2025-08-23,Nagoya,P005,C,3,4440,13320.0,C0094
2025-08-23,Nagoya,P010,B,1,3170,3170.0,C0234
2025-08-23,Nagoya,P006,A,1,2640,2640.0,C0228
2025-08-23,Nagoya,P015,A,3,3680,11040.0,C0126
2025-08-23,Nagoya,P014,C,4,4880,19520.0,C0259
2025-08-23,Nagoya,P009,A,4,3430,13720.0,C0180
2025-08-23,Nagoya,P010,B,1,4350,4350.0,C0109
2025-08-23,Nagoya,P010,B,4,1450,5800.0,C0090
2025-08-23,Nagoya,P015,A,2,3640,7280.0,C0168
2025-08-23,Nagoya,P014,C,3,2690,8070.0,C0005
2025-08-23,Nagoya,P008,C,3,3750,11250.0,C0234
2025-08-23,Nagoya,P012,A,2,1310,2620.0,C0077
2025-08-24,Tokyo,P015,A,4,4570,18280.0,C0297
2025-08-24,Tokyo,P002,C,1,3290,3290.0,C0080
2025-08-24,Tokyo,P014,C,2,1030,2060.0,C0067
2025-08-24,Tokyo,P006,A,1,2260,2260.0,C0162
2025-08-24,Tokyo,P014,C,3,1370,4110.0,C0125
2025-08-24,Tokyo,P012,A,2,3250,6500.0,C0295
2025-08-24,Tokyo,P003,A,2,3430,6860.0,C0239
2025-08-24,Tokyo,P013,B,2,2860,5720.0,C0249
2025-08-24,Tokyo,P013,B,4,3670,14680.0,C0081
2025-08-24,Tokyo,P006,A,3,2010,6030.0,C0204
2025-08-24,Tokyo,P008,C,2,2420,4840.0,C0232
2025-08-24,Tokyo,P007,B,2,2530,5060.0,C0145
2025-08-24,Tokyo,P010,B,4,2360,9440.0,C0054
2025-08-24,Tokyo,P015,A,1,4610,4610.0,C0043
2025-08-24,Osaka,P015,A,1,1630,1630.0,C0183
2025-08-24,Osaka,P003,A,1,3770,3770.0,C0287
2025-08-24,Osaka,P012,A,4,3100,12400.0,C0184
2025-08-24,Osaka,P015,A,3,1150,3450.0,C0072
2025-08-24,Osaka,P010,B,4,3420,13680.0,C0122
2025-08-24,Osaka,P005,C,3,4590,13770.0,C0084
2025-08-24,Osaka,P009,A,2,1980,3960.0,C0122
2025-08-24,Osaka,P002,C,3,1420,4260.0,C0142
2025-08-24,Osaka,P014,C,1,2000,2000.0,C0216
2025-08-24,Osaka,P014,C,4,1480,5920.0,C0072
2025-08-24,Osaka,P015,A,3,4330,12990.0,C0005
2025-08-24,Osaka,P002,C,1,1340,1340.0,C0267
2025-08-24,Osaka,P013,B,2,1310,2620.0,C0032
2025-08-24,Nagoya,P011,C,4,3150,12600.0,C0272
2025-08-24,Nagoya,P014,C,4,1310,5240.0,C0267
2025-08-24,Nagoya,P014,C,3,3390,10170.0,C0234
2025-08-24,Nagoya,P009,A,2,3780,7560.0,C0235
2025-08-24,Nagoya,P003,A,3,1690,5070.0,C0172
2025-08-24,Nagoya,P002,C,4,3670,14680.0,C0141
2025-08-24,Nagoya,P008,C,3,1490,4470.0,C0153
2025-08-24,Nagoya,P011,C,2,2910,5820.0,C0099
2025-08-24,Nagoya,P003,A,4,3370,13480.0,C0118
2025-08-24,Nagoya,P006,A,3,1430,4290.0,C0170
2025-08-24,Nagoya,P004,B,4,4130,16520.0,C0227
2025-08-24,Nagoya,P003,A,1,2830,2830.0,C0107
2025-08-25,Tokyo,P011,C,2,1640,3280.0,C0097
2025-08-25,Tokyo,P008,C,2,2270,4540.0,C0072
2025-08-25,Tokyo,P001,B,3,4980,14940.0,C0285
2025-08-25,Tokyo,P014,C,3,3990,11970.0,C0020
2025-08-25,Tokyo,P004,B,3,4950,14850.0,C0272
2025-08-25,Tokyo,P010,B,1,4860,4860.0,C0096
2025-08-25,Tokyo,P001,B,4,1690,6760.0,C0091
2025-08-25,Tokyo,P011,C,4,4620,18480.0,C0049
2025-08-25,Tokyo,P003,A,4,2260,9040.0,C0024
2025-08-25,Tokyo,P009,A,3,4990,14970.0,C0146
2025-08-25,Tokyo,P012,A,3,4690,14070.0,C0146
2025-08-25,Tokyo,P011,C,4,4500,18000.0,C0120
2025-08-25,Tokyo,P008,C,3,1490,4470.0,C0070
2025-08-25,Tokyo,P011,C,1,3400,3400.0,C0145
2025-08-25,Tokyo,P008,C,4,2090,8360.0,C0237
2025-08-25,Tokyo,P012,A,4,4280,17120.0,C0152
2025-08-25,Tokyo,P006,A,4,4710,18840.0,C0084
2025-08-25,Osaka,P008,C,1,2250,2250.0,C0050
2025-08-25,Osaka,P012,A,2,3410,6820.0,C0024
2025-08-25,Osaka,P009,A,3,3750,11250.0,C0238
2025-08-25,Osaka,P002,C,3,2920,8760.0,C0268
2025-08-25,Osaka,P011,C,4,1100,4400.0,C0134
2025-08-25,Osaka,P011,C,1,3600,3600.0,C0070
2025-08-25,Osaka,P002,C,3,2700,8100.0,C0122
2025-08-25,Osaka,P005,C,3,3470,10410.0,C0200
2025-08-25,Osaka,P012,A,3,1290,3870.0,C0048
2025-08-25,Osaka,P015,A,2,2710,5420.0,C0113
2025-08-25,Osaka,P015,A,4,2930,11720.0,C0204
2025-08-25,Osaka,P009,A,3,4810,14430.0,C0201
2025-08-25,Osaka,P002,C,3,4270,12810.0,C0012
2025-08-25,Nagoya,P004,B,3,1560,4680.0,C0187
2025-08-25,Nagoya,P001,B,4,2270,9080.0,C0122
2025-08-25,Nagoya,P012,A,2,1460,2920.0,C0271
2025-08-25,Nagoya,P002,C,2,1490,2980.0,C0209
2025-08-25,Nagoya,P005,C,4,1800,7200.0,C0201
2025-08-25,Nagoya,P001,B,1,2100,2100.0,C0265
2025-08-25,Nagoya,P015,A,3,2340,7020.0,C0094
2025-08-25,Nagoya,P004,B,2,2980,5960.0,C0205
2025-08-25,Nagoya,P004,B,1,3230,3230.0,C0073
2025-08-25,Nagoya,P007,B,3,4580,13740.0,C0160
2025-08-25,Nagoya,P014,C,2,3850,7700.0,C0293
2025-08-25,Nagoya,P004,B,3,2890,8670.0,C0264
2025-08-25,Nagoya,P005,C,4,4190,16760.0,C0211
2025-08-26,Tokyo,P002,C,3,2910,8730.0,C0097
2025-08-26,Tokyo,P013,B,2,2830,5660.0,C0097
2025-08-26,Tokyo,P015,A,2,2030,4060.0,C0202
2025-08-26,Tokyo,P001,B,3,3250,9750.0,C0073
2025-08-26,Tokyo,P012,A,1,4920,4920.0,C0256
2025-08-26,Tokyo,P003,A,2,1780,3560.0,C0186
2025-08-26,Tokyo,P006,A,2,4820,9640.0,C0186
2025-08-26,Tokyo,P014,C,3,2890,8670.0,C0005
2025-08-26,Tokyo,P002,C,3,3010,9030.0,C0151
2025-08-26,Tokyo,P013,B,1,3630,3630.0,C0224
2025-08-26,Osaka,P004,B,2,1210,2420.0,C0053
2025-08-26,Osaka,P013,B,3,4460,13380.0,C0207
2025-08-26,Osaka,P004,B,4,3750,15000.0,C0058
2025-08-26,Osaka,P001,B,4,3880,15520.0,C0027
2025-08-26,Osaka,P007,B,4,4160,16640.0,C0245
2025-08-26,Osaka,P006,A,1,2400,2400.0,C0206
2025-08-26,Osaka,P013,B,3,1150,3450.0,C0177
2025-08-26,Osaka,P003,A,3,2640,7920.0,C0160
2025-08-26,Osaka,P009,A,3,1020,3060.0,C0289
2025-08-26,Osaka,P009,A,3,2510,7530.0,C0032
2025-08-26,Osaka,P010,B,2,4620,9240.0,C0197
2025-08-26,Osaka,P007,B,1,3210,3210.0,C0253
2025-08-26,Osaka,P007,B,3,1470,4410.0,C0122
2025-08-26,Osaka,P012,A,2,4540,9080.0,C0123
2025-08-26,Osaka,P013,B,3,4790,14370.0,C0160
2025-08-26,Osaka,P008,C,2,3600,7200.0,C0294
2025-08-26,Nagoya,P015,A,4,4070,16280.0,C0174
2025-08-26,Nagoya,P013,B,2,3530,7060.0,C0241
2025-08-26,Nagoya,P013,B,3,2540,7620.0,C0284
2025-08-26,Nagoya,P011,C,4,3490,13960.0,C0263
2025-08-26,Nagoya,P008,C,3,4210,12630.0,C0155
2025-08-26,Nagoya,P004,B,4,2500,10000.0,C0032
2025-08-26,Nagoya,P006,A,1,4510,4510.0,C0295
2025-08-26,Nagoya,P004,B,4,3840,15360.0,C0286
2025-08-26,Nagoya,P003,A,1,4680,4680.0,C0081
2025-08-26,Nagoya,P009,A,4,2370,9480.0,C0027
2025-08-26,Nagoya,P012,A,2,1090,2180.0,C0103
2025-08-27,Tokyo,P014,C,1,3070,3070.0,C0055
2025-08-27,Tokyo,P005,C,2,3090,6180.0,C0199
2025-08-27,Tokyo,P002,C,1,3920,3920.0,C0088
2025-08-27,Tokyo,P010,B,1,3400,3400.0,C0272
2025-08-27,Tokyo,P007,B,3,2170,,C0086
2025-08-27,Tokyo,P001,B,2,4780,9560.0,C0035
2025-08-27,Tokyo,P007,B,4,2980,11920.0,C0228
2025-08-27,Tokyo,P006,A,3,4950,14850.0,C0179
2025-08-27,Tokyo,P012,A,3,1380,4140.0,C0048
2025-08-27,Tokyo,P010,B,2,2930,5860.0,C0145
2025-08-27,Tokyo,P012,A,4,4980,19920.0,C0024
2025-08-27,Tokyo,P012,A,3,4450,13350.0,C0128
2025-08-27,Tokyo,P008,C,2,2490,4980.0,C0074
2025-08-27,Tokyo,P010,B,1,3990,3990.0,C0252
2025-08-27,Tokyo,P004,B,1,3010,3010.0,C0254
2025-08-27,Osaka,P007,B,1,4400,4400.0,C0264
2025-08-27,Osaka,P002,C,1,1620,1620.0,C0243
2025-08-27,Osaka,P014,C,2,1630,3260.0,C0199
2025-08-27,Osaka,P014,C,4,2780,11120.0,C0234
2025-08-27,Osaka,P015,A,4,2890,11560.0,C0079
2025-08-27,Osaka,P006,A,2,4950,9900.0,C0220
2025-08-27,Osaka,P013,B,4,2900,11600.0,C0237
2025-08-27,Osaka,P010,B,3,2200,6600.0,C0070
2025-08-27,Osaka,P003,A,2,4910,9820.0,C0282
2025-08-27,Osaka,P003,A,3,4760,14280.0,C0226
2025-08-27,Osaka,P010,B,3,2300,6900.0,C0277
2025-08-27,Nagoya,P014,C,4,2040,8160.0,C0154
2025-08-27,Nagoya,P014,C,2,2200,4400.0,C0021
2025-08-27,Nagoya,P007,B,2,4400,8800.0,C0258
2025-08-27,Nagoya,P005,C,1,2160,2160.0,C0121
2025-08-27,Nagoya,P011,C,1,4990,4990.0,C0210
2025-08-27,Nagoya,P002,C,2,3800,7600.0,C0151
2025-08-27,Nagoya,P008,C,1,2640,2640.0,C0184
2025-08-27,Nagoya,P012,A,2,3210,6420.0,C0067
2025-08-27,Nagoya,P012,A,3,3970,11910.0,C0200
2025-08-27,Nagoya,P015,A,4,4240,16960.0,C0101
2025-08-28,Tokyo,P001,B,4,4590,18360.0,C0195
2025-08-28,Tokyo,P011,C,1,3260,3260.0,C0182
2025-08-28,Tokyo,P003,A,4,2340,9360.0,C0059
2025-08-28,Tokyo,P011,C,2,3140,6280.0,C0163
2025-08-28,Tokyo,P010,B,2,4250,8500.0,C0262
2025-08-28,Tokyo,P008,C,1,2110,2110.0,C0231
2025-08-28,Tokyo,P004,B,4,3640,14560.0,C0134
2025-08-28,Tokyo,P002,C,3,3770,11310.0,C0046
2025-08-28,Tokyo,P013,B,1,2650,2650.0,C0159
2025-08-28,Tokyo,P012,A,1,2340,2340.0,C0242
2025-08-28,Osaka,P010,B,2,1220,2440.0,C0154
2025-08-28,Osaka,P006,A,2,4430,8860.0,C0232
2025-08-28,Osaka,P005,C,3,3870,11610.0,C0016
2025-08-28,Osaka,P002,C,3,4720,14160.0,C0278
2025-08-28,Osaka,P007,B,3,2960,8880.0,C0271
2025-08-28,Osaka,P009,A,4,2450,9800.0,C0279
2025-08-28,Osaka,P011,C,4,1050,4200.0,C0242
2025-08-28,Osaka,P003,A,4,1750,7000.0,C0247
2025-08-28,Osaka,P010,B,2,4560,9120.0,C0117
2025-08-28,Osaka,P001,B,1,4400,4400.0,C0115
2025-08-28,Osaka,P013,B,1,1300,1300.0,C0296
2025-08-28,Osaka,P003,A,3,2400,7200.0,C0150
2025-08-28,Osaka,P002,C,2,4030,8060.0,C0161
2025-08-28,Nagoya,P015,A,2,4210,8420.0,C0217
2025-08-28,Nagoya,P007,B,2,2410,4820.0,C0261
2025-08-28,Nagoya,P005,C,3,1490,4470.0,C0104
2025-08-28,Nagoya,P015,A,3,4280,12840.0,C0078
2025-08-28,Nagoya,P012,A,4,4700,18800.0,C0131
2025-08-28,Nagoya,P011,C,4,4250,17000.0,C0293
2025-08-28,Nagoya,P001,B,3,4160,12480.0,C0219
2025-08-28,Nagoya,P003,A,3,1660,4980.0,C0028
2025-08-28,Nagoya,P002,C,4,2080,8320.0,C0137
2025-08-28,Nagoya,P004,B,4,4550,18200.0,C0197
2025-08-28,Nagoya,P013,B,1,4990,4990.0,C0125
2025-08-28,Nagoya,P007,B,1,4500,4500.0,C0051
2025-08-28,Nagoya,P013,B,3,4080,12240.0,C0009
2025-08-28,Nagoya,P012,A,4,2570,10280.0,C0135
2025-08-28,Nagoya,P002,C,2,3690,7380.0,C0090
